{"type":"FeatureCollection","features":[{"type":"Feature","id":16,"properties":{"mascon_id":16,"cells":360,"land_cells":34,"land_fraction":0.094},"geometry":{"type":"Polygon","coordinates":[[[-90.0,82.5],[-60.0,82.5],[-60.0,85.5],[-90.0,85.5],[-90.0,82.5]]]}},{"type":"Feature","id":17,"properties":{"mascon_id":17,"cells":360,"land_cells":53,"land_fraction":0.147},"geometry":{"type":"Polygon","coordinates":[[[-60.0,82.5],[-30.0,82.5],[-30.0,85.5],[-60.0,85.5],[-60.0,82.5]]]}},{"type":"Feature","id":18,"properties":{"mascon_id":18,"cells":360,"land_cells":28,"land_fraction":0.078},"geometry":{"type":"Polygon","coordinates":[[[-30.0,82.5],[0.0,82.5],[0.0,85.5],[-30.0,85.5],[-30.0,82.5]]]}},{"type":"Feature","id":19,"properties":{"mascon_id":19,"cells":240,"land_cells":9,"land_fraction":0.037},"geometry":{"type":"Polygon","coordinates":[[[0.0,79.5],[20.0,79.5],[20.0,82.5],[0.0,82.5],[0.0,79.5]]]}},{"type":"Feature","id":20,"properties":{"mascon_id":20,"cells":240,"land_cells":19,"land_fraction":0.079},"geometry":{"type":"Polygon","coordinates":[[[20.0,79.5],[40.0,79.5],[40.0,82.5],[20.0,82.5],[20.0,79.5]]]}},{"type":"Feature","id":21,"properties":{"mascon_id":21,"cells":240,"land_cells":11,"land_fraction":0.046},"geometry":{"type":"Polygon","coordinates":[[[40.0,79.5],[60.0,79.5],[60.0,82.5],[40.0,82.5],[40.0,79.5]]]}},{"type":"Feature","id":23,"properties":{"mascon_id":23,"cells":240,"land_cells":35,"land_fraction":0.146},"geometry":{"type":"Polygon","coordinates":[[[80.0,79.5],[100.0,79.5],[100.0,82.5],[80.0,82.5],[80.0,79.5]]]}},{"type":"Feature","id":32,"properties":{"mascon_id":32,"cells":240,"land_cells":140,"land_fraction":0.583},"geometry":{"type":"Polygon","coordinates":[[[-100.0,79.5],[-80.0,79.5],[-80.0,82.5],[-100.0,82.5],[-100.0,79.5]]]}},{"type":"Feature","id":33,"properties":{"mascon_id":33,"cells":240,"land_cells":197,"land_fraction":0.821},"geometry":{"type":"Polygon","coordinates":[[[-80.0,79.5],[-60.0,79.5],[-60.0,82.5],[-80.0,82.5],[-80.0,79.5]]]}},{"type":"Feature","id":34,"properties":{"mascon_id":34,"cells":240,"land_cells":220,"land_fraction":0.917},"geometry":{"type":"Polygon","coordinates":[[[-60.0,79.5],[-40.0,79.5],[-40.0,82.5],[-60.0,82.5],[-60.0,79.5]]]}},{"type":"Feature","id":35,"properties":{"mascon_id":35,"cells":240,"land_cells":233,"land_fraction":0.971},"geometry":{"type":"Polygon","coordinates":[[[-40.0,79.5],[-20.0,79.5],[-20.0,82.5],[-40.0,82.5],[-40.0,79.5]]]}},{"type":"Feature","id":36,"properties":{"mascon_id":36,"cells":240,"land_cells":39,"land_fraction":0.163},"geometry":{"type":"Polygon","coordinates":[[[-20.0,79.5],[0.0,79.5],[0.0,82.5],[-20.0,82.5],[-20.0,79.5]]]}},{"type":"Feature","id":37,"properties":{"mascon_id":37,"cells":180,"land_cells":19,"land_fraction":0.106},"geometry":{"type":"Polygon","coordinates":[[[0.0,76.5],[15.0,76.5],[15.0,79.5],[0.0,79.5],[0.0,76.5]]]}},{"type":"Feature","id":38,"properties":{"mascon_id":38,"cells":180,"land_cells":51,"land_fraction":0.283},"geometry":{"type":"Polygon","coordinates":[[[15.0,76.5],[30.0,76.5],[30.0,79.5],[15.0,79.5],[15.0,76.5]]]}},{"type":"Feature","id":41,"properties":{"mascon_id":41,"cells":180,"land_cells":6,"land_fraction":0.033},"geometry":{"type":"Polygon","coordinates":[[[60.0,76.5],[75.0,76.5],[75.0,79.5],[60.0,79.5],[60.0,76.5]]]}},{"type":"Feature","id":43,"properties":{"mascon_id":43,"cells":180,"land_cells":45,"land_fraction":0.25},"geometry":{"type":"Polygon","coordinates":[[[90.0,76.5],[105.0,76.5],[105.0,79.5],[90.0,79.5],[90.0,76.5]]]}},{"type":"Feature","id":44,"properties":{"mascon_id":44,"cells":180,"land_cells":7,"land_fraction":0.039},"geometry":{"type":"Polygon","coordinates":[[[105.0,76.5],[120.0,76.5],[120.0,79.5],[105.0,79.5],[105.0,76.5]]]}},{"type":"Feature","id":52,"properties":{"mascon_id":52,"cells":180,"land_cells":1,"land_fraction":0.006},"geometry":{"type":"Polygon","coordinates":[[[-135.0,76.5],[-120.0,76.5],[-120.0,79.5],[-135.0,79.5],[-135.0,76.5]]]}},{"type":"Feature","id":53,"properties":{"mascon_id":53,"cells":180,"land_cells":27,"land_fraction":0.15},"geometry":{"type":"Polygon","coordinates":[[[-120.0,76.5],[-105.0,76.5],[-105.0,79.5],[-120.0,79.5],[-120.0,76.5]]]}},{"type":"Feature","id":54,"properties":{"mascon_id":54,"cells":180,"land_cells":56,"land_fraction":0.311},"geometry":{"type":"Polygon","coordinates":[[[-105.0,76.5],[-90.0,76.5],[-90.0,79.5],[-105.0,79.5],[-105.0,76.5]]]}},{"type":"Feature","id":55,"properties":{"mascon_id":55,"cells":180,"land_cells":143,"land_fraction":0.794},"geometry":{"type":"Polygon","coordinates":[[[-90.0,76.5],[-75.0,76.5],[-75.0,79.5],[-90.0,79.5],[-90.0,76.5]]]}},{"type":"Feature","id":56,"properties":{"mascon_id":56,"cells":180,"land_cells":117,"land_fraction":0.65},"geometry":{"type":"Polygon","coordinates":[[[-75.0,76.5],[-60.0,76.5],[-60.0,79.5],[-75.0,79.5],[-75.0,76.5]]]}},{"type":"Feature","id":57,"properties":{"mascon_id":57,"cells":180,"land_cells":180,"land_fraction":1.0},"geometry":{"type":"Polygon","coordinates":[[[-60.0,76.5],[-45.0,76.5],[-45.0,79.5],[-60.0,79.5],[-60.0,76.5]]]}},{"type":"Feature","id":58,"properties":{"mascon_id":58,"cells":180,"land_cells":180,"land_fraction":1.0},"geometry":{"type":"Polygon","coordinates":[[[-45.0,76.5],[-30.0,76.5],[-30.0,79.5],[-45.0,79.5],[-45.0,76.5]]]}},{"type":"Feature","id":59,"properties":{"mascon_id":59,"cells":180,"land_cells":117,"land_fraction":0.65},"geometry":{"type":"Polygon","coordinates":[[[-30.0,76.5],[-15.0,76.5],[-15.0,79.5],[-30.0,79.5],[-30.0,76.5]]]}},{"type":"Feature","id":65,"properties":{"mascon_id":65,"cells":138,"land_cells":18,"land_fraction":0.13},"geometry":{"type":"Polygon","coordinates":[[[46.5,73.5],[58.0,73.5],[58.0,76.5],[46.5,76.5],[46.5,73.5]]]}},{"type":"Feature","id":66,"properties":{"mascon_id":66,"cells":138,"land_cells":36,"land_fraction":0.261},"geometry":{"type":"Polygon","coordinates":[[[58.0,73.5],[69.5,73.5],[69.5,76.5],[58.0,76.5],[58.0,73.5]]]}},{"type":"Feature","id":68,"properties":{"mascon_id":68,"cells":138,"land_cells":51,"land_fraction":0.37},"geometry":{"type":"Polygon","coordinates":[[[81.5,73.5],[93.0,73.5],[93.0,76.5],[81.5,76.5],[81.5,73.5]]]}},{"type":"Feature","id":69,"properties":{"mascon_id":69,"cells":138,"land_cells":126,"land_fraction":0.913},"geometry":{"type":"Polygon","coordinates":[[[93.0,73.5],[104.5,73.5],[104.5,76.5],[93.0,76.5],[93.0,73.5]]]}},{"type":"Feature","id":70,"properties":{"mascon_id":70,"cells":138,"land_cells":93,"land_fraction":0.674},"geometry":{"type":"Polygon","coordinates":[[[104.5,73.5],[116.0,73.5],[116.0,76.5],[104.5,76.5],[104.5,73.5]]]}},{"type":"Feature","id":71,"properties":{"mascon_id":71,"cells":138,"land_cells":1,"land_fraction":0.007},"geometry":{"type":"Polygon","coordinates":[[[116.0,73.5],[127.5,73.5],[127.5,76.5],[116.0,76.5],[116.0,73.5]]]}},{"type":"Feature","id":72,"properties":{"mascon_id":72,"cells":144,"land_cells":11,"land_fraction":0.076},"geometry":{"type":"Polygon","coordinates":[[[127.5,73.5],[139.5,73.5],[139.5,76.5],[127.5,76.5],[127.5,73.5]]]}},{"type":"Feature","id":73,"properties":{"mascon_id":73,"cells":138,"land_cells":23,"land_fraction":0.167},"geometry":{"type":"Polygon","coordinates":[[[139.5,73.5],[151.0,73.5],[151.0,76.5],[139.5,76.5],[139.5,73.5]]]}},{"type":"Feature","id":81,"properties":{"mascon_id":81,"cells":144,"land_cells":42,"land_fraction":0.292},"geometry":{"type":"Polygon","coordinates":[[[-128.0,73.5],[-116.0,73.5],[-116.0,76.5],[-128.0,76.5],[-128.0,73.5]]]}},{"type":"Feature","id":82,"properties":{"mascon_id":82,"cells":138,"land_cells":52,"land_fraction":0.377},"geometry":{"type":"Polygon","coordinates":[[[-116.0,73.5],[-104.5,73.5],[-104.5,76.5],[-116.0,76.5],[-116.0,73.5]]]}},{"type":"Feature","id":83,"properties":{"mascon_id":83,"cells":138,"land_cells":52,"land_fraction":0.377},"geometry":{"type":"Polygon","coordinates":[[[-104.5,73.5],[-93.0,73.5],[-93.0,76.5],[-104.5,76.5],[-104.5,73.5]]]}},{"type":"Feature","id":84,"properties":{"mascon_id":84,"cells":138,"land_cells":66,"land_fraction":0.478},"geometry":{"type":"Polygon","coordinates":[[[-93.0,73.5],[-81.5,73.5],[-81.5,76.5],[-93.0,76.5],[-93.0,73.5]]]}},{"type":"Feature","id":85,"properties":{"mascon_id":85,"cells":144,"land_cells":9,"land_fraction":0.062},"geometry":{"type":"Polygon","coordinates":[[[-81.5,73.5],[-69.5,73.5],[-69.5,76.5],[-81.5,76.5],[-81.5,73.5]]]}},{"type":"Feature","id":86,"properties":{"mascon_id":86,"cells":138,"land_cells":20,"land_fraction":0.145},"geometry":{"type":"Polygon","coordinates":[[[-69.5,73.5],[-58.0,73.5],[-58.0,76.5],[-69.5,76.5],[-69.5,73.5]]]}},{"type":"Feature","id":87,"properties":{"mascon_id":87,"cells":138,"land_cells":129,"land_fraction":0.935},"geometry":{"type":"Polygon","coordinates":[[[-58.0,73.5],[-46.5,73.5],[-46.5,76.5],[-58.0,76.5],[-58.0,73.5]]]}},{"type":"Feature","id":88,"properties":{"mascon_id":88,"cells":138,"land_cells":138,"land_fraction":1.0},"geometry":{"type":"Polygon","coordinates":[[[-46.5,73.5],[-35.0,73.5],[-35.0,76.5],[-46.5,76.5],[-46.5,73.5]]]}},{"type":"Feature","id":89,"properties":{"mascon_id":89,"cells":144,"land_cells":144,"land_fraction":1.0},"geometry":{"type":"Polygon","coordinates":[[[-35.0,73.5],[-23.0,73.5],[-23.0,76.5],[-35.0,76.5],[-35.0,73.5]]]}},{"type":"Feature","id":90,"properties":{"mascon_id":90,"cells":138,"land_cells":36,"land_fraction":0.261},"geometry":{"type":"Polygon","coordinates":[[[-23.0,73.5],[-11.5,73.5],[-11.5,76.5],[-23.0,76.5],[-23.0,73.5]]]}},{"type":"Feature","id":94,"properties":{"mascon_id":94,"cells":114,"land_cells":7,"land_fraction":0.061},"geometry":{"type":"Polygon","coordinates":[[[19.5,70.5],[29.0,70.5],[29.0,73.5],[19.5,73.5],[19.5,70.5]]]}},{"type":"Feature","id":95,"properties":{"mascon_id":95,"cells":120,"land_cells":1,"land_fraction":0.008},"geometry":{"type":"Polygon","coordinates":[[[29.0,70.5],[39.0,70.5],[39.0,73.5],[29.0,73.5],[29.0,70.5]]]}},{"type":"Feature","id":97,"properties":{"mascon_id":97,"cells":120,"land_cells":39,"land_fraction":0.325},"geometry":{"type":"Polygon","coordinates":[[[48.5,70.5],[58.5,70.5],[58.5,73.5],[48.5,73.5],[48.5,70.5]]]}},{"type":"Feature","id":98,"properties":{"mascon_id":98,"cells":114,"land_cells":4,"land_fraction":0.035},"geometry":{"type":"Polygon","coordinates":[[[58.5,70.5],[68.0,70.5],[68.0,73.5],[58.5,73.5],[58.5,70.5]]]}},{"type":"Feature","id":99,"properties":{"mascon_id":99,"cells":120,"land_cells":67,"land_fraction":0.558},"geometry":{"type":"Polygon","coordinates":[[[68.0,70.5],[78.0,70.5],[78.0,73.5],[68.0,73.5],[68.0,70.5]]]}},{"type":"Feature","id":100,"properties":{"mascon_id":100,"cells":114,"land_cells":94,"land_fraction":0.825},"geometry":{"type":"Polygon","coordinates":[[[78.0,70.5],[87.5,70.5],[87.5,73.5],[78.0,73.5],[78.0,70.5]]]}},{"type":"Feature","id":101,"properties":{"mascon_id":101,"cells":120,"land_cells":120,"land_fraction":1.0},"geometry":{"type":"Polygon","coordinates":[[[87.5,70.5],[97.5,70.5],[97.5,73.5],[87.5,73.5],[87.5,70.5]]]}},{"type":"Feature","id":102,"properties":{"mascon_id":102,"cells":114,"land_cells":114,"land_fraction":1.0},"geometry":{"type":"Polygon","coordinates":[[[97.5,70.5],[107.0,70.5],[107.0,73.5],[97.5,73.5],[97.5,70.5]]]}},{"type":"Feature","id":103,"properties":{"mascon_id":103,"cells":120,"land_cells":117,"land_fraction":0.975},"geometry":{"type":"Polygon","coordinates":[[[107.0,70.5],[117.0,70.5],[117.0,73.5],[107.0,73.5],[107.0,70.5]]]}},{"type":"Feature","id":104,"properties":{"mascon_id":104,"cells":114,"land_cells":104,"land_fraction":0.912},"geometry":{"type":"Polygon","coordinates":[[[117.0,70.5],[126.5,70.5],[126.5,73.5],[117.0,73.5],[117.0,70.5]]]}},{"type":"Feature","id":105,"properties":{"mascon_id":105,"cells":114,"land_cells":53,"land_fraction":0.465},"geometry":{"type":"Polygon","coordinates":[[[126.5,70.5],[136.0,70.5],[136.0,73.5],[126.5,73.5],[126.5,70.5]]]}},{"type":"Feature","id":106,"properties":{"mascon_id":106,"cells":120,"land_cells":69,"land_fraction":0.575},"geometry":{"type":"Polygon","coordinates":[[[136.0,70.5],[146.0,70.5],[146.0,73.5],[136.0,73.5],[136.0,70.5]]]}},{"type":"Feature","id":107,"properties":{"mascon_id":107,"cells":114,"land_cells":44,"land_fraction":0.386},"geometry":{"type":"Polygon","coordinates":[[[146.0,70.5],[155.5,70.5],[155.5,73.5],[146.0,73.5],[146.0,70.5]]]}},{"type":"Feature","id":108,"properties":{"mascon_id":108,"cells":120,"land_cells":8,"land_fraction":0.067},"geometry":{"type":"Polygon","coordinates":[[[155.5,70.5],[165.5,70.5],[165.5,73.5],[155.5,73.5],[155.5,70.5]]]}},{"type":"Feature","id":110,"properties":{"mascon_id":110,"cells":120,"land_cells":7,"land_fraction":0.058},"geometry":{"type":"MultiPolygon","coordinates":[[[[-180.0,70.5],[-175.0,70.5],[-175.0,73.5],[-180.0,73.5],[-180.0,70.5]]],[[[175.0,70.5],[180.0,70.5],[180.0,73.5],[175.0,73.5],[175.0,70.5]]]]}},{"type":"Feature","id":112,"properties":{"mascon_id":112,"cells":120,"land_cells":9,"land_fraction":0.075},"geometry":{"type":"Polygon","coordinates":[[[-165.5,70.5],[-155.5,70.5],[-155.5,73.5],[-165.5,73.5],[-165.5,70.5]]]}},{"type":"Feature","id":113,"properties":{"mascon_id":113,"cells":114,"land_cells":6,"land_fraction":0.053},"geometry":{"type":"Polygon","coordinates":[[[-155.5,70.5],[-146.0,70.5],[-146.0,73.5],[-155.5,73.5],[-155.5,70.5]]]}},{"type":"Feature","id":116,"properties":{"mascon_id":116,"cells":114,"land_cells":63,"land_fraction":0.553},"geometry":{"type":"Polygon","coordinates":[[[-126.5,70.5],[-117.0,70.5],[-117.0,73.5],[-126.5,73.5],[-126.5,70.5]]]}},{"type":"Feature","id":117,"properties":{"mascon_id":117,"cells":120,"land_cells":99,"land_fraction":0.825},"geometry":{"type":"Polygon","coordinates":[[[-117.0,70.5],[-107.0,70.5],[-107.0,73.5],[-117.0,73.5],[-117.0,70.5]]]}},{"type":"Feature","id":118,"properties":{"mascon_id":118,"cells":114,"land_cells":50,"land_fraction":0.439},"geometry":{"type":"Polygon","coordinates":[[[-107.0,70.5],[-97.5,70.5],[-97.5,73.5],[-107.0,73.5],[-107.0,70.5]]]}},{"type":"Feature","id":119,"properties":{"mascon_id":119,"cells":120,"land_cells":62,"land_fraction":0.517},"geometry":{"type":"Polygon","coordinates":[[[-97.5,70.5],[-87.5,70.5],[-87.5,73.5],[-97.5,73.5],[-97.5,70.5]]]}},{"type":"Feature","id":120,"properties":{"mascon_id":120,"cells":114,"land_cells":101,"land_fraction":0.886},"geometry":{"type":"Polygon","coordinates":[[[-87.5,70.5],[-78.0,70.5],[-78.0,73.5],[-87.5,73.5],[-87.5,70.5]]]}},{"type":"Feature","id":121,"properties":{"mascon_id":121,"cells":120,"land_cells":50,"land_fraction":0.417},"geometry":{"type":"Polygon","coordinates":[[[-78.0,70.5],[-68.0,70.5],[-68.0,73.5],[-78.0,73.5],[-78.0,70.5]]]}},{"type":"Feature","id":123,"properties":{"mascon_id":123,"cells":120,"land_cells":73,"land_fraction":0.608},"geometry":{"type":"Polygon","coordinates":[[[-58.5,70.5],[-48.5,70.5],[-48.5,73.5],[-58.5,73.5],[-58.5,70.5]]]}},{"type":"Feature","id":124,"properties":{"mascon_id":124,"cells":114,"land_cells":114,"land_fraction":1.0},"geometry":{"type":"Polygon","coordinates":[[[-48.5,70.5],[-39.0,70.5],[-39.0,73.5],[-48.5,73.5],[-48.5,70.5]]]}},{"type":"Feature","id":125,"properties":{"mascon_id":125,"cells":120,"land_cells":120,"land_fraction":1.0},"geometry":{"type":"Polygon","coordinates":[[[-39.0,70.5],[-29.0,70.5],[-29.0,73.5],[-39.0,73.5],[-39.0,70.5]]]}},{"type":"Feature","id":126,"properties":{"mascon_id":126,"cells":114,"land_cells":76,"land_fraction":0.667},"geometry":{"type":"Polygon","coordinates":[[[-29.0,70.5],[-19.5,70.5],[-19.5,73.5],[-29.0,73.5],[-29.0,70.5]]]}},{"type":"Feature","id":130,"properties":{"mascon_id":130,"cells":102,"land_cells":10,"land_fraction":0.098},"geometry":{"type":"Polygon","coordinates":[[[8.5,67.5],[17.0,67.5],[17.0,70.5],[8.5,70.5],[8.5,67.5]]]}},{"type":"Feature","id":131,"properties":{"mascon_id":131,"cells":102,"land_cells":89,"land_fraction":0.873},"geometry":{"type":"Polygon","coordinates":[[[17.0,67.5],[25.5,67.5],[25.5,70.5],[17.0,70.5],[17.0,67.5]]]}},{"type":"Feature","id":132,"properties":{"mascon_id":132,"cells":108,"land_cells":95,"land_fraction":0.88},"geometry":{"type":"Polygon","coordinates":[[[25.5,67.5],[34.5,67.5],[34.5,70.5],[25.5,70.5],[25.5,67.5]]]}},{"type":"Feature","id":133,"properties":{"mascon_id":133,"cells":102,"land_cells":27,"land_fraction":0.265},"geometry":{"type":"Polygon","coordinates":[[[34.5,67.5],[43.0,67.5],[43.0,70.5],[34.5,70.5],[34.5,67.5]]]}},{"type":"Feature","id":134,"properties":{"mascon_id":134,"cells":102,"land_cells":14,"land_fraction":0.137},"geometry":{"type":"Polygon","coordinates":[[[43.0,67.5],[51.5,67.5],[51.5,70.5],[43.0,70.5],[43.0,67.5]]]}},{"type":"Feature","id":135,"properties":{"mascon_id":135,"cells":102,"land_cells":41,"land_fraction":0.402},"geometry":{"type":"Polygon","coordinates":[[[51.5,67.5],[60.0,67.5],[60.0,70.5],[51.5,70.5],[51.5,67.5]]]}},{"type":"Feature","id":136,"properties":{"mascon_id":136,"cells":102,"land_cells":67,"land_fraction":0.657},"geometry":{"type":"Polygon","coordinates":[[[60.0,67.5],[68.5,67.5],[68.5,70.5],[60.0,70.5],[60.0,67.5]]]}},{"type":"Feature","id":137,"properties":{"mascon_id":137,"cells":102,"land_cells":84,"land_fraction":0.824},"geometry":{"type":"Polygon","coordinates":[[[68.5,67.5],[77.0,67.5],[77.0,70.5],[68.5,70.5],[68.5,67.5]]]}},{"type":"Feature","id":138,"properties":{"mascon_id":138,"cells":102,"land_cells":102,"land_fraction":1.0},"geometry":{"type":"Polygon","coordinates":[[[77.0,67.5],[85.5,67.5],[85.5,70.5],[77.0,70.5],[77.0,67.5]]]}},{"type":"Feature","id":139,"properties":{"mascon_id":139,"cells":108,"land_cells":108,"land_fraction":1.0},"geometry":{"type":"Polygon","coordinates":[[[85.5,67.5],[94.5,67.5],[94.5,70.5],[85.5,70.5],[85.5,67.5]]]}},{"type":"Feature","id":140,"properties":{"mascon_id":140,"cells":102,"land_cells":102,"land_fraction":1.0},"geometry":{"type":"Polygon","coordinates":[[[94.5,67.5],[103.0,67.5],[103.0,70.5],[94.5,70.5],[94.5,67.5]]]}},{"type":"Feature","id":141,"properties":{"mascon_id":141,"cells":102,"land_cells":102,"land_fraction":1.0},"geometry":{"type":"Polygon","coordinates":[[[103.0,67.5],[111.5,67.5],[111.5,70.5],[103.0,70.5],[103.0,67.5]]]}},{"type":"Feature","id":142,"properties":{"mascon_id":142,"cells":102,"land_cells":102,"land_fraction":1.0},"geometry":{"type":"Polygon","coordinates":[[[111.5,67.5],[120.0,67.5],[120.0,70.5],[111.5,70.5],[111.5,67.5]]]}},{"type":"Feature","id":143,"properties":{"mascon_id":143,"cells":102,"land_cells":102,"land_fraction":1.0},"geometry":{"type":"Polygon","coordinates":[[[120.0,67.5],[128.5,67.5],[128.5,70.5],[120.0,70.5],[120.0,67.5]]]}},{"type":"Feature","id":144,"properties":{"mascon_id":144,"cells":102,"land_cells":102,"land_fraction":1.0},"geometry":{"type":"Polygon","coordinates":[[[128.5,67.5],[137.0,67.5],[137.0,70.5],[128.5,70.5],[128.5,67.5]]]}},{"type":"Feature","id":145,"properties":{"mascon_id":145,"cells":102,"land_cells":102,"land_fraction":1.0},"geometry":{"type":"Polygon","coordinates":[[[137.0,67.5],[145.5,67.5],[145.5,70.5],[137.0,70.5],[137.0,67.5]]]}},{"type":"Feature","id":146,"properties":{"mascon_id":146,"cells":108,"land_cells":108,"land_fraction":1.0},"geometry":{"type":"Polygon","coordinates":[[[145.5,67.5],[154.5,67.5],[154.5,70.5],[145.5,70.5],[145.5,67.5]]]}},{"type":"Feature","id":147,"properties":{"mascon_id":147,"cells":102,"land_cells":90,"land_fraction":0.882},"geometry":{"type":"Polygon","coordinates":[[[154.5,67.5],[163.0,67.5],[163.0,70.5],[154.5,70.5],[154.5,67.5]]]}},{"type":"Feature","id":148,"properties":{"mascon_id":148,"cells":102,"land_cells":68,"land_fraction":0.667},"geometry":{"type":"Polygon","coordinates":[[[163.0,67.5],[171.5,67.5],[171.5,70.5],[163.0,70.5],[163.0,67.5]]]}},{"type":"Feature","id":149,"properties":{"mascon_id":149,"cells":102,"land_cells":77,"land_fraction":0.755},"geometry":{"type":"Polygon","coordinates":[[[171.5,67.5],[180.0,67.5],[180.0,70.5],[171.5,70.5],[171.5,67.5]]]}},{"type":"Feature","id":150,"properties":{"mascon_id":150,"cells":102,"land_cells":16,"land_fraction":0.157},"geometry":{"type":"Polygon","coordinates":[[[-180.0,67.5],[-171.5,67.5],[-171.5,70.5],[-180.0,70.5],[-180.0,67.5]]]}},{"type":"Feature","id":151,"properties":{"mascon_id":151,"cells":102,"land_cells":16,"land_fraction":0.157},"geometry":{"type":"Polygon","coordinates":[[[-171.5,67.5],[-163.0,67.5],[-163.0,70.5],[-171.5,70.5],[-171.5,67.5]]]}},{"type":"Feature","id":152,"properties":{"mascon_id":152,"cells":102,"land_cells":99,"land_fraction":0.971},"geometry":{"type":"Polygon","coordinates":[[[-163.0,67.5],[-154.5,67.5],[-154.5,70.5],[-163.0,70.5],[-163.0,67.5]]]}},{"type":"Feature","id":153,"properties":{"mascon_id":153,"cells":108,"land_cells":103,"land_fraction":0.954},"geometry":{"type":"Polygon","coordinates":[[[-154.5,67.5],[-145.5,67.5],[-145.5,70.5],[-154.5,70.5],[-154.5,67.5]]]}},{"type":"Feature","id":154,"properties":{"mascon_id":154,"cells":102,"land_cells":73,"land_fraction":0.716},"geometry":{"type":"Polygon","coordinates":[[[-145.5,67.5],[-137.0,67.5],[-137.0,70.5],[-145.5,70.5],[-145.5,67.5]]]}},{"type":"Feature","id":155,"properties":{"mascon_id":155,"cells":102,"land_cells":73,"land_fraction":0.716},"geometry":{"type":"Polygon","coordinates":[[[-137.0,67.5],[-128.5,67.5],[-128.5,70.5],[-137.0,70.5],[-137.0,67.5]]]}},{"type":"Feature","id":156,"properties":{"mascon_id":156,"cells":102,"land_cells":78,"land_fraction":0.765},"geometry":{"type":"Polygon","coordinates":[[[-128.5,67.5],[-120.0,67.5],[-120.0,70.5],[-128.5,70.5],[-128.5,67.5]]]}},{"type":"Feature","id":157,"properties":{"mascon_id":157,"cells":102,"land_cells":64,"land_fraction":0.627},"geometry":{"type":"Polygon","coordinates":[[[-120.0,67.5],[-111.5,67.5],[-111.5,70.5],[-120.0,70.5],[-120.0,67.5]]]}},{"type":"Feature","id":158,"properties":{"mascon_id":158,"cells":102,"land_cells":80,"land_fraction":0.784},"geometry":{"type":"Polygon","coordinates":[[[-111.5,67.5],[-103.0,67.5],[-103.0,70.5],[-111.5,70.5],[-111.5,67.5]]]}},{"type":"Feature","id":159,"properties":{"mascon_id":159,"cells":102,"land_cells":42,"land_fraction":0.412},"geometry":{"type":"Polygon","coordinates":[[[-103.0,67.5],[-94.5,67.5],[-94.5,70.5],[-103.0,70.5],[-103.0,67.5]]]}},{"type":"Feature","id":160,"properties":{"mascon_id":160,"cells":108,"land_cells":57,"land_fraction":0.528},"geometry":{"type":"Polygon","coordinates":[[[-94.5,67.5],[-85.5,67.5],[-85.5,70.5],[-94.5,70.5],[-94.5,67.5]]]}},{"type":"Feature","id":161,"properties":{"mascon_id":161,"cells":102,"land_cells":53,"land_fraction":0.52},"geometry":{"type":"Polygon","coordinates":[[[-85.5,67.5],[-77.0,67.5],[-77.0,70.5],[-85.5,70.5],[-85.5,67.5]]]}},{"type":"Feature","id":162,"properties":{"mascon_id":162,"cells":102,"land_cells":87,"land_fraction":0.853},"geometry":{"type":"Polygon","coordinates":[[[-77.0,67.5],[-68.5,67.5],[-68.5,70.5],[-77.0,70.5],[-77.0,67.5]]]}},{"type":"Feature","id":163,"properties":{"mascon_id":163,"cells":102,"land_cells":17,"land_fraction":0.167},"geometry":{"type":"Polygon","coordinates":[[[-68.5,67.5],[-60.0,67.5],[-60.0,70.5],[-68.5,70.5],[-68.5,67.5]]]}},{"type":"Feature","id":164,"properties":{"mascon_id":164,"cells":102,"land_cells":19,"land_fraction":0.186},"geometry":{"type":"Polygon","coordinates":[[[-60.0,67.5],[-51.5,67.5],[-51.5,70.5],[-60.0,70.5],[-60.0,67.5]]]}},{"type":"Feature","id":165,"properties":{"mascon_id":165,"cells":102,"land_cells":100,"land_fraction":0.98},"geometry":{"type":"Polygon","coordinates":[[[-51.5,67.5],[-43.0,67.5],[-43.0,70.5],[-51.5,70.5],[-51.5,67.5]]]}},{"type":"Feature","id":166,"properties":{"mascon_id":166,"cells":102,"land_cells":102,"land_fraction":1.0},"geometry":{"type":"Polygon","coordinates":[[[-43.0,67.5],[-34.5,67.5],[-34.5,70.5],[-43.0,70.5],[-43.0,67.5]]]}},{"type":"Feature","id":167,"properties":{"mascon_id":167,"cells":108,"land_cells":83,"land_fraction":0.769},"geometry":{"type":"Polygon","coordinates":[[[-34.5,67.5],[-25.5,67.5],[-25.5,70.5],[-34.5,70.5],[-34.5,67.5]]]}},{"type":"Feature","id":168,"properties":{"mascon_id":168,"cells":102,"land_cells":7,"land_fraction":0.069},"geometry":{"type":"Polygon","coordinates":[[[-25.5,67.5],[-17.0,67.5],[-17.0,70.5],[-25.5,70.5],[-25.5,67.5]]]}},{"type":"Feature","id":172,"properties":{"mascon_id":172,"cells":90,"land_cells":27,"land_fraction":0.3},"geometry":{"type":"Polygon","coordinates":[[[7.5,64.5],[15.0,64.5],[15.0,67.5],[7.5,67.5],[7.5,64.5]]]}},{"type":"Feature","id":173,"properties":{"mascon_id":173,"cells":90,"land_cells":86,"land_fraction":0.956},"geometry":{"type":"Polygon","coordinates":[[[15.0,64.5],[22.5,64.5],[22.5,67.5],[15.0,67.5],[15.0,64.5]]]}},{"type":"Feature","id":174,"properties":{"mascon_id":174,"cells":90,"land_cells":76,"land_fraction":0.844},"geometry":{"type":"Polygon","coordinates":[[[22.5,64.5],[30.0,64.5],[30.0,67.5],[22.5,67.5],[22.5,64.5]]]}},{"type":"Feature","id":175,"properties":{"mascon_id":175,"cells":90,"land_cells":69,"land_fraction":0.767},"geometry":{"type":"Polygon","coordinates":[[[30.0,64.5],[37.5,64.5],[37.5,67.5],[30.0,67.5],[30.0,64.5]]]}},{"type":"Feature","id":176,"properties":{"mascon_id":176,"cells":90,"land_cells":58,"land_fraction":0.644},"geometry":{"type":"Polygon","coordinates":[[[37.5,64.5],[45.0,64.5],[45.0,67.5],[37.5,67.5],[37.5,64.5]]]}},{"type":"Feature","id":177,"properties":{"mascon_id":177,"cells":90,"land_cells":84,"land_fraction":0.933},"geometry":{"type":"Polygon","coordinates":[[[45.0,64.5],[52.5,64.5],[52.5,67.5],[45.0,67.5],[45.0,64.5]]]}},{"type":"Feature","id":178,"properties":{"mascon_id":178,"cells":90,"land_cells":90,"land_fraction":1.0},"geometry":{"type":"Polygon","coordinates":[[[52.5,64.5],[60.0,64.5],[60.0,67.5],[52.5,67.5],[52.5,64.5]]]}},{"type":"Feature","id":179,"properties":{"mascon_id":179,"cells":90,"land_cells":90,"land_fraction":1.0},"geometry":{"type":"Polygon","coordinates":[[[60.0,64.5],[67.5,64.5],[67.5,67.5],[60.0,67.5],[60.0,64.5]]]}},{"type":"Feature","id":180,"properties":{"mascon_id":180,"cells":90,"land_cells":83,"land_fraction":0.922},"geometry":{"type":"Polygon","coordinates":[[[67.5,64.5],[75.0,64.5],[75.0,67.5],[67.5,67.5],[67.5,64.5]]]}},{"type":"Feature","id":181,"properties":{"mascon_id":181,"cells":90,"land_cells":90,"land_fraction":1.0},"geometry":{"type":"Polygon","coordinates":[[[75.0,64.5],[82.5,64.5],[82.5,67.5],[75.0,67.5],[75.0,64.5]]]}},{"type":"Feature","id":182,"properties":{"mascon_id":182,"cells":90,"land_cells":90,"land_fraction":1.0},"geometry":{"type":"Polygon","coordinates":[[[82.5,64.5],[90.0,64.5],[90.0,67.5],[82.5,67.5],[82.5,64.5]]]}},{"type":"Feature","id":183,"properties":{"mascon_id":183,"cells":90,"land_cells":90,"land_fraction":1.0},"geometry":{"type":"Polygon","coordinates":[[[90.0,64.5],[97.5,64.5],[97.5,67.5],[90.0,67.5],[90.0,64.5]]]}},{"type":"Feature","id":184,"properties":{"mascon_id":184,"cells":90,"land_cells":90,"land_fraction":1.0},"geometry":{"type":"Polygon","coordinates":[[[97.5,64.5],[105.0,64.5],[105.0,67.5],[97.5,67.5],[97.5,64.5]]]}},{"type":"Feature","id":185,"properties":{"mascon_id":185,"cells":90,"land_cells":90,"land_fraction":1.0},"geometry":{"type":"Polygon","coordinates":[[[105.0,64.5],[112.5,64.5],[112.5,67.5],[105.0,67.5],[105.0,64.5]]]}},{"type":"Feature","id":186,"properties":{"mascon_id":186,"cells":90,"land_cells":90,"land_fraction":1.0},"geometry":{"type":"Polygon","coordinates":[[[112.5,64.5],[120.0,64.5],[120.0,67.5],[112.5,67.5],[112.5,64.5]]]}},{"type":"Feature","id":187,"properties":{"mascon_id":187,"cells":90,"land_cells":90,"land_fraction":1.0},"geometry":{"type":"Polygon","coordinates":[[[120.0,64.5],[127.5,64.5],[127.5,67.5],[120.0,67.5],[120.0,64.5]]]}},{"type":"Feature","id":188,"properties":{"mascon_id":188,"cells":90,"land_cells":90,"land_fraction":1.0},"geometry":{"type":"Polygon","coordinates":[[[127.5,64.5],[135.0,64.5],[135.0,67.5],[127.5,67.5],[127.5,64.5]]]}},{"type":"Feature","id":189,"properties":{"mascon_id":189,"cells":90,"land_cells":90,"land_fraction":1.0},"geometry":{"type":"Polygon","coordinates":[[[135.0,64.5],[142.5,64.5],[142.5,67.5],[135.0,67.5],[135.0,64.5]]]}},{"type":"Feature","id":190,"properties":{"mascon_id":190,"cells":90,"land_cells":90,"land_fraction":1.0},"geometry":{"type":"Polygon","coordinates":[[[142.5,64.5],[150.0,64.5],[150.0,67.5],[142.5,67.5],[142.5,64.5]]]}},{"type":"Feature","id":191,"properties":{"mascon_id":191,"cells":90,"land_cells":90,"land_fraction":1.0},"geometry":{"type":"Polygon","coordinates":[[[150.0,64.5],[157.5,64.5],[157.5,67.5],[150.0,67.5],[150.0,64.5]]]}},{"type":"Feature","id":192,"properties":{"mascon_id":192,"cells":90,"land_cells":90,"land_fraction":1.0},"geometry":{"type":"Polygon","coordinates":[[[157.5,64.5],[165.0,64.5],[165.0,67.5],[157.5,67.5],[157.5,64.5]]]}},{"type":"Feature","id":193,"properties":{"mascon_id":193,"cells":90,"land_cells":90,"land_fraction":1.0},"geometry":{"type":"Polygon","coordinates":[[[165.0,64.5],[172.5,64.5],[172.5,67.5],[165.0,67.5],[165.0,64.5]]]}},{"type":"Feature","id":194,"properties":{"mascon_id":194,"cells":90,"land_cells":88,"land_fraction":0.978},"geometry":{"type":"Polygon","coordinates":[[[172.5,64.5],[180.0,64.5],[180.0,67.5],[172.5,67.5],[172.5,64.5]]]}},{"type":"Feature","id":195,"properties":{"mascon_id":195,"cells":90,"land_cells":64,"land_fraction":0.711},"geometry":{"type":"Polygon","coordinates":[[[-180.0,64.5],[-172.5,64.5],[-172.5,67.5],[-180.0,67.5],[-180.0,64.5]]]}},{"type":"Feature","id":196,"properties":{"mascon_id":196,"cells":90,"land_cells":24,"land_fraction":0.267},"geometry":{"type":"Polygon","coordinates":[[[-172.5,64.5],[-165.0,64.5],[-165.0,67.5],[-172.5,67.5],[-172.5,64.5]]]}},{"type":"Feature","id":197,"properties":{"mascon_id":197,"cells":90,"land_cells":73,"land_fraction":0.811},"geometry":{"type":"Polygon","coordinates":[[[-165.0,64.5],[-157.5,64.5],[-157.5,67.5],[-165.0,67.5],[-165.0,64.5]]]}},{"type":"Feature","id":198,"properties":{"mascon_id":198,"cells":90,"land_cells":90,"land_fraction":1.0},"geometry":{"type":"Polygon","coordinates":[[[-157.5,64.5],[-150.0,64.5],[-150.0,67.5],[-157.5,67.5],[-157.5,64.5]]]}},{"type":"Feature","id":199,"properties":{"mascon_id":199,"cells":90,"land_cells":90,"land_fraction":1.0},"geometry":{"type":"Polygon","coordinates":[[[-150.0,64.5],[-142.5,64.5],[-142.5,67.5],[-150.0,67.5],[-150.0,64.5]]]}},{"type":"Feature","id":200,"properties":{"mascon_id":200,"cells":90,"land_cells":90,"land_fraction":1.0},"geometry":{"type":"Polygon","coordinates":[[[-142.5,64.5],[-135.0,64.5],[-135.0,67.5],[-142.5,67.5],[-142.5,64.5]]]}},{"type":"Feature","id":201,"properties":{"mascon_id":201,"cells":90,"land_cells":90,"land_fraction":1.0},"geometry":{"type":"Polygon","coordinates":[[[-135.0,64.5],[-127.5,64.5],[-127.5,67.5],[-135.0,67.5],[-135.0,64.5]]]}},{"type":"Feature","id":202,"properties":{"mascon_id":202,"cells":90,"land_cells":90,"land_fraction":1.0},"geometry":{"type":"Polygon","coordinates":[[[-127.5,64.5],[-120.0,64.5],[-120.0,67.5],[-127.5,67.5],[-127.5,64.5]]]}},{"type":"Feature","id":203,"properties":{"mascon_id":203,"cells":90,"land_cells":90,"land_fraction":1.0},"geometry":{"type":"Polygon","coordinates":[[[-120.0,64.5],[-112.5,64.5],[-112.5,67.5],[-120.0,67.5],[-120.0,64.5]]]}},{"type":"Feature","id":204,"properties":{"mascon_id":204,"cells":90,"land_cells":89,"land_fraction":0.989},"geometry":{"type":"Polygon","coordinates":[[[-112.5,64.5],[-105.0,64.5],[-105.0,67.5],[-112.5,67.5],[-112.5,64.5]]]}},{"type":"Feature","id":205,"properties":{"mascon_id":205,"cells":90,"land_cells":90,"land_fraction":1.0},"geometry":{"type":"Polygon","coordinates":[[[-105.0,64.5],[-97.5,64.5],[-97.5,67.5],[-105.0,67.5],[-105.0,64.5]]]}},{"type":"Feature","id":206,"properties":{"mascon_id":206,"cells":90,"land_cells":90,"land_fraction":1.0},"geometry":{"type":"Polygon","coordinates":[[[-97.5,64.5],[-90.0,64.5],[-90.0,67.5],[-97.5,67.5],[-97.5,64.5]]]}},{"type":"Feature","id":207,"properties":{"mascon_id":207,"cells":90,"land_cells":71,"land_fraction":0.789},"geometry":{"type":"Polygon","coordinates":[[[-90.0,64.5],[-82.5,64.5],[-82.5,67.5],[-90.0,67.5],[-90.0,64.5]]]}},{"type":"Feature","id":208,"properties":{"mascon_id":208,"cells":90,"land_cells":16,"land_fraction":0.178},"geometry":{"type":"Polygon","coordinates":[[[-82.5,64.5],[-75.0,64.5],[-75.0,67.5],[-82.5,67.5],[-82.5,64.5]]]}},{"type":"Feature","id":209,"properties":{"mascon_id":209,"cells":90,"land_cells":77,"land_fraction":0.856},"geometry":{"type":"Polygon","coordinates":[[[-75.0,64.5],[-67.5,64.5],[-67.5,67.5],[-75.0,67.5],[-75.0,64.5]]]}},{"type":"Feature","id":210,"properties":{"mascon_id":210,"cells":90,"land_cells":42,"land_fraction":0.467},"geometry":{"type":"Polygon","coordinates":[[[-67.5,64.5],[-60.0,64.5],[-60.0,67.5],[-67.5,67.5],[-67.5,64.5]]]}},{"type":"Feature","id":211,"properties":{"mascon_id":211,"cells":90,"land_cells":8,"land_fraction":0.089},"geometry":{"type":"Polygon","coordinates":[[[-60.0,64.5],[-52.5,64.5],[-52.5,67.5],[-60.0,67.5],[-60.0,64.5]]]}},{"type":"Feature","id":212,"properties":{"mascon_id":212,"cells":90,"land_cells":89,"land_fraction":0.989},"geometry":{"type":"Polygon","coordinates":[[[-52.5,64.5],[-45.0,64.5],[-45.0,67.5],[-52.5,67.5],[-52.5,64.5]]]}},{"type":"Feature","id":213,"properties":{"mascon_id":213,"cells":90,"land_cells":79,"land_fraction":0.878},"geometry":{"type":"Polygon","coordinates":[[[-45.0,64.5],[-37.5,64.5],[-37.5,67.5],[-45.0,67.5],[-45.0,64.5]]]}},{"type":"Feature","id":214,"properties":{"mascon_id":214,"cells":90,"land_cells":20,"land_fraction":0.222},"geometry":{"type":"Polygon","coordinates":[[[-37.5,64.5],[-30.0,64.5],[-30.0,67.5],[-37.5,67.5],[-37.5,64.5]]]}},{"type":"Feature","id":215,"properties":{"mascon_id":215,"cells":90,"land_cells":4,"land_fraction":0.044},"geometry":{"type":"Polygon","coordinates":[[[-30.0,64.5],[-22.5,64.5],[-22.5,67.5],[-30.0,67.5],[-30.0,64.5]]]}},{"type":"Feature","id":216,"properties":{"mascon_id":216,"cells":90,"land_cells":46,"land_fraction":0.511},"geometry":{"type":"Polygon","coordinates":[[[-22.5,64.5],[-15.0,64.5],[-15.0,67.5],[-22.5,67.5],[-22.5,64.5]]]}},{"type":"Feature","id":217,"properties":{"mascon_id":217,"cells":90,"land_cells":6,"land_fraction":0.067},"geometry":{"type":"Polygon","coordinates":[[[-15.0,64.5],[-7.5,64.5],[-7.5,67.5],[-15.0,67.5],[-15.0,64.5]]]}},{"type":"Feature","id":219,"properties":{"mascon_id":219,"cells":78,"land_cells":5,"land_fraction":0.064},"geometry":{"type":"Polygon","coordinates":[[[0.0,61.5],[6.5,61.5],[6.5,64.5],[0.0,64.5],[0.0,61.5]]]}},{"type":"Feature","id":220,"properties":{"mascon_id":220,"cells":84,"land_cells":65,"land_fraction":0.774},"geometry":{"type":"Polygon","coordinates":[[[6.5,61.5],[13.5,61.5],[13.5,64.5],[6.5,64.5],[6.5,61.5]]]}},{"type":"Feature","id":221,"properties":{"mascon_id":221,"cells":78,"land_cells":62,"land_fraction":0.795},"geometry":{"type":"Polygon","coordinates":[[[13.5,61.5],[20.0,61.5],[20.0,64.5],[13.5,64.5],[13.5,61.5]]]}},{"type":"Feature","id":222,"properties":{"mascon_id":222,"cells":78,"land_cells":56,"land_fraction":0.718},"geometry":{"type":"Polygon","coordinates":[[[20.0,61.5],[26.5,61.5],[26.5,64.5],[20.0,64.5],[20.0,61.5]]]}},{"type":"Feature","id":223,"properties":{"mascon_id":223,"cells":84,"land_cells":84,"land_fraction":1.0},"geometry":{"type":"Polygon","coordinates":[[[26.5,61.5],[33.5,61.5],[33.5,64.5],[26.5,64.5],[26.5,61.5]]]}},{"type":"Feature","id":224,"properties":{"mascon_id":224,"cells":78,"land_cells":74,"land_fraction":0.949},"geometry":{"type":"Polygon","coordinates":[[[33.5,61.5],[40.0,61.5],[40.0,64.5],[33.5,64.5],[33.5,61.5]]]}},{"type":"Feature","id":225,"properties":{"mascon_id":225,"cells":78,"land_cells":78,"land_fraction":1.0},"geometry":{"type":"Polygon","coordinates":[[[40.0,61.5],[46.5,61.5],[46.5,64.5],[40.0,64.5],[40.0,61.5]]]}},{"type":"Feature","id":226,"properties":{"mascon_id":226,"cells":84,"land_cells":84,"land_fraction":1.0},"geometry":{"type":"Polygon","coordinates":[[[46.5,61.5],[53.5,61.5],[53.5,64.5],[46.5,64.5],[46.5,61.5]]]}},{"type":"Feature","id":227,"properties":{"mascon_id":227,"cells":78,"land_cells":78,"land_fraction":1.0},"geometry":{"type":"Polygon","coordinates":[[[53.5,61.5],[60.0,61.5],[60.0,64.5],[53.5,64.5],[53.5,61.5]]]}},{"type":"Feature","id":228,"properties":{"mascon_id":228,"cells":78,"land_cells":78,"land_fraction":1.0},"geometry":{"type":"Polygon","coordinates":[[[60.0,61.5],[66.5,61.5],[66.5,64.5],[60.0,64.5],[60.0,61.5]]]}},{"type":"Feature","id":229,"properties":{"mascon_id":229,"cells":84,"land_cells":84,"land_fraction":1.0},"geometry":{"type":"Polygon","coordinates":[[[66.5,61.5],[73.5,61.5],[73.5,64.5],[66.5,64.5],[66.5,61.5]]]}},{"type":"Feature","id":230,"properties":{"mascon_id":230,"cells":78,"land_cells":78,"land_fraction":1.0},"geometry":{"type":"Polygon","coordinates":[[[73.5,61.5],[80.0,61.5],[80.0,64.5],[73.5,64.5],[73.5,61.5]]]}},{"type":"Feature","id":231,"properties":{"mascon_id":231,"cells":78,"land_cells":78,"land_fraction":1.0},"geometry":{"type":"Polygon","coordinates":[[[80.0,61.5],[86.5,61.5],[86.5,64.5],[80.0,64.5],[80.0,61.5]]]}},{"type":"Feature","id":232,"properties":{"mascon_id":232,"cells":84,"land_cells":84,"land_fraction":1.0},"geometry":{"type":"Polygon","coordinates":[[[86.5,61.5],[93.5,61.5],[93.5,64.5],[86.5,64.5],[86.5,61.5]]]}},{"type":"Feature","id":233,"properties":{"mascon_id":233,"cells":78,"land_cells":78,"land_fraction":1.0},"geometry":{"type":"Polygon","coordinates":[[[93.5,61.5],[100.0,61.5],[100.0,64.5],[93.5,64.5],[93.5,61.5]]]}},{"type":"Feature","id":234,"properties":{"mascon_id":234,"cells":78,"land_cells":78,"land_fraction":1.0},"geometry":{"type":"Polygon","coordinates":[[[100.0,61.5],[106.5,61.5],[106.5,64.5],[100.0,64.5],[100.0,61.5]]]}},{"type":"Feature","id":235,"properties":{"mascon_id":235,"cells":84,"land_cells":84,"land_fraction":1.0},"geometry":{"type":"Polygon","coordinates":[[[106.5,61.5],[113.5,61.5],[113.5,64.5],[106.5,64.5],[106.5,61.5]]]}},{"type":"Feature","id":236,"properties":{"mascon_id":236,"cells":78,"land_cells":78,"land_fraction":1.0},"geometry":{"type":"Polygon","coordinates":[[[113.5,61.5],[120.0,61.5],[120.0,64.5],[113.5,64.5],[113.5,61.5]]]}},{"type":"Feature","id":237,"properties":{"mascon_id":237,"cells":78,"land_cells":78,"land_fraction":1.0},"geometry":{"type":"Polygon","coordinates":[[[120.0,61.5],[126.5,61.5],[126.5,64.5],[120.0,64.5],[120.0,61.5]]]}},{"type":"Feature","id":238,"properties":{"mascon_id":238,"cells":84,"land_cells":84,"land_fraction":1.0},"geometry":{"type":"Polygon","coordinates":[[[126.5,61.5],[133.5,61.5],[133.5,64.5],[126.5,64.5],[126.5,61.5]]]}},{"type":"Feature","id":239,"properties":{"mascon_id":239,"cells":78,"land_cells":78,"land_fraction":1.0},"geometry":{"type":"Polygon","coordinates":[[[133.5,61.5],[140.0,61.5],[140.0,64.5],[133.5,64.5],[133.5,61.5]]]}},{"type":"Feature","id":240,"properties":{"mascon_id":240,"cells":78,"land_cells":78,"land_fraction":1.0},"geometry":{"type":"Polygon","coordinates":[[[140.0,61.5],[146.5,61.5],[146.5,64.5],[140.0,64.5],[140.0,61.5]]]}},{"type":"Feature","id":241,"properties":{"mascon_id":241,"cells":84,"land_cells":84,"land_fraction":1.0},"geometry":{"type":"Polygon","coordinates":[[[146.5,61.5],[153.5,61.5],[153.5,64.5],[146.5,64.5],[146.5,61.5]]]}},{"type":"Feature","id":242,"properties":{"mascon_id":242,"cells":78,"land_cells":74,"land_fraction":0.949},"geometry":{"type":"Polygon","coordinates":[[[153.5,61.5],[160.0,61.5],[160.0,64.5],[153.5,64.5],[153.5,61.5]]]}},{"type":"Feature","id":243,"properties":{"mascon_id":243,"cells":78,"land_cells":73,"land_fraction":0.936},"geometry":{"type":"Polygon","coordinates":[[[160.0,61.5],[166.5,61.5],[166.5,64.5],[160.0,64.5],[160.0,61.5]]]}},{"type":"Feature","id":244,"properties":{"mascon_id":244,"cells":84,"land_cells":84,"land_fraction":1.0},"geometry":{"type":"Polygon","coordinates":[[[166.5,61.5],[173.5,61.5],[173.5,64.5],[166.5,64.5],[166.5,61.5]]]}},{"type":"Feature","id":245,"properties":{"mascon_id":245,"cells":78,"land_cells":48,"land_fraction":0.615},"geometry":{"type":"Polygon","coordinates":[[[173.5,61.5],[180.0,61.5],[180.0,64.5],[173.5,64.5],[173.5,61.5]]]}},{"type":"Feature","id":248,"properties":{"mascon_id":248,"cells":78,"land_cells":42,"land_fraction":0.538},"geometry":{"type":"Polygon","coordinates":[[[-166.5,61.5],[-160.0,61.5],[-160.0,64.5],[-166.5,64.5],[-166.5,61.5]]]}},{"type":"Feature","id":249,"properties":{"mascon_id":249,"cells":78,"land_cells":78,"land_fraction":1.0},"geometry":{"type":"Polygon","coordinates":[[[-160.0,61.5],[-153.5,61.5],[-153.5,64.5],[-160.0,64.5],[-160.0,61.5]]]}},{"type":"Feature","id":250,"properties":{"mascon_id":250,"cells":84,"land_cells":84,"land_fraction":1.0},"geometry":{"type":"Polygon","coordinates":[[[-153.5,61.5],[-146.5,61.5],[-146.5,64.5],[-153.5,64.5],[-153.5,61.5]]]}},{"type":"Feature","id":251,"properties":{"mascon_id":251,"cells":78,"land_cells":78,"land_fraction":1.0},"geometry":{"type":"Polygon","coordinates":[[[-146.5,61.5],[-140.0,61.5],[-140.0,64.5],[-146.5,64.5],[-146.5,61.5]]]}},{"type":"Feature","id":252,"properties":{"mascon_id":252,"cells":78,"land_cells":78,"land_fraction":1.0},"geometry":{"type":"Polygon","coordinates":[[[-140.0,61.5],[-133.5,61.5],[-133.5,64.5],[-140.0,64.5],[-140.0,61.5]]]}},{"type":"Feature","id":253,"properties":{"mascon_id":253,"cells":84,"land_cells":84,"land_fraction":1.0},"geometry":{"type":"Polygon","coordinates":[[[-133.5,61.5],[-126.5,61.5],[-126.5,64.5],[-133.5,64.5],[-133.5,61.5]]]}},{"type":"Feature","id":254,"properties":{"mascon_id":254,"cells":78,"land_cells":78,"land_fraction":1.0},"geometry":{"type":"Polygon","coordinates":[[[-126.5,61.5],[-120.0,61.5],[-120.0,64.5],[-126.5,64.5],[-126.5,61.5]]]}},{"type":"Feature","id":255,"properties":{"mascon_id":255,"cells":78,"land_cells":78,"land_fraction":1.0},"geometry":{"type":"Polygon","coordinates":[[[-120.0,61.5],[-113.5,61.5],[-113.5,64.5],[-120.0,64.5],[-120.0,61.5]]]}},{"type":"Feature","id":256,"properties":{"mascon_id":256,"cells":84,"land_cells":84,"land_fraction":1.0},"geometry":{"type":"Polygon","coordinates":[[[-113.5,61.5],[-106.5,61.5],[-106.5,64.5],[-113.5,64.5],[-113.5,61.5]]]}},{"type":"Feature","id":257,"properties":{"mascon_id":257,"cells":78,"land_cells":78,"land_fraction":1.0},"geometry":{"type":"Polygon","coordinates":[[[-106.5,61.5],[-100.0,61.5],[-100.0,64.5],[-106.5,64.5],[-106.5,61.5]]]}},{"type":"Feature","id":258,"properties":{"mascon_id":258,"cells":78,"land_cells":78,"land_fraction":1.0},"geometry":{"type":"Polygon","coordinates":[[[-100.0,61.5],[-93.5,61.5],[-93.5,64.5],[-100.0,64.5],[-100.0,61.5]]]}},{"type":"Feature","id":259,"properties":{"mascon_id":259,"cells":84,"land_cells":29,"land_fraction":0.345},"geometry":{"type":"Polygon","coordinates":[[[-93.5,61.5],[-86.5,61.5],[-86.5,64.5],[-93.5,64.5],[-93.5,61.5]]]}},{"type":"Feature","id":260,"properties":{"mascon_id":260,"cells":78,"land_cells":20,"land_fraction":0.256},"geometry":{"type":"Polygon","coordinates":[[[-86.5,61.5],[-80.0,61.5],[-80.0,64.5],[-86.5,64.5],[-86.5,61.5]]]}},{"type":"Feature","id":261,"properties":{"mascon_id":261,"cells":78,"land_cells":18,"land_fraction":0.231},"geometry":{"type":"Polygon","coordinates":[[[-80.0,61.5],[-73.5,61.5],[-73.5,64.5],[-80.0,64.5],[-80.0,61.5]]]}},{"type":"Feature","id":262,"properties":{"mascon_id":262,"cells":84,"land_cells":49,"land_fraction":0.583},"geometry":{"type":"Polygon","coordinates":[[[-73.5,61.5],[-66.5,61.5],[-66.5,64.5],[-73.5,64.5],[-73.5,61.5]]]}},{"type":"Feature","id":263,"properties":{"mascon_id":263,"cells":78,"land_cells":12,"land_fraction":0.154},"geometry":{"type":"Polygon","coordinates":[[[-66.5,61.5],[-60.0,61.5],[-60.0,64.5],[-66.5,64.5],[-66.5,61.5]]]}},{"type":"Feature","id":265,"properties":{"mascon_id":265,"cells":84,"land_cells":51,"land_fraction":0.607},"geometry":{"type":"Polygon","coordinates":[[[-53.5,61.5],[-46.5,61.5],[-46.5,64.5],[-53.5,64.5],[-53.5,61.5]]]}},{"type":"Feature","id":266,"properties":{"mascon_id":266,"cells":78,"land_cells":59,"land_fraction":0.756},"geometry":{"type":"Polygon","coordinates":[[[-46.5,61.5],[-40.0,61.5],[-40.0,64.5],[-46.5,64.5],[-46.5,61.5]]]}},{"type":"Feature","id":269,"properties":{"mascon_id":269,"cells":78,"land_cells":5,"land_fraction":0.064},"geometry":{"type":"Polygon","coordinates":[[[-26.5,61.5],[-20.0,61.5],[-20.0,64.5],[-26.5,64.5],[-26.5,61.5]]]}},{"type":"Feature","id":270,"properties":{"mascon_id":270,"cells":78,"land_cells":14,"land_fraction":0.179},"geometry":{"type":"Polygon","coordinates":[[[-20.0,61.5],[-13.5,61.5],[-13.5,64.5],[-20.0,64.5],[-20.0,61.5]]]}},{"type":"Feature","id":273,"properties":{"mascon_id":273,"cells":72,"land_cells":8,"land_fraction":0.111},"geometry":{"type":"Polygon","coordinates":[[[0.0,58.5],[6.0,58.5],[6.0,61.5],[0.0,61.5],[0.0,58.5]]]}},{"type":"Feature","id":274,"properties":{"mascon_id":274,"cells":72,"land_cells":68,"land_fraction":0.944},"geometry":{"type":"Polygon","coordinates":[[[6.0,58.5],[12.0,58.5],[12.0,61.5],[6.0,61.5],[6.0,58.5]]]}},{"type":"Feature","id":275,"properties":{"mascon_id":275,"cells":78,"land_cells":71,"land_fraction":0.91},"geometry":{"type":"Polygon","coordinates":[[[12.0,58.5],[18.5,58.5],[18.5,61.5],[12.0,61.5],[12.0,58.5]]]}},{"type":"Feature","id":276,"properties":{"mascon_id":276,"cells":72,"land_cells":22,"land_fraction":0.306},"geometry":{"type":"Polygon","coordinates":[[[18.5,58.5],[24.5,58.5],[24.5,61.5],[18.5,61.5],[18.5,58.5]]]}},{"type":"Feature","id":277,"properties":{"mascon_id":277,"cells":72,"land_cells":57,"land_fraction":0.792},"geometry":{"type":"Polygon","coordinates":[[[24.5,58.5],[30.5,58.5],[30.5,61.5],[24.5,61.5],[24.5,58.5]]]}},{"type":"Feature","id":278,"properties":{"mascon_id":278,"cells":72,"land_cells":72,"land_fraction":1.0},"geometry":{"type":"Polygon","coordinates":[[[30.5,58.5],[36.5,58.5],[36.5,61.5],[30.5,61.5],[30.5,58.5]]]}},{"type":"Feature","id":279,"properties":{"mascon_id":279,"cells":72,"land_cells":72,"land_fraction":1.0},"geometry":{"type":"Polygon","coordinates":[[[36.5,58.5],[42.5,58.5],[42.5,61.5],[36.5,61.5],[36.5,58.5]]]}},{"type":"Feature","id":280,"properties":{"mascon_id":280,"cells":78,"land_cells":78,"land_fraction":1.0},"geometry":{"type":"Polygon","coordinates":[[[42.5,58.5],[49.0,58.5],[49.0,61.5],[42.5,61.5],[42.5,58.5]]]}},{"type":"Feature","id":281,"properties":{"mascon_id":281,"cells":72,"land_cells":72,"land_fraction":1.0},"geometry":{"type":"Polygon","coordinates":[[[49.0,58.5],[55.0,58.5],[55.0,61.5],[49.0,61.5],[49.0,58.5]]]}},{"type":"Feature","id":282,"properties":{"mascon_id":282,"cells":72,"land_cells":72,"land_fraction":1.0},"geometry":{"type":"Polygon","coordinates":[[[55.0,58.5],[61.0,58.5],[61.0,61.5],[55.0,61.5],[55.0,58.5]]]}},{"type":"Feature","id":283,"properties":{"mascon_id":283,"cells":72,"land_cells":72,"land_fraction":1.0},"geometry":{"type":"Polygon","coordinates":[[[61.0,58.5],[67.0,58.5],[67.0,61.5],[61.0,61.5],[61.0,58.5]]]}},{"type":"Feature","id":284,"properties":{"mascon_id":284,"cells":72,"land_cells":72,"land_fraction":1.0},"geometry":{"type":"Polygon","coordinates":[[[67.0,58.5],[73.0,58.5],[73.0,61.5],[67.0,61.5],[67.0,58.5]]]}},{"type":"Feature","id":285,"properties":{"mascon_id":285,"cells":78,"land_cells":78,"land_fraction":1.0},"geometry":{"type":"Polygon","coordinates":[[[73.0,58.5],[79.5,58.5],[79.5,61.5],[73.0,61.5],[73.0,58.5]]]}},{"type":"Feature","id":286,"properties":{"mascon_id":286,"cells":72,"land_cells":72,"land_fraction":1.0},"geometry":{"type":"Polygon","coordinates":[[[79.5,58.5],[85.5,58.5],[85.5,61.5],[79.5,61.5],[79.5,58.5]]]}},{"type":"Feature","id":287,"properties":{"mascon_id":287,"cells":72,"land_cells":72,"land_fraction":1.0},"geometry":{"type":"Polygon","coordinates":[[[85.5,58.5],[91.5,58.5],[91.5,61.5],[85.5,61.5],[85.5,58.5]]]}},{"type":"Feature","id":288,"properties":{"mascon_id":288,"cells":72,"land_cells":72,"land_fraction":1.0},"geometry":{"type":"Polygon","coordinates":[[[91.5,58.5],[97.5,58.5],[97.5,61.5],[91.5,61.5],[91.5,58.5]]]}},{"type":"Feature","id":289,"properties":{"mascon_id":289,"cells":72,"land_cells":72,"land_fraction":1.0},"geometry":{"type":"Polygon","coordinates":[[[97.5,58.5],[103.5,58.5],[103.5,61.5],[97.5,61.5],[97.5,58.5]]]}},{"type":"Feature","id":290,"properties":{"mascon_id":290,"cells":78,"land_cells":78,"land_fraction":1.0},"geometry":{"type":"Polygon","coordinates":[[[103.5,58.5],[110.0,58.5],[110.0,61.5],[103.5,61.5],[103.5,58.5]]]}},{"type":"Feature","id":291,"properties":{"mascon_id":291,"cells":72,"land_cells":72,"land_fraction":1.0},"geometry":{"type":"Polygon","coordinates":[[[110.0,58.5],[116.0,58.5],[116.0,61.5],[110.0,61.5],[110.0,58.5]]]}},{"type":"Feature","id":292,"properties":{"mascon_id":292,"cells":72,"land_cells":72,"land_fraction":1.0},"geometry":{"type":"Polygon","coordinates":[[[116.0,58.5],[122.0,58.5],[122.0,61.5],[116.0,61.5],[116.0,58.5]]]}},{"type":"Feature","id":293,"properties":{"mascon_id":293,"cells":72,"land_cells":72,"land_fraction":1.0},"geometry":{"type":"Polygon","coordinates":[[[122.0,58.5],[128.0,58.5],[128.0,61.5],[122.0,61.5],[122.0,58.5]]]}},{"type":"Feature","id":294,"properties":{"mascon_id":294,"cells":72,"land_cells":72,"land_fraction":1.0},"geometry":{"type":"Polygon","coordinates":[[[128.0,58.5],[134.0,58.5],[134.0,61.5],[128.0,61.5],[128.0,58.5]]]}},{"type":"Feature","id":295,"properties":{"mascon_id":295,"cells":78,"land_cells":78,"land_fraction":1.0},"geometry":{"type":"Polygon","coordinates":[[[134.0,58.5],[140.5,58.5],[140.5,61.5],[134.0,61.5],[134.0,58.5]]]}},{"type":"Feature","id":296,"properties":{"mascon_id":296,"cells":72,"land_cells":54,"land_fraction":0.75},"geometry":{"type":"Polygon","coordinates":[[[140.5,58.5],[146.5,58.5],[146.5,61.5],[140.5,61.5],[140.5,58.5]]]}},{"type":"Feature","id":297,"properties":{"mascon_id":297,"cells":72,"land_cells":50,"land_fraction":0.694},"geometry":{"type":"Polygon","coordinates":[[[146.5,58.5],[152.5,58.5],[152.5,61.5],[146.5,61.5],[146.5,58.5]]]}},{"type":"Feature","id":298,"properties":{"mascon_id":298,"cells":72,"land_cells":29,"land_fraction":0.403},"geometry":{"type":"Polygon","coordinates":[[[152.5,58.5],[158.5,58.5],[158.5,61.5],[152.5,61.5],[152.5,58.5]]]}},{"type":"Feature","id":299,"properties":{"mascon_id":299,"cells":72,"land_cells":29,"land_fraction":0.403},"geometry":{"type":"Polygon","coordinates":[[[158.5,58.5],[164.5,58.5],[164.5,61.5],[158.5,61.5],[158.5,58.5]]]}},{"type":"Feature","id":300,"properties":{"mascon_id":300,"cells":78,"land_cells":31,"land_fraction":0.397},"geometry":{"type":"Polygon","coordinates":[[[164.5,58.5],[171.0,58.5],[171.0,61.5],[164.5,61.5],[164.5,58.5]]]}},{"type":"Feature","id":301,"properties":{"mascon_id":301,"cells":72,"land_cells":4,"land_fraction":0.056},"geometry":{"type":"Polygon","coordinates":[[[171.0,58.5],[177.0,58.5],[177.0,61.5],[171.0,61.5],[171.0,58.5]]]}},{"type":"Feature","id":304,"properties":{"mascon_id":304,"cells":78,"land_cells":3,"land_fraction":0.038},"geometry":{"type":"Polygon","coordinates":[[[-171.0,58.5],[-164.5,58.5],[-164.5,61.5],[-171.0,61.5],[-171.0,58.5]]]}},{"type":"Feature","id":305,"properties":{"mascon_id":305,"cells":72,"land_cells":52,"land_fraction":0.722},"geometry":{"type":"Polygon","coordinates":[[[-164.5,58.5],[-158.5,58.5],[-158.5,61.5],[-164.5,61.5],[-164.5,58.5]]]}},{"type":"Feature","id":306,"properties":{"mascon_id":306,"cells":72,"land_cells":66,"land_fraction":0.917},"geometry":{"type":"Polygon","coordinates":[[[-158.5,58.5],[-152.5,58.5],[-152.5,61.5],[-158.5,61.5],[-158.5,58.5]]]}},{"type":"Feature","id":307,"properties":{"mascon_id":307,"cells":72,"land_cells":30,"land_fraction":0.417},"geometry":{"type":"Polygon","coordinates":[[[-152.5,58.5],[-146.5,58.5],[-146.5,61.5],[-152.5,61.5],[-152.5,58.5]]]}},{"type":"Feature","id":308,"properties":{"mascon_id":308,"cells":72,"land_cells":33,"land_fraction":0.458},"geometry":{"type":"Polygon","coordinates":[[[-146.5,58.5],[-140.5,58.5],[-140.5,61.5],[-146.5,61.5],[-146.5,58.5]]]}},{"type":"Feature","id":309,"properties":{"mascon_id":309,"cells":78,"land_cells":69,"land_fraction":0.885},"geometry":{"type":"Polygon","coordinates":[[[-140.5,58.5],[-134.0,58.5],[-134.0,61.5],[-140.5,61.5],[-140.5,58.5]]]}},{"type":"Feature","id":310,"properties":{"mascon_id":310,"cells":72,"land_cells":72,"land_fraction":1.0},"geometry":{"type":"Polygon","coordinates":[[[-134.0,58.5],[-128.0,58.5],[-128.0,61.5],[-134.0,61.5],[-134.0,58.5]]]}},{"type":"Feature","id":311,"properties":{"mascon_id":311,"cells":72,"land_cells":72,"land_fraction":1.0},"geometry":{"type":"Polygon","coordinates":[[[-128.0,58.5],[-122.0,58.5],[-122.0,61.5],[-128.0,61.5],[-128.0,58.5]]]}},{"type":"Feature","id":312,"properties":{"mascon_id":312,"cells":72,"land_cells":72,"land_fraction":1.0},"geometry":{"type":"Polygon","coordinates":[[[-122.0,58.5],[-116.0,58.5],[-116.0,61.5],[-122.0,61.5],[-122.0,58.5]]]}},{"type":"Feature","id":313,"properties":{"mascon_id":313,"cells":72,"land_cells":72,"land_fraction":1.0},"geometry":{"type":"Polygon","coordinates":[[[-116.0,58.5],[-110.0,58.5],[-110.0,61.5],[-116.0,61.5],[-116.0,58.5]]]}},{"type":"Feature","id":314,"properties":{"mascon_id":314,"cells":78,"land_cells":78,"land_fraction":1.0},"geometry":{"type":"Polygon","coordinates":[[[-110.0,58.5],[-103.5,58.5],[-103.5,61.5],[-110.0,61.5],[-110.0,58.5]]]}},{"type":"Feature","id":315,"properties":{"mascon_id":315,"cells":72,"land_cells":72,"land_fraction":1.0},"geometry":{"type":"Polygon","coordinates":[[[-103.5,58.5],[-97.5,58.5],[-97.5,61.5],[-103.5,61.5],[-103.5,58.5]]]}},{"type":"Feature","id":316,"properties":{"mascon_id":316,"cells":72,"land_cells":36,"land_fraction":0.5},"geometry":{"type":"Polygon","coordinates":[[[-97.5,58.5],[-91.5,58.5],[-91.5,61.5],[-97.5,61.5],[-97.5,58.5]]]}},{"type":"Feature","id":319,"properties":{"mascon_id":319,"cells":78,"land_cells":59,"land_fraction":0.756},"geometry":{"type":"Polygon","coordinates":[[[-79.5,58.5],[-73.0,58.5],[-73.0,61.5],[-79.5,61.5],[-79.5,58.5]]]}},{"type":"Feature","id":320,"properties":{"mascon_id":320,"cells":72,"land_cells":40,"land_fraction":0.556},"geometry":{"type":"Polygon","coordinates":[[[-73.0,58.5],[-67.0,58.5],[-67.0,61.5],[-73.0,61.5],[-73.0,58.5]]]}},{"type":"Feature","id":321,"properties":{"mascon_id":321,"cells":72,"land_cells":15,"land_fraction":0.208},"geometry":{"type":"Polygon","coordinates":[[[-67.0,58.5],[-61.0,58.5],[-61.0,61.5],[-67.0,61.5],[-67.0,58.5]]]}},{"type":"Feature","id":324,"properties":{"mascon_id":324,"cells":78,"land_cells":22,"land_fraction":0.282},"geometry":{"type":"Polygon","coordinates":[[[-49.0,58.5],[-42.5,58.5],[-42.5,61.5],[-49.0,61.5],[-49.0,58.5]]]}},{"type":"Feature","id":333,"properties":{"mascon_id":333,"cells":66,"land_cells":19,"land_fraction":0.288},"geometry":{"type":"Polygon","coordinates":[[[5.5,55.5],[11.0,55.5],[11.0,58.5],[5.5,58.5],[5.5,55.5]]]}},{"type":"Feature","id":334,"properties":{"mascon_id":334,"cells":66,"land_cells":48,"land_fraction":0.727},"geometry":{"type":"Polygon","coordinates":[[[11.0,55.5],[16.5,55.5],[16.5,58.5],[11.0,58.5],[11.0,55.5]]]}},{"type":"Feature","id":335,"properties":{"mascon_id":335,"cells":66,"land_cells":8,"land_fraction":0.121},"geometry":{"type":"Polygon","coordinates":[[[16.5,55.5],[22.0,55.5],[22.0,58.5],[16.5,58.5],[16.5,55.5]]]}},{"type":"Feature","id":336,"properties":{"mascon_id":336,"cells":66,"land_cells":53,"land_fraction":0.803},"geometry":{"type":"Polygon","coordinates":[[[22.0,55.5],[27.5,55.5],[27.5,58.5],[22.0,58.5],[22.0,55.5]]]}},{"type":"Feature","id":337,"properties":{"mascon_id":337,"cells":66,"land_cells":66,"land_fraction":1.0},"geometry":{"type":"Polygon","coordinates":[[[27.5,55.5],[33.0,55.5],[33.0,58.5],[27.5,58.5],[27.5,55.5]]]}},{"type":"Feature","id":338,"properties":{"mascon_id":338,"cells":72,"land_cells":72,"land_fraction":1.0},"geometry":{"type":"Polygon","coordinates":[[[33.0,55.5],[39.0,55.5],[39.0,58.5],[33.0,58.5],[33.0,55.5]]]}},{"type":"Feature","id":339,"properties":{"mascon_id":339,"cells":66,"land_cells":66,"land_fraction":1.0},"geometry":{"type":"Polygon","coordinates":[[[39.0,55.5],[44.5,55.5],[44.5,58.5],[39.0,58.5],[39.0,55.5]]]}},{"type":"Feature","id":340,"properties":{"mascon_id":340,"cells":66,"land_cells":66,"land_fraction":1.0},"geometry":{"type":"Polygon","coordinates":[[[44.5,55.5],[50.0,55.5],[50.0,58.5],[44.5,58.5],[44.5,55.5]]]}},{"type":"Feature","id":341,"properties":{"mascon_id":341,"cells":66,"land_cells":66,"land_fraction":1.0},"geometry":{"type":"Polygon","coordinates":[[[50.0,55.5],[55.5,55.5],[55.5,58.5],[50.0,58.5],[50.0,55.5]]]}},{"type":"Feature","id":342,"properties":{"mascon_id":342,"cells":66,"land_cells":66,"land_fraction":1.0},"geometry":{"type":"Polygon","coordinates":[[[55.5,55.5],[61.0,55.5],[61.0,58.5],[55.5,58.5],[55.5,55.5]]]}},{"type":"Feature","id":343,"properties":{"mascon_id":343,"cells":66,"land_cells":66,"land_fraction":1.0},"geometry":{"type":"Polygon","coordinates":[[[61.0,55.5],[66.5,55.5],[66.5,58.5],[61.0,58.5],[61.0,55.5]]]}},{"type":"Feature","id":344,"properties":{"mascon_id":344,"cells":66,"land_cells":66,"land_fraction":1.0},"geometry":{"type":"Polygon","coordinates":[[[66.5,55.5],[72.0,55.5],[72.0,58.5],[66.5,58.5],[66.5,55.5]]]}},{"type":"Feature","id":345,"properties":{"mascon_id":345,"cells":66,"land_cells":66,"land_fraction":1.0},"geometry":{"type":"Polygon","coordinates":[[[72.0,55.5],[77.5,55.5],[77.5,58.5],[72.0,58.5],[72.0,55.5]]]}},{"type":"Feature","id":346,"properties":{"mascon_id":346,"cells":66,"land_cells":66,"land_fraction":1.0},"geometry":{"type":"Polygon","coordinates":[[[77.5,55.5],[83.0,55.5],[83.0,58.5],[77.5,58.5],[77.5,55.5]]]}},{"type":"Feature","id":347,"properties":{"mascon_id":347,"cells":66,"land_cells":66,"land_fraction":1.0},"geometry":{"type":"Polygon","coordinates":[[[83.0,55.5],[88.5,55.5],[88.5,58.5],[83.0,58.5],[83.0,55.5]]]}},{"type":"Feature","id":348,"properties":{"mascon_id":348,"cells":66,"land_cells":66,"land_fraction":1.0},"geometry":{"type":"Polygon","coordinates":[[[88.5,55.5],[94.0,55.5],[94.0,58.5],[88.5,58.5],[88.5,55.5]]]}},{"type":"Feature","id":349,"properties":{"mascon_id":349,"cells":66,"land_cells":66,"land_fraction":1.0},"geometry":{"type":"Polygon","coordinates":[[[94.0,55.5],[99.5,55.5],[99.5,58.5],[94.0,58.5],[94.0,55.5]]]}},{"type":"Feature","id":350,"properties":{"mascon_id":350,"cells":66,"land_cells":66,"land_fraction":1.0},"geometry":{"type":"Polygon","coordinates":[[[99.5,55.5],[105.0,55.5],[105.0,58.5],[99.5,58.5],[99.5,55.5]]]}},{"type":"Feature","id":351,"properties":{"mascon_id":351,"cells":72,"land_cells":72,"land_fraction":1.0},"geometry":{"type":"Polygon","coordinates":[[[105.0,55.5],[111.0,55.5],[111.0,58.5],[105.0,58.5],[105.0,55.5]]]}},{"type":"Feature","id":352,"properties":{"mascon_id":352,"cells":66,"land_cells":66,"land_fraction":1.0},"geometry":{"type":"Polygon","coordinates":[[[111.0,55.5],[116.5,55.5],[116.5,58.5],[111.0,58.5],[111.0,55.5]]]}},{"type":"Feature","id":353,"properties":{"mascon_id":353,"cells":66,"land_cells":66,"land_fraction":1.0},"geometry":{"type":"Polygon","coordinates":[[[116.5,55.5],[122.0,55.5],[122.0,58.5],[116.5,58.5],[116.5,55.5]]]}},{"type":"Feature","id":354,"properties":{"mascon_id":354,"cells":66,"land_cells":66,"land_fraction":1.0},"geometry":{"type":"Polygon","coordinates":[[[122.0,55.5],[127.5,55.5],[127.5,58.5],[122.0,58.5],[122.0,55.5]]]}},{"type":"Feature","id":355,"properties":{"mascon_id":355,"cells":66,"land_cells":66,"land_fraction":1.0},"geometry":{"type":"Polygon","coordinates":[[[127.5,55.5],[133.0,55.5],[133.0,58.5],[127.5,58.5],[127.5,55.5]]]}},{"type":"Feature","id":356,"properties":{"mascon_id":356,"cells":66,"land_cells":62,"land_fraction":0.939},"geometry":{"type":"Polygon","coordinates":[[[133.0,55.5],[138.5,55.5],[138.5,58.5],[133.0,58.5],[133.0,55.5]]]}},{"type":"Feature","id":357,"properties":{"mascon_id":357,"cells":66,"land_cells":9,"land_fraction":0.136},"geometry":{"type":"Polygon","coordinates":[[[138.5,55.5],[144.0,55.5],[144.0,58.5],[138.5,58.5],[138.5,55.5]]]}},{"type":"Feature","id":360,"properties":{"mascon_id":360,"cells":66,"land_cells":46,"land_fraction":0.697},"geometry":{"type":"Polygon","coordinates":[[[155.0,55.5],[160.5,55.5],[160.5,58.5],[155.0,58.5],[155.0,55.5]]]}},{"type":"Feature","id":361,"properties":{"mascon_id":361,"cells":66,"land_cells":26,"land_fraction":0.394},"geometry":{"type":"Polygon","coordinates":[[[160.5,55.5],[166.0,55.5],[166.0,58.5],[160.5,58.5],[160.5,55.5]]]}},{"type":"Feature","id":367,"properties":{"mascon_id":367,"cells":66,"land_cells":3,"land_fraction":0.045},"geometry":{"type":"Polygon","coordinates":[[[-166.0,55.5],[-160.5,55.5],[-160.5,58.5],[-166.0,58.5],[-166.0,55.5]]]}},{"type":"Feature","id":368,"properties":{"mascon_id":368,"cells":66,"land_cells":21,"land_fraction":0.318},"geometry":{"type":"Polygon","coordinates":[[[-160.5,55.5],[-155.0,55.5],[-155.0,58.5],[-160.5,58.5],[-160.5,55.5]]]}},{"type":"Feature","id":369,"properties":{"mascon_id":369,"cells":66,"land_cells":9,"land_fraction":0.136},"geometry":{"type":"Polygon","coordinates":[[[-155.0,55.5],[-149.5,55.5],[-149.5,58.5],[-155.0,58.5],[-155.0,55.5]]]}},{"type":"Feature","id":372,"properties":{"mascon_id":372,"cells":66,"land_cells":25,"land_fraction":0.379},"geometry":{"type":"Polygon","coordinates":[[[-138.5,55.5],[-133.0,55.5],[-133.0,58.5],[-138.5,58.5],[-138.5,55.5]]]}},{"type":"Feature","id":373,"properties":{"mascon_id":373,"cells":66,"land_cells":65,"land_fraction":0.985},"geometry":{"type":"Polygon","coordinates":[[[-133.0,55.5],[-127.5,55.5],[-127.5,58.5],[-133.0,58.5],[-133.0,55.5]]]}},{"type":"Feature","id":374,"properties":{"mascon_id":374,"cells":66,"land_cells":66,"land_fraction":1.0},"geometry":{"type":"Polygon","coordinates":[[[-127.5,55.5],[-122.0,55.5],[-122.0,58.5],[-127.5,58.5],[-127.5,55.5]]]}},{"type":"Feature","id":375,"properties":{"mascon_id":375,"cells":66,"land_cells":66,"land_fraction":1.0},"geometry":{"type":"Polygon","coordinates":[[[-122.0,55.5],[-116.5,55.5],[-116.5,58.5],[-122.0,58.5],[-122.0,55.5]]]}},{"type":"Feature","id":376,"properties":{"mascon_id":376,"cells":66,"land_cells":66,"land_fraction":1.0},"geometry":{"type":"Polygon","coordinates":[[[-116.5,55.5],[-111.0,55.5],[-111.0,58.5],[-116.5,58.5],[-116.5,55.5]]]}},{"type":"Feature","id":377,"properties":{"mascon_id":377,"cells":72,"land_cells":72,"land_fraction":1.0},"geometry":{"type":"Polygon","coordinates":[[[-111.0,55.5],[-105.0,55.5],[-105.0,58.5],[-111.0,58.5],[-111.0,55.5]]]}},{"type":"Feature","id":378,"properties":{"mascon_id":378,"cells":66,"land_cells":66,"land_fraction":1.0},"geometry":{"type":"Polygon","coordinates":[[[-105.0,55.5],[-99.5,55.5],[-99.5,58.5],[-105.0,58.5],[-105.0,55.5]]]}},{"type":"Feature","id":379,"properties":{"mascon_id":379,"cells":66,"land_cells":66,"land_fraction":1.0},"geometry":{"type":"Polygon","coordinates":[[[-99.5,55.5],[-94.0,55.5],[-94.0,58.5],[-99.5,58.5],[-99.5,55.5]]]}},{"type":"Feature","id":380,"properties":{"mascon_id":380,"cells":66,"land_cells":42,"land_fraction":0.636},"geometry":{"type":"Polygon","coordinates":[[[-94.0,55.5],[-88.5,55.5],[-88.5,58.5],[-94.0,58.5],[-94.0,55.5]]]}},{"type":"Feature","id":381,"properties":{"mascon_id":381,"cells":66,"land_cells":5,"land_fraction":0.076},"geometry":{"type":"Polygon","coordinates":[[[-88.5,55.5],[-83.0,55.5],[-83.0,58.5],[-88.5,58.5],[-88.5,55.5]]]}},{"type":"Feature","id":383,"properties":{"mascon_id":383,"cells":66,"land_cells":58,"land_fraction":0.879},"geometry":{"type":"Polygon","coordinates":[[[-77.5,55.5],[-72.0,55.5],[-72.0,58.5],[-77.5,58.5],[-77.5,55.5]]]}},{"type":"Feature","id":384,"properties":{"mascon_id":384,"cells":66,"land_cells":66,"land_fraction":1.0},"geometry":{"type":"Polygon","coordinates":[[[-72.0,55.5],[-66.5,55.5],[-66.5,58.5],[-72.0,58.5],[-72.0,55.5]]]}},{"type":"Feature","id":385,"properties":{"mascon_id":385,"cells":66,"land_cells":58,"land_fraction":0.879},"geometry":{"type":"Polygon","coordinates":[[[-66.5,55.5],[-61.0,55.5],[-61.0,58.5],[-66.5,58.5],[-66.5,55.5]]]}},{"type":"Feature","id":386,"properties":{"mascon_id":386,"cells":66,"land_cells":1,"land_fraction":0.015},"geometry":{"type":"Polygon","coordinates":[[[-61.0,55.5],[-55.5,55.5],[-55.5,58.5],[-61.0,58.5],[-61.0,55.5]]]}},{"type":"Feature","id":395,"properties":{"mascon_id":395,"cells":66,"land_cells":3,"land_fraction":0.045},"geometry":{"type":"Polygon","coordinates":[[[-11.0,55.5],[-5.5,55.5],[-5.5,58.5],[-11.0,58.5],[-11.0,55.5]]]}},{"type":"Feature","id":396,"properties":{"mascon_id":396,"cells":66,"land_cells":31,"land_fraction":0.47},"geometry":{"type":"Polygon","coordinates":[[[-5.5,55.5],[0.0,55.5],[0.0,58.5],[-5.5,58.5],[-5.5,55.5]]]}},{"type":"Feature","id":397,"properties":{"mascon_id":397,"cells":60,"land_cells":5,"land_fraction":0.083},"geometry":{"type":"Polygon","coordinates":[[[0.0,52.5],[5.0,52.5],[5.0,55.5],[0.0,55.5],[0.0,52.5]]]}},{"type":"Feature","id":398,"properties":{"mascon_id":398,"cells":66,"land_cells":33,"land_fraction":0.5},"geometry":{"type":"Polygon","coordinates":[[[5.0,52.5],[10.5,52.5],[10.5,55.5],[5.0,55.5],[5.0,52.5]]]}},{"type":"Feature","id":399,"properties":{"mascon_id":399,"cells":60,"land_cells":38,"land_fraction":0.633},"geometry":{"type":"Polygon","coordinates":[[[10.5,52.5],[15.5,52.5],[15.5,55.5],[10.5,55.5],[10.5,52.5]]]}},{"type":"Feature","id":400,"properties":{"mascon_id":400,"cells":60,"land_cells":42,"land_fraction":0.7},"geometry":{"type":"Polygon","coordinates":[[[15.5,52.5],[20.5,52.5],[20.5,55.5],[15.5,55.5],[15.5,52.5]]]}},{"type":"Feature","id":401,"properties":{"mascon_id":401,"cells":60,"land_cells":59,"land_fraction":0.983},"geometry":{"type":"Polygon","coordinates":[[[20.5,52.5],[25.5,52.5],[25.5,55.5],[20.5,55.5],[20.5,52.5]]]}},{"type":"Feature","id":402,"properties":{"mascon_id":402,"cells":66,"land_cells":66,"land_fraction":1.0},"geometry":{"type":"Polygon","coordinates":[[[25.5,52.5],[31.0,52.5],[31.0,55.5],[25.5,55.5],[25.5,52.5]]]}},{"type":"Feature","id":403,"properties":{"mascon_id":403,"cells":60,"land_cells":60,"land_fraction":1.0},"geometry":{"type":"Polygon","coordinates":[[[31.0,52.5],[36.0,52.5],[36.0,55.5],[31.0,55.5],[31.0,52.5]]]}},{"type":"Feature","id":404,"properties":{"mascon_id":404,"cells":60,"land_cells":60,"land_fraction":1.0},"geometry":{"type":"Polygon","coordinates":[[[36.0,52.5],[41.0,52.5],[41.0,55.5],[36.0,55.5],[36.0,52.5]]]}},{"type":"Feature","id":405,"properties":{"mascon_id":405,"cells":66,"land_cells":66,"land_fraction":1.0},"geometry":{"type":"Polygon","coordinates":[[[41.0,52.5],[46.5,52.5],[46.5,55.5],[41.0,55.5],[41.0,52.5]]]}},{"type":"Feature","id":406,"properties":{"mascon_id":406,"cells":60,"land_cells":60,"land_fraction":1.0},"geometry":{"type":"Polygon","coordinates":[[[46.5,52.5],[51.5,52.5],[51.5,55.5],[46.5,55.5],[46.5,52.5]]]}},{"type":"Feature","id":407,"properties":{"mascon_id":407,"cells":60,"land_cells":60,"land_fraction":1.0},"geometry":{"type":"Polygon","coordinates":[[[51.5,52.5],[56.5,52.5],[56.5,55.5],[51.5,55.5],[51.5,52.5]]]}},{"type":"Feature","id":408,"properties":{"mascon_id":408,"cells":60,"land_cells":60,"land_fraction":1.0},"geometry":{"type":"Polygon","coordinates":[[[56.5,52.5],[61.5,52.5],[61.5,55.5],[56.5,55.5],[56.5,52.5]]]}},{"type":"Feature","id":409,"properties":{"mascon_id":409,"cells":66,"land_cells":66,"land_fraction":1.0},"geometry":{"type":"Polygon","coordinates":[[[61.5,52.5],[67.0,52.5],[67.0,55.5],[61.5,55.5],[61.5,52.5]]]}},{"type":"Feature","id":410,"properties":{"mascon_id":410,"cells":60,"land_cells":60,"land_fraction":1.0},"geometry":{"type":"Polygon","coordinates":[[[67.0,52.5],[72.0,52.5],[72.0,55.5],[67.0,55.5],[67.0,52.5]]]}},{"type":"Feature","id":411,"properties":{"mascon_id":411,"cells":60,"land_cells":60,"land_fraction":1.0},"geometry":{"type":"Polygon","coordinates":[[[72.0,52.5],[77.0,52.5],[77.0,55.5],[72.0,55.5],[72.0,52.5]]]}},{"type":"Feature","id":412,"properties":{"mascon_id":412,"cells":66,"land_cells":66,"land_fraction":1.0},"geometry":{"type":"Polygon","coordinates":[[[77.0,52.5],[82.5,52.5],[82.5,55.5],[77.0,55.5],[77.0,52.5]]]}},{"type":"Feature","id":413,"properties":{"mascon_id":413,"cells":60,"land_cells":60,"land_fraction":1.0},"geometry":{"type":"Polygon","coordinates":[[[82.5,52.5],[87.5,52.5],[87.5,55.5],[82.5,55.5],[82.5,52.5]]]}},{"type":"Feature","id":414,"properties":{"mascon_id":414,"cells":60,"land_cells":60,"land_fraction":1.0},"geometry":{"type":"Polygon","coordinates":[[[87.5,52.5],[92.5,52.5],[92.5,55.5],[87.5,55.5],[87.5,52.5]]]}},{"type":"Feature","id":415,"properties":{"mascon_id":415,"cells":60,"land_cells":60,"land_fraction":1.0},"geometry":{"type":"Polygon","coordinates":[[[92.5,52.5],[97.5,52.5],[97.5,55.5],[92.5,55.5],[92.5,52.5]]]}},{"type":"Feature","id":416,"properties":{"mascon_id":416,"cells":66,"land_cells":66,"land_fraction":1.0},"geometry":{"type":"Polygon","coordinates":[[[97.5,52.5],[103.0,52.5],[103.0,55.5],[97.5,55.5],[97.5,52.5]]]}},{"type":"Feature","id":417,"properties":{"mascon_id":417,"cells":60,"land_cells":60,"land_fraction":1.0},"geometry":{"type":"Polygon","coordinates":[[[103.0,52.5],[108.0,52.5],[108.0,55.5],[103.0,55.5],[103.0,52.5]]]}},{"type":"Feature","id":418,"properties":{"mascon_id":418,"cells":60,"land_cells":60,"land_fraction":1.0},"geometry":{"type":"Polygon","coordinates":[[[108.0,52.5],[113.0,52.5],[113.0,55.5],[108.0,55.5],[108.0,52.5]]]}},{"type":"Feature","id":419,"properties":{"mascon_id":419,"cells":66,"land_cells":66,"land_fraction":1.0},"geometry":{"type":"Polygon","coordinates":[[[113.0,52.5],[118.5,52.5],[118.5,55.5],[113.0,55.5],[113.0,52.5]]]}},{"type":"Feature","id":420,"properties":{"mascon_id":420,"cells":60,"land_cells":60,"land_fraction":1.0},"geometry":{"type":"Polygon","coordinates":[[[118.5,52.5],[123.5,52.5],[123.5,55.5],[118.5,55.5],[118.5,52.5]]]}},{"type":"Feature","id":421,"properties":{"mascon_id":421,"cells":60,"land_cells":60,"land_fraction":1.0},"geometry":{"type":"Polygon","coordinates":[[[123.5,52.5],[128.5,52.5],[128.5,55.5],[123.5,55.5],[123.5,52.5]]]}},{"type":"Feature","id":422,"properties":{"mascon_id":422,"cells":60,"land_cells":60,"land_fraction":1.0},"geometry":{"type":"Polygon","coordinates":[[[128.5,52.5],[133.5,52.5],[133.5,55.5],[128.5,55.5],[128.5,52.5]]]}},{"type":"Feature","id":423,"properties":{"mascon_id":423,"cells":66,"land_cells":47,"land_fraction":0.712},"geometry":{"type":"Polygon","coordinates":[[[133.5,52.5],[139.0,52.5],[139.0,55.5],[133.5,55.5],[133.5,52.5]]]}},{"type":"Feature","id":424,"properties":{"mascon_id":424,"cells":60,"land_cells":18,"land_fraction":0.3},"geometry":{"type":"Polygon","coordinates":[[[139.0,52.5],[144.0,52.5],[144.0,55.5],[139.0,55.5],[139.0,52.5]]]}},{"type":"Feature","id":427,"properties":{"mascon_id":427,"cells":60,"land_cells":42,"land_fraction":0.7},"geometry":{"type":"Polygon","coordinates":[[[154.5,52.5],[159.5,52.5],[159.5,55.5],[154.5,55.5],[154.5,52.5]]]}},{"type":"Feature","id":428,"properties":{"mascon_id":428,"cells":60,"land_cells":13,"land_fraction":0.217},"geometry":{"type":"Polygon","coordinates":[[[159.5,52.5],[164.5,52.5],[164.5,55.5],[159.5,55.5],[159.5,52.5]]]}},{"type":"Feature","id":435,"properties":{"mascon_id":435,"cells":60,"land_cells":1,"land_fraction":0.017},"geometry":{"type":"Polygon","coordinates":[[[-164.5,52.5],[-159.5,52.5],[-159.5,55.5],[-164.5,55.5],[-164.5,52.5]]]}},{"type":"Feature","id":441,"properties":{"mascon_id":441,"cells":60,"land_cells":24,"land_fraction":0.4},"geometry":{"type":"Polygon","coordinates":[[[-133.5,52.5],[-128.5,52.5],[-128.5,55.5],[-133.5,55.5],[-133.5,52.5]]]}},{"type":"Feature","id":442,"properties":{"mascon_id":442,"cells":60,"land_cells":60,"land_fraction":1.0},"geometry":{"type":"Polygon","coordinates":[[[-128.5,52.5],[-123.5,52.5],[-123.5,55.5],[-128.5,55.5],[-128.5,52.5]]]}},{"type":"Feature","id":443,"properties":{"mascon_id":443,"cells":60,"land_cells":60,"land_fraction":1.0},"geometry":{"type":"Polygon","coordinates":[[[-123.5,52.5],[-118.5,52.5],[-118.5,55.5],[-123.5,55.5],[-123.5,52.5]]]}},{"type":"Feature","id":444,"properties":{"mascon_id":444,"cells":66,"land_cells":66,"land_fraction":1.0},"geometry":{"type":"Polygon","coordinates":[[[-118.5,52.5],[-113.0,52.5],[-113.0,55.5],[-118.5,55.5],[-118.5,52.5]]]}},{"type":"Feature","id":445,"properties":{"mascon_id":445,"cells":60,"land_cells":60,"land_fraction":1.0},"geometry":{"type":"Polygon","coordinates":[[[-113.0,52.5],[-108.0,52.5],[-108.0,55.5],[-113.0,55.5],[-113.0,52.5]]]}},{"type":"Feature","id":446,"properties":{"mascon_id":446,"cells":60,"land_cells":60,"land_fraction":1.0},"geometry":{"type":"Polygon","coordinates":[[[-108.0,52.5],[-103.0,52.5],[-103.0,55.5],[-108.0,55.5],[-108.0,52.5]]]}},{"type":"Feature","id":447,"properties":{"mascon_id":447,"cells":66,"land_cells":66,"land_fraction":1.0},"geometry":{"type":"Polygon","coordinates":[[[-103.0,52.5],[-97.5,52.5],[-97.5,55.5],[-103.0,55.5],[-103.0,52.5]]]}},{"type":"Feature","id":448,"properties":{"mascon_id":448,"cells":60,"land_cells":60,"land_fraction":1.0},"geometry":{"type":"Polygon","coordinates":[[[-97.5,52.5],[-92.5,52.5],[-92.5,55.5],[-97.5,55.5],[-97.5,52.5]]]}},{"type":"Feature","id":449,"properties":{"mascon_id":449,"cells":60,"land_cells":60,"land_fraction":1.0},"geometry":{"type":"Polygon","coordinates":[[[-92.5,52.5],[-87.5,52.5],[-87.5,55.5],[-92.5,55.5],[-92.5,52.5]]]}},{"type":"Feature","id":450,"properties":{"mascon_id":450,"cells":60,"land_cells":57,"land_fraction":0.95},"geometry":{"type":"Polygon","coordinates":[[[-87.5,52.5],[-82.5,52.5],[-82.5,55.5],[-87.5,55.5],[-87.5,52.5]]]}},{"type":"Feature","id":451,"properties":{"mascon_id":451,"cells":66,"land_cells":27,"land_fraction":0.409},"geometry":{"type":"Polygon","coordinates":[[[-82.5,52.5],[-77.0,52.5],[-77.0,55.5],[-82.5,55.5],[-82.5,52.5]]]}},{"type":"Feature","id":452,"properties":{"mascon_id":452,"cells":60,"land_cells":60,"land_fraction":1.0},"geometry":{"type":"Polygon","coordinates":[[[-77.0,52.5],[-72.0,52.5],[-72.0,55.5],[-77.0,55.5],[-77.0,52.5]]]}},{"type":"Feature","id":453,"properties":{"mascon_id":453,"cells":60,"land_cells":60,"land_fraction":1.0},"geometry":{"type":"Polygon","coordinates":[[[-72.0,52.5],[-67.0,52.5],[-67.0,55.5],[-72.0,55.5],[-72.0,52.5]]]}},{"type":"Feature","id":454,"properties":{"mascon_id":454,"cells":66,"land_cells":66,"land_fraction":1.0},"geometry":{"type":"Polygon","coordinates":[[[-67.0,52.5],[-61.5,52.5],[-61.5,55.5],[-67.0,55.5],[-67.0,52.5]]]}},{"type":"Feature","id":455,"properties":{"mascon_id":455,"cells":60,"land_cells":47,"land_fraction":0.783},"geometry":{"type":"Polygon","coordinates":[[[-61.5,52.5],[-56.5,52.5],[-56.5,55.5],[-61.5,55.5],[-61.5,52.5]]]}},{"type":"Feature","id":456,"properties":{"mascon_id":456,"cells":60,"land_cells":2,"land_fraction":0.033},"geometry":{"type":"Polygon","coordinates":[[[-56.5,52.5],[-51.5,52.5],[-51.5,55.5],[-56.5,55.5],[-56.5,52.5]]]}},{"type":"Feature","id":465,"properties":{"mascon_id":465,"cells":66,"land_cells":38,"land_fraction":0.576},"geometry":{"type":"Polygon","coordinates":[[[-10.5,52.5],[-5.0,52.5],[-5.0,55.5],[-10.5,55.5],[-10.5,52.5]]]}},{"type":"Feature","id":466,"properties":{"mascon_id":466,"cells":60,"land_cells":41,"land_fraction":0.683},"geometry":{"type":"Polygon","coordinates":[[[-5.0,52.5],[0.0,52.5],[0.0,55.5],[-5.0,55.5],[-5.0,52.5]]]}},{"type":"Feature","id":467,"properties":{"mascon_id":467,"cells":60,"land_cells":37,"land_fraction":0.617},"geometry":{"type":"Polygon","coordinates":[[[0.0,49.5],[5.0,49.5],[5.0,52.5],[0.0,52.5],[0.0,49.5]]]}},{"type":"Feature","id":468,"properties":{"mascon_id":468,"cells":54,"land_cells":54,"land_fraction":1.0},"geometry":{"type":"Polygon","coordinates":[[[5.0,49.5],[9.5,49.5],[9.5,52.5],[5.0,52.5],[5.0,49.5]]]}},{"type":"Feature","id":469,"properties":{"mascon_id":469,"cells":60,"land_cells":60,"land_fraction":1.0},"geometry":{"type":"Polygon","coordinates":[[[9.5,49.5],[14.5,49.5],[14.5,52.5],[9.5,52.5],[9.5,49.5]]]}},{"type":"Feature","id":470,"properties":{"mascon_id":470,"cells":54,"land_cells":54,"land_fraction":1.0},"geometry":{"type":"Polygon","coordinates":[[[14.5,49.5],[19.0,49.5],[19.0,52.5],[14.5,52.5],[14.5,49.5]]]}},{"type":"Feature","id":471,"properties":{"mascon_id":471,"cells":60,"land_cells":60,"land_fraction":1.0},"geometry":{"type":"Polygon","coordinates":[[[19.0,49.5],[24.0,49.5],[24.0,52.5],[19.0,52.5],[19.0,49.5]]]}},{"type":"Feature","id":472,"properties":{"mascon_id":472,"cells":60,"land_cells":60,"land_fraction":1.0},"geometry":{"type":"Polygon","coordinates":[[[24.0,49.5],[29.0,49.5],[29.0,52.5],[24.0,52.5],[24.0,49.5]]]}},{"type":"Feature","id":473,"properties":{"mascon_id":473,"cells":54,"land_cells":54,"land_fraction":1.0},"geometry":{"type":"Polygon","coordinates":[[[29.0,49.5],[33.5,49.5],[33.5,52.5],[29.0,52.5],[29.0,49.5]]]}},{"type":"Feature","id":474,"properties":{"mascon_id":474,"cells":60,"land_cells":60,"land_fraction":1.0},"geometry":{"type":"Polygon","coordinates":[[[33.5,49.5],[38.5,49.5],[38.5,52.5],[33.5,52.5],[33.5,49.5]]]}},{"type":"Feature","id":475,"properties":{"mascon_id":475,"cells":54,"land_cells":54,"land_fraction":1.0},"geometry":{"type":"Polygon","coordinates":[[[38.5,49.5],[43.0,49.5],[43.0,52.5],[38.5,52.5],[38.5,49.5]]]}},{"type":"Feature","id":476,"properties":{"mascon_id":476,"cells":60,"land_cells":60,"land_fraction":1.0},"geometry":{"type":"Polygon","coordinates":[[[43.0,49.5],[48.0,49.5],[48.0,52.5],[43.0,52.5],[43.0,49.5]]]}},{"type":"Feature","id":477,"properties":{"mascon_id":477,"cells":60,"land_cells":60,"land_fraction":1.0},"geometry":{"type":"Polygon","coordinates":[[[48.0,49.5],[53.0,49.5],[53.0,52.5],[48.0,52.5],[48.0,49.5]]]}},{"type":"Feature","id":478,"properties":{"mascon_id":478,"cells":54,"land_cells":54,"land_fraction":1.0},"geometry":{"type":"Polygon","coordinates":[[[53.0,49.5],[57.5,49.5],[57.5,52.5],[53.0,52.5],[53.0,49.5]]]}},{"type":"Feature","id":479,"properties":{"mascon_id":479,"cells":60,"land_cells":60,"land_fraction":1.0},"geometry":{"type":"Polygon","coordinates":[[[57.5,49.5],[62.5,49.5],[62.5,52.5],[57.5,52.5],[57.5,49.5]]]}},{"type":"Feature","id":480,"properties":{"mascon_id":480,"cells":54,"land_cells":54,"land_fraction":1.0},"geometry":{"type":"Polygon","coordinates":[[[62.5,49.5],[67.0,49.5],[67.0,52.5],[62.5,52.5],[62.5,49.5]]]}},{"type":"Feature","id":481,"properties":{"mascon_id":481,"cells":60,"land_cells":60,"land_fraction":1.0},"geometry":{"type":"Polygon","coordinates":[[[67.0,49.5],[72.0,49.5],[72.0,52.5],[67.0,52.5],[67.0,49.5]]]}},{"type":"Feature","id":482,"properties":{"mascon_id":482,"cells":60,"land_cells":60,"land_fraction":1.0},"geometry":{"type":"Polygon","coordinates":[[[72.0,49.5],[77.0,49.5],[77.0,52.5],[72.0,52.5],[72.0,49.5]]]}},{"type":"Feature","id":483,"properties":{"mascon_id":483,"cells":54,"land_cells":54,"land_fraction":1.0},"geometry":{"type":"Polygon","coordinates":[[[77.0,49.5],[81.5,49.5],[81.5,52.5],[77.0,52.5],[77.0,49.5]]]}},{"type":"Feature","id":484,"properties":{"mascon_id":484,"cells":60,"land_cells":60,"land_fraction":1.0},"geometry":{"type":"Polygon","coordinates":[[[81.5,49.5],[86.5,49.5],[86.5,52.5],[81.5,52.5],[81.5,49.5]]]}},{"type":"Feature","id":485,"properties":{"mascon_id":485,"cells":54,"land_cells":54,"land_fraction":1.0},"geometry":{"type":"Polygon","coordinates":[[[86.5,49.5],[91.0,49.5],[91.0,52.5],[86.5,52.5],[86.5,49.5]]]}},{"type":"Feature","id":486,"properties":{"mascon_id":486,"cells":60,"land_cells":60,"land_fraction":1.0},"geometry":{"type":"Polygon","coordinates":[[[91.0,49.5],[96.0,49.5],[96.0,52.5],[91.0,52.5],[91.0,49.5]]]}},{"type":"Feature","id":487,"properties":{"mascon_id":487,"cells":60,"land_cells":60,"land_fraction":1.0},"geometry":{"type":"Polygon","coordinates":[[[96.0,49.5],[101.0,49.5],[101.0,52.5],[96.0,52.5],[96.0,49.5]]]}},{"type":"Feature","id":488,"properties":{"mascon_id":488,"cells":54,"land_cells":54,"land_fraction":1.0},"geometry":{"type":"Polygon","coordinates":[[[101.0,49.5],[105.5,49.5],[105.5,52.5],[101.0,52.5],[101.0,49.5]]]}},{"type":"Feature","id":489,"properties":{"mascon_id":489,"cells":60,"land_cells":60,"land_fraction":1.0},"geometry":{"type":"Polygon","coordinates":[[[105.5,49.5],[110.5,49.5],[110.5,52.5],[105.5,52.5],[105.5,49.5]]]}},{"type":"Feature","id":490,"properties":{"mascon_id":490,"cells":54,"land_cells":54,"land_fraction":1.0},"geometry":{"type":"Polygon","coordinates":[[[110.5,49.5],[115.0,49.5],[115.0,52.5],[110.5,52.5],[110.5,49.5]]]}},{"type":"Feature","id":491,"properties":{"mascon_id":491,"cells":60,"land_cells":60,"land_fraction":1.0},"geometry":{"type":"Polygon","coordinates":[[[115.0,49.5],[120.0,49.5],[120.0,52.5],[115.0,52.5],[115.0,49.5]]]}},{"type":"Feature","id":492,"properties":{"mascon_id":492,"cells":60,"land_cells":60,"land_fraction":1.0},"geometry":{"type":"Polygon","coordinates":[[[120.0,49.5],[125.0,49.5],[125.0,52.5],[120.0,52.5],[120.0,49.5]]]}},{"type":"Feature","id":493,"properties":{"mascon_id":493,"cells":54,"land_cells":54,"land_fraction":1.0},"geometry":{"type":"Polygon","coordinates":[[[125.0,49.5],[129.5,49.5],[129.5,52.5],[125.0,52.5],[125.0,49.5]]]}},{"type":"Feature","id":494,"properties":{"mascon_id":494,"cells":60,"land_cells":60,"land_fraction":1.0},"geometry":{"type":"Polygon","coordinates":[[[129.5,49.5],[134.5,49.5],[134.5,52.5],[129.5,52.5],[129.5,49.5]]]}},{"type":"Feature","id":495,"properties":{"mascon_id":495,"cells":54,"land_cells":54,"land_fraction":1.0},"geometry":{"type":"Polygon","coordinates":[[[134.5,49.5],[139.0,49.5],[139.0,52.5],[134.5,52.5],[134.5,49.5]]]}},{"type":"Feature","id":496,"properties":{"mascon_id":496,"cells":60,"land_cells":40,"land_fraction":0.667},"geometry":{"type":"Polygon","coordinates":[[[139.0,49.5],[144.0,49.5],[144.0,52.5],[139.0,52.5],[139.0,49.5]]]}},{"type":"Feature","id":499,"properties":{"mascon_id":499,"cells":60,"land_cells":8,"land_fraction":0.133},"geometry":{"type":"Polygon","coordinates":[[[153.5,49.5],[158.5,49.5],[158.5,52.5],[153.5,52.5],[153.5,49.5]]]}},{"type":"Feature","id":515,"properties":{"mascon_id":515,"cells":54,"land_cells":34,"land_fraction":0.63},"geometry":{"type":"Polygon","coordinates":[[[-129.5,49.5],[-125.0,49.5],[-125.0,52.5],[-129.5,52.5],[-129.5,49.5]]]}},{"type":"Feature","id":516,"properties":{"mascon_id":516,"cells":60,"land_cells":60,"land_fraction":1.0},"geometry":{"type":"Polygon","coordinates":[[[-125.0,49.5],[-120.0,49.5],[-120.0,52.5],[-125.0,52.5],[-125.0,49.5]]]}},{"type":"Feature","id":517,"properties":{"mascon_id":517,"cells":60,"land_cells":60,"land_fraction":1.0},"geometry":{"type":"Polygon","coordinates":[[[-120.0,49.5],[-115.0,49.5],[-115.0,52.5],[-120.0,52.5],[-120.0,49.5]]]}},{"type":"Feature","id":518,"properties":{"mascon_id":518,"cells":54,"land_cells":54,"land_fraction":1.0},"geometry":{"type":"Polygon","coordinates":[[[-115.0,49.5],[-110.5,49.5],[-110.5,52.5],[-115.0,52.5],[-115.0,49.5]]]}},{"type":"Feature","id":519,"properties":{"mascon_id":519,"cells":60,"land_cells":60,"land_fraction":1.0},"geometry":{"type":"Polygon","coordinates":[[[-110.5,49.5],[-105.5,49.5],[-105.5,52.5],[-110.5,52.5],[-110.5,49.5]]]}},{"type":"Feature","id":520,"properties":{"mascon_id":520,"cells":54,"land_cells":54,"land_fraction":1.0},"geometry":{"type":"Polygon","coordinates":[[[-105.5,49.5],[-101.0,49.5],[-101.0,52.5],[-105.5,52.5],[-105.5,49.5]]]}},{"type":"Feature","id":521,"properties":{"mascon_id":521,"cells":60,"land_cells":60,"land_fraction":1.0},"geometry":{"type":"Polygon","coordinates":[[[-101.0,49.5],[-96.0,49.5],[-96.0,52.5],[-101.0,52.5],[-101.0,49.5]]]}},{"type":"Feature","id":522,"properties":{"mascon_id":522,"cells":60,"land_cells":60,"land_fraction":1.0},"geometry":{"type":"Polygon","coordinates":[[[-96.0,49.5],[-91.0,49.5],[-91.0,52.5],[-96.0,52.5],[-96.0,49.5]]]}},{"type":"Feature","id":523,"properties":{"mascon_id":523,"cells":54,"land_cells":54,"land_fraction":1.0},"geometry":{"type":"Polygon","coordinates":[[[-91.0,49.5],[-86.5,49.5],[-86.5,52.5],[-91.0,52.5],[-91.0,49.5]]]}},{"type":"Feature","id":524,"properties":{"mascon_id":524,"cells":60,"land_cells":60,"land_fraction":1.0},"geometry":{"type":"Polygon","coordinates":[[[-86.5,49.5],[-81.5,49.5],[-81.5,52.5],[-86.5,52.5],[-86.5,49.5]]]}},{"type":"Feature","id":525,"properties":{"mascon_id":525,"cells":54,"land_cells":45,"land_fraction":0.833},"geometry":{"type":"Polygon","coordinates":[[[-81.5,49.5],[-77.0,49.5],[-77.0,52.5],[-81.5,52.5],[-81.5,49.5]]]}},{"type":"Feature","id":526,"properties":{"mascon_id":526,"cells":60,"land_cells":60,"land_fraction":1.0},"geometry":{"type":"Polygon","coordinates":[[[-77.0,49.5],[-72.0,49.5],[-72.0,52.5],[-77.0,52.5],[-77.0,49.5]]]}},{"type":"Feature","id":527,"properties":{"mascon_id":527,"cells":60,"land_cells":60,"land_fraction":1.0},"geometry":{"type":"Polygon","coordinates":[[[-72.0,49.5],[-67.0,49.5],[-67.0,52.5],[-72.0,52.5],[-72.0,49.5]]]}},{"type":"Feature","id":528,"properties":{"mascon_id":528,"cells":54,"land_cells":41,"land_fraction":0.759},"geometry":{"type":"Polygon","coordinates":[[[-67.0,49.5],[-62.5,49.5],[-62.5,52.5],[-67.0,52.5],[-67.0,49.5]]]}},{"type":"Feature","id":529,"properties":{"mascon_id":529,"cells":60,"land_cells":41,"land_fraction":0.683},"geometry":{"type":"Polygon","coordinates":[[[-62.5,49.5],[-57.5,49.5],[-57.5,52.5],[-62.5,52.5],[-62.5,49.5]]]}},{"type":"Feature","id":530,"properties":{"mascon_id":530,"cells":54,"land_cells":16,"land_fraction":0.296},"geometry":{"type":"Polygon","coordinates":[[[-57.5,49.5],[-53.0,49.5],[-53.0,52.5],[-57.5,52.5],[-57.5,49.5]]]}},{"type":"Feature","id":539,"properties":{"mascon_id":539,"cells":60,"land_cells":2,"land_fraction":0.033},"geometry":{"type":"Polygon","coordinates":[[[-14.5,49.5],[-9.5,49.5],[-9.5,52.5],[-14.5,52.5],[-14.5,49.5]]]}},{"type":"Feature","id":540,"properties":{"mascon_id":540,"cells":54,"land_cells":8,"land_fraction":0.148},"geometry":{"type":"Polygon","coordinates":[[[-9.5,49.5],[-5.0,49.5],[-5.0,52.5],[-9.5,52.5],[-9.5,49.5]]]}},{"type":"Feature","id":541,"properties":{"mascon_id":541,"cells":60,"land_cells":34,"land_fraction":0.567},"geometry":{"type":"Polygon","coordinates":[[[-5.0,49.5],[0.0,49.5],[0.0,52.5],[-5.0,52.5],[-5.0,49.5]]]}},{"type":"Feature","id":542,"properties":{"mascon_id":542,"cells":54,"land_cells":54,"land_fraction":1.0},"geometry":{"type":"Polygon","coordinates":[[[0.0,46.5],[4.5,46.5],[4.5,49.5],[0.0,49.5],[0.0,46.5]]]}},{"type":"Feature","id":543,"properties":{"mascon_id":543,"cells":54,"land_cells":54,"land_fraction":1.0},"geometry":{"type":"Polygon","coordinates":[[[4.5,46.5],[9.0,46.5],[9.0,49.5],[4.5,49.5],[4.5,46.5]]]}},{"type":"Feature","id":544,"properties":{"mascon_id":544,"cells":54,"land_cells":54,"land_fraction":1.0},"geometry":{"type":"Polygon","coordinates":[[[9.0,46.5],[13.5,46.5],[13.5,49.5],[9.0,49.5],[9.0,46.5]]]}},{"type":"Feature","id":545,"properties":{"mascon_id":545,"cells":54,"land_cells":54,"land_fraction":1.0},"geometry":{"type":"Polygon","coordinates":[[[13.5,46.5],[18.0,46.5],[18.0,49.5],[13.5,49.5],[13.5,46.5]]]}},{"type":"Feature","id":546,"properties":{"mascon_id":546,"cells":54,"land_cells":54,"land_fraction":1.0},"geometry":{"type":"Polygon","coordinates":[[[18.0,46.5],[22.5,46.5],[22.5,49.5],[18.0,49.5],[18.0,46.5]]]}},{"type":"Feature","id":547,"properties":{"mascon_id":547,"cells":54,"land_cells":54,"land_fraction":1.0},"geometry":{"type":"Polygon","coordinates":[[[22.5,46.5],[27.0,46.5],[27.0,49.5],[22.5,49.5],[22.5,46.5]]]}},{"type":"Feature","id":548,"properties":{"mascon_id":548,"cells":54,"land_cells":54,"land_fraction":1.0},"geometry":{"type":"Polygon","coordinates":[[[27.0,46.5],[31.5,46.5],[31.5,49.5],[27.0,49.5],[27.0,46.5]]]}},{"type":"Feature","id":549,"properties":{"mascon_id":549,"cells":54,"land_cells":54,"land_fraction":1.0},"geometry":{"type":"Polygon","coordinates":[[[31.5,46.5],[36.0,46.5],[36.0,49.5],[31.5,49.5],[31.5,46.5]]]}},{"type":"Feature","id":550,"properties":{"mascon_id":550,"cells":54,"land_cells":50,"land_fraction":0.926},"geometry":{"type":"Polygon","coordinates":[[[36.0,46.5],[40.5,46.5],[40.5,49.5],[36.0,49.5],[36.0,46.5]]]}},{"type":"Feature","id":551,"properties":{"mascon_id":551,"cells":54,"land_cells":54,"land_fraction":1.0},"geometry":{"type":"Polygon","coordinates":[[[40.5,46.5],[45.0,46.5],[45.0,49.5],[40.5,49.5],[40.5,46.5]]]}},{"type":"Feature","id":552,"properties":{"mascon_id":552,"cells":54,"land_cells":54,"land_fraction":1.0},"geometry":{"type":"Polygon","coordinates":[[[45.0,46.5],[49.5,46.5],[49.5,49.5],[45.0,49.5],[45.0,46.5]]]}},{"type":"Feature","id":553,"properties":{"mascon_id":553,"cells":54,"land_cells":54,"land_fraction":1.0},"geometry":{"type":"Polygon","coordinates":[[[49.5,46.5],[54.0,46.5],[54.0,49.5],[49.5,49.5],[49.5,46.5]]]}},{"type":"Feature","id":554,"properties":{"mascon_id":554,"cells":54,"land_cells":54,"land_fraction":1.0},"geometry":{"type":"Polygon","coordinates":[[[54.0,46.5],[58.5,46.5],[58.5,49.5],[54.0,49.5],[54.0,46.5]]]}},{"type":"Feature","id":555,"properties":{"mascon_id":555,"cells":54,"land_cells":54,"land_fraction":1.0},"geometry":{"type":"Polygon","coordinates":[[[58.5,46.5],[63.0,46.5],[63.0,49.5],[58.5,49.5],[58.5,46.5]]]}},{"type":"Feature","id":556,"properties":{"mascon_id":556,"cells":54,"land_cells":54,"land_fraction":1.0},"geometry":{"type":"Polygon","coordinates":[[[63.0,46.5],[67.5,46.5],[67.5,49.5],[63.0,49.5],[63.0,46.5]]]}},{"type":"Feature","id":557,"properties":{"mascon_id":557,"cells":54,"land_cells":54,"land_fraction":1.0},"geometry":{"type":"Polygon","coordinates":[[[67.5,46.5],[72.0,46.5],[72.0,49.5],[67.5,49.5],[67.5,46.5]]]}},{"type":"Feature","id":558,"properties":{"mascon_id":558,"cells":54,"land_cells":54,"land_fraction":1.0},"geometry":{"type":"Polygon","coordinates":[[[72.0,46.5],[76.5,46.5],[76.5,49.5],[72.0,49.5],[72.0,46.5]]]}},{"type":"Feature","id":559,"properties":{"mascon_id":559,"cells":54,"land_cells":54,"land_fraction":1.0},"geometry":{"type":"Polygon","coordinates":[[[76.5,46.5],[81.0,46.5],[81.0,49.5],[76.5,49.5],[76.5,46.5]]]}},{"type":"Feature","id":560,"properties":{"mascon_id":560,"cells":54,"land_cells":54,"land_fraction":1.0},"geometry":{"type":"Polygon","coordinates":[[[81.0,46.5],[85.5,46.5],[85.5,49.5],[81.0,49.5],[81.0,46.5]]]}},{"type":"Feature","id":561,"properties":{"mascon_id":561,"cells":54,"land_cells":54,"land_fraction":1.0},"geometry":{"type":"Polygon","coordinates":[[[85.5,46.5],[90.0,46.5],[90.0,49.5],[85.5,49.5],[85.5,46.5]]]}},{"type":"Feature","id":562,"properties":{"mascon_id":562,"cells":54,"land_cells":54,"land_fraction":1.0},"geometry":{"type":"Polygon","coordinates":[[[90.0,46.5],[94.5,46.5],[94.5,49.5],[90.0,49.5],[90.0,46.5]]]}},{"type":"Feature","id":563,"properties":{"mascon_id":563,"cells":54,"land_cells":54,"land_fraction":1.0},"geometry":{"type":"Polygon","coordinates":[[[94.5,46.5],[99.0,46.5],[99.0,49.5],[94.5,49.5],[94.5,46.5]]]}},{"type":"Feature","id":564,"properties":{"mascon_id":564,"cells":54,"land_cells":54,"land_fraction":1.0},"geometry":{"type":"Polygon","coordinates":[[[99.0,46.5],[103.5,46.5],[103.5,49.5],[99.0,49.5],[99.0,46.5]]]}},{"type":"Feature","id":565,"properties":{"mascon_id":565,"cells":54,"land_cells":54,"land_fraction":1.0},"geometry":{"type":"Polygon","coordinates":[[[103.5,46.5],[108.0,46.5],[108.0,49.5],[103.5,49.5],[103.5,46.5]]]}},{"type":"Feature","id":566,"properties":{"mascon_id":566,"cells":54,"land_cells":54,"land_fraction":1.0},"geometry":{"type":"Polygon","coordinates":[[[108.0,46.5],[112.5,46.5],[112.5,49.5],[108.0,49.5],[108.0,46.5]]]}},{"type":"Feature","id":567,"properties":{"mascon_id":567,"cells":54,"land_cells":54,"land_fraction":1.0},"geometry":{"type":"Polygon","coordinates":[[[112.5,46.5],[117.0,46.5],[117.0,49.5],[112.5,49.5],[112.5,46.5]]]}},{"type":"Feature","id":568,"properties":{"mascon_id":568,"cells":54,"land_cells":54,"land_fraction":1.0},"geometry":{"type":"Polygon","coordinates":[[[117.0,46.5],[121.5,46.5],[121.5,49.5],[117.0,49.5],[117.0,46.5]]]}},{"type":"Feature","id":569,"properties":{"mascon_id":569,"cells":54,"land_cells":54,"land_fraction":1.0},"geometry":{"type":"Polygon","coordinates":[[[121.5,46.5],[126.0,46.5],[126.0,49.5],[121.5,49.5],[121.5,46.5]]]}},{"type":"Feature","id":570,"properties":{"mascon_id":570,"cells":54,"land_cells":54,"land_fraction":1.0},"geometry":{"type":"Polygon","coordinates":[[[126.0,46.5],[130.5,46.5],[130.5,49.5],[126.0,49.5],[126.0,46.5]]]}},{"type":"Feature","id":571,"properties":{"mascon_id":571,"cells":54,"land_cells":54,"land_fraction":1.0},"geometry":{"type":"Polygon","coordinates":[[[130.5,46.5],[135.0,46.5],[135.0,49.5],[130.5,49.5],[130.5,46.5]]]}},{"type":"Feature","id":572,"properties":{"mascon_id":572,"cells":54,"land_cells":51,"land_fraction":0.944},"geometry":{"type":"Polygon","coordinates":[[[135.0,46.5],[139.5,46.5],[139.5,49.5],[135.0,49.5],[135.0,46.5]]]}},{"type":"Feature","id":573,"properties":{"mascon_id":573,"cells":54,"land_cells":15,"land_fraction":0.278},"geometry":{"type":"Polygon","coordinates":[[[139.5,46.5],[144.0,46.5],[144.0,49.5],[139.5,49.5],[139.5,46.5]]]}},{"type":"Feature","id":594,"properties":{"mascon_id":594,"cells":54,"land_cells":32,"land_fraction":0.593},"geometry":{"type":"Polygon","coordinates":[[[-126.0,46.5],[-121.5,46.5],[-121.5,49.5],[-126.0,49.5],[-126.0,46.5]]]}},{"type":"Feature","id":595,"properties":{"mascon_id":595,"cells":54,"land_cells":54,"land_fraction":1.0},"geometry":{"type":"Polygon","coordinates":[[[-121.5,46.5],[-117.0,46.5],[-117.0,49.5],[-121.5,49.5],[-121.5,46.5]]]}},{"type":"Feature","id":596,"properties":{"mascon_id":596,"cells":54,"land_cells":54,"land_fraction":1.0},"geometry":{"type":"Polygon","coordinates":[[[-117.0,46.5],[-112.5,46.5],[-112.5,49.5],[-117.0,49.5],[-117.0,46.5]]]}},{"type":"Feature","id":597,"properties":{"mascon_id":597,"cells":54,"land_cells":54,"land_fraction":1.0},"geometry":{"type":"Polygon","coordinates":[[[-112.5,46.5],[-108.0,46.5],[-108.0,49.5],[-112.5,49.5],[-112.5,46.5]]]}},{"type":"Feature","id":598,"properties":{"mascon_id":598,"cells":54,"land_cells":54,"land_fraction":1.0},"geometry":{"type":"Polygon","coordinates":[[[-108.0,46.5],[-103.5,46.5],[-103.5,49.5],[-108.0,49.5],[-108.0,46.5]]]}},{"type":"Feature","id":599,"properties":{"mascon_id":599,"cells":54,"land_cells":54,"land_fraction":1.0},"geometry":{"type":"Polygon","coordinates":[[[-103.5,46.5],[-99.0,46.5],[-99.0,49.5],[-103.5,49.5],[-103.5,46.5]]]}},{"type":"Feature","id":600,"properties":{"mascon_id":600,"cells":54,"land_cells":54,"land_fraction":1.0},"geometry":{"type":"Polygon","coordinates":[[[-99.0,46.5],[-94.5,46.5],[-94.5,49.5],[-99.0,49.5],[-99.0,46.5]]]}},{"type":"Feature","id":601,"properties":{"mascon_id":601,"cells":54,"land_cells":54,"land_fraction":1.0},"geometry":{"type":"Polygon","coordinates":[[[-94.5,46.5],[-90.0,46.5],[-90.0,49.5],[-94.5,49.5],[-94.5,46.5]]]}},{"type":"Feature","id":602,"properties":{"mascon_id":602,"cells":54,"land_cells":54,"land_fraction":1.0},"geometry":{"type":"Polygon","coordinates":[[[-90.0,46.5],[-85.5,46.5],[-85.5,49.5],[-90.0,49.5],[-90.0,46.5]]]}},{"type":"Feature","id":603,"properties":{"mascon_id":603,"cells":54,"land_cells":54,"land_fraction":1.0},"geometry":{"type":"Polygon","coordinates":[[[-85.5,46.5],[-81.0,46.5],[-81.0,49.5],[-85.5,49.5],[-85.5,46.5]]]}},{"type":"Feature","id":604,"properties":{"mascon_id":604,"cells":54,"land_cells":54,"land_fraction":1.0},"geometry":{"type":"Polygon","coordinates":[[[-81.0,46.5],[-76.5,46.5],[-76.5,49.5],[-81.0,49.5],[-81.0,46.5]]]}},{"type":"Feature","id":605,"properties":{"mascon_id":605,"cells":54,"land_cells":54,"land_fraction":1.0},"geometry":{"type":"Polygon","coordinates":[[[-76.5,46.5],[-72.0,46.5],[-72.0,49.5],[-76.5,49.5],[-76.5,46.5]]]}},{"type":"Feature","id":606,"properties":{"mascon_id":606,"cells":54,"land_cells":50,"land_fraction":0.926},"geometry":{"type":"Polygon","coordinates":[[[-72.0,46.5],[-67.5,46.5],[-67.5,49.5],[-72.0,49.5],[-72.0,46.5]]]}},{"type":"Feature","id":607,"properties":{"mascon_id":607,"cells":54,"land_cells":26,"land_fraction":0.481},"geometry":{"type":"Polygon","coordinates":[[[-67.5,46.5],[-63.0,46.5],[-63.0,49.5],[-67.5,49.5],[-67.5,46.5]]]}},{"type":"Feature","id":608,"properties":{"mascon_id":608,"cells":54,"land_cells":6,"land_fraction":0.111},"geometry":{"type":"Polygon","coordinates":[[[-63.0,46.5],[-58.5,46.5],[-58.5,49.5],[-63.0,49.5],[-63.0,46.5]]]}},{"type":"Feature","id":609,"properties":{"mascon_id":609,"cells":54,"land_cells":36,"land_fraction":0.667},"geometry":{"type":"Polygon","coordinates":[[[-58.5,46.5],[-54.0,46.5],[-54.0,49.5],[-58.5,49.5],[-58.5,46.5]]]}},{"type":"Feature","id":610,"properties":{"mascon_id":610,"cells":54,"land_cells":7,"land_fraction":0.13},"geometry":{"type":"Polygon","coordinates":[[[-54.0,46.5],[-49.5,46.5],[-49.5,49.5],[-54.0,49.5],[-54.0,46.5]]]}},{"type":"Feature","id":621,"properties":{"mascon_id":621,"cells":54,"land_cells":32,"land_fraction":0.593},"geometry":{"type":"Polygon","coordinates":[[[-4.5,46.5],[0.0,46.5],[0.0,49.5],[-4.5,49.5],[-4.5,46.5]]]}},{"type":"Feature","id":622,"properties":{"mascon_id":622,"cells":54,"land_cells":54,"land_fraction":1.0},"geometry":{"type":"Polygon","coordinates":[[[0.0,43.5],[4.5,43.5],[4.5,46.5],[0.0,46.5],[0.0,43.5]]]}},{"type":"Feature","id":623,"properties":{"mascon_id":623,"cells":48,"land_cells":46,"land_fraction":0.958},"geometry":{"type":"Polygon","coordinates":[[[4.5,43.5],[8.5,43.5],[8.5,46.5],[4.5,46.5],[4.5,43.5]]]}},{"type":"Feature","id":624,"properties":{"mascon_id":624,"cells":54,"land_cells":45,"land_fraction":0.833},"geometry":{"type":"Polygon","coordinates":[[[8.5,43.5],[13.0,43.5],[13.0,46.5],[8.5,46.5],[8.5,43.5]]]}},{"type":"Feature","id":625,"properties":{"mascon_id":625,"cells":48,"land_cells":34,"land_fraction":0.708},"geometry":{"type":"Polygon","coordinates":[[[13.0,43.5],[17.0,43.5],[17.0,46.5],[13.0,46.5],[13.0,43.5]]]}},{"type":"Feature","id":626,"properties":{"mascon_id":626,"cells":54,"land_cells":54,"land_fraction":1.0},"geometry":{"type":"Polygon","coordinates":[[[17.0,43.5],[21.5,43.5],[21.5,46.5],[17.0,46.5],[17.0,43.5]]]}},{"type":"Feature","id":627,"properties":{"mascon_id":627,"cells":48,"land_cells":48,"land_fraction":1.0},"geometry":{"type":"Polygon","coordinates":[[[21.5,43.5],[25.5,43.5],[25.5,46.5],[21.5,46.5],[21.5,43.5]]]}},{"type":"Feature","id":628,"properties":{"mascon_id":628,"cells":54,"land_cells":45,"land_fraction":0.833},"geometry":{"type":"Polygon","coordinates":[[[25.5,43.5],[30.0,43.5],[30.0,46.5],[25.5,46.5],[25.5,43.5]]]}},{"type":"Feature","id":629,"properties":{"mascon_id":629,"cells":54,"land_cells":14,"land_fraction":0.259},"geometry":{"type":"Polygon","coordinates":[[[30.0,43.5],[34.5,43.5],[34.5,46.5],[30.0,46.5],[30.0,43.5]]]}},{"type":"Feature","id":630,"properties":{"mascon_id":630,"cells":48,"land_cells":13,"land_fraction":0.271},"geometry":{"type":"Polygon","coordinates":[[[34.5,43.5],[38.5,43.5],[38.5,46.5],[34.5,46.5],[34.5,43.5]]]}},{"type":"Feature","id":631,"properties":{"mascon_id":631,"cells":54,"land_cells":51,"land_fraction":0.944},"geometry":{"type":"Polygon","coordinates":[[[38.5,43.5],[43.0,43.5],[43.0,46.5],[38.5,46.5],[38.5,43.5]]]}},{"type":"Feature","id":632,"properties":{"mascon_id":632,"cells":48,"land_cells":48,"land_fraction":1.0},"geometry":{"type":"Polygon","coordinates":[[[43.0,43.5],[47.0,43.5],[47.0,46.5],[43.0,46.5],[43.0,43.5]]]}},{"type":"Feature","id":633,"properties":{"mascon_id":633,"cells":54,"land_cells":54,"land_fraction":1.0},"geometry":{"type":"Polygon","coordinates":[[[47.0,43.5],[51.5,43.5],[51.5,46.5],[47.0,46.5],[47.0,43.5]]]}},{"type":"Feature","id":634,"properties":{"mascon_id":634,"cells":48,"land_cells":48,"land_fraction":1.0},"geometry":{"type":"Polygon","coordinates":[[[51.5,43.5],[55.5,43.5],[55.5,46.5],[51.5,46.5],[51.5,43.5]]]}},{"type":"Feature","id":635,"properties":{"mascon_id":635,"cells":54,"land_cells":54,"land_fraction":1.0},"geometry":{"type":"Polygon","coordinates":[[[55.5,43.5],[60.0,43.5],[60.0,46.5],[55.5,46.5],[55.5,43.5]]]}},{"type":"Feature","id":636,"properties":{"mascon_id":636,"cells":54,"land_cells":54,"land_fraction":1.0},"geometry":{"type":"Polygon","coordinates":[[[60.0,43.5],[64.5,43.5],[64.5,46.5],[60.0,46.5],[60.0,43.5]]]}},{"type":"Feature","id":637,"properties":{"mascon_id":637,"cells":48,"land_cells":48,"land_fraction":1.0},"geometry":{"type":"Polygon","coordinates":[[[64.5,43.5],[68.5,43.5],[68.5,46.5],[64.5,46.5],[64.5,43.5]]]}},{"type":"Feature","id":638,"properties":{"mascon_id":638,"cells":54,"land_cells":54,"land_fraction":1.0},"geometry":{"type":"Polygon","coordinates":[[[68.5,43.5],[73.0,43.5],[73.0,46.5],[68.5,46.5],[68.5,43.5]]]}},{"type":"Feature","id":639,"properties":{"mascon_id":639,"cells":48,"land_cells":48,"land_fraction":1.0},"geometry":{"type":"Polygon","coordinates":[[[73.0,43.5],[77.0,43.5],[77.0,46.5],[73.0,46.5],[73.0,43.5]]]}},{"type":"Feature","id":640,"properties":{"mascon_id":640,"cells":54,"land_cells":54,"land_fraction":1.0},"geometry":{"type":"Polygon","coordinates":[[[77.0,43.5],[81.5,43.5],[81.5,46.5],[77.0,46.5],[77.0,43.5]]]}},{"type":"Feature","id":641,"properties":{"mascon_id":641,"cells":48,"land_cells":48,"land_fraction":1.0},"geometry":{"type":"Polygon","coordinates":[[[81.5,43.5],[85.5,43.5],[85.5,46.5],[81.5,46.5],[81.5,43.5]]]}},{"type":"Feature","id":642,"properties":{"mascon_id":642,"cells":54,"land_cells":54,"land_fraction":1.0},"geometry":{"type":"Polygon","coordinates":[[[85.5,43.5],[90.0,43.5],[90.0,46.5],[85.5,46.5],[85.5,43.5]]]}},{"type":"Feature","id":643,"properties":{"mascon_id":643,"cells":54,"land_cells":54,"land_fraction":1.0},"geometry":{"type":"Polygon","coordinates":[[[90.0,43.5],[94.5,43.5],[94.5,46.5],[90.0,46.5],[90.0,43.5]]]}},{"type":"Feature","id":644,"properties":{"mascon_id":644,"cells":48,"land_cells":48,"land_fraction":1.0},"geometry":{"type":"Polygon","coordinates":[[[94.5,43.5],[98.5,43.5],[98.5,46.5],[94.5,46.5],[94.5,43.5]]]}},{"type":"Feature","id":645,"properties":{"mascon_id":645,"cells":54,"land_cells":54,"land_fraction":1.0},"geometry":{"type":"Polygon","coordinates":[[[98.5,43.5],[103.0,43.5],[103.0,46.5],[98.5,46.5],[98.5,43.5]]]}},{"type":"Feature","id":646,"properties":{"mascon_id":646,"cells":48,"land_cells":48,"land_fraction":1.0},"geometry":{"type":"Polygon","coordinates":[[[103.0,43.5],[107.0,43.5],[107.0,46.5],[103.0,46.5],[103.0,43.5]]]}},{"type":"Feature","id":647,"properties":{"mascon_id":647,"cells":54,"land_cells":54,"land_fraction":1.0},"geometry":{"type":"Polygon","coordinates":[[[107.0,43.5],[111.5,43.5],[111.5,46.5],[107.0,46.5],[107.0,43.5]]]}},{"type":"Feature","id":648,"properties":{"mascon_id":648,"cells":48,"land_cells":48,"land_fraction":1.0},"geometry":{"type":"Polygon","coordinates":[[[111.5,43.5],[115.5,43.5],[115.5,46.5],[111.5,46.5],[111.5,43.5]]]}},{"type":"Feature","id":649,"properties":{"mascon_id":649,"cells":54,"land_cells":54,"land_fraction":1.0},"geometry":{"type":"Polygon","coordinates":[[[115.5,43.5],[120.0,43.5],[120.0,46.5],[115.5,46.5],[115.5,43.5]]]}},{"type":"Feature","id":650,"properties":{"mascon_id":650,"cells":54,"land_cells":54,"land_fraction":1.0},"geometry":{"type":"Polygon","coordinates":[[[120.0,43.5],[124.5,43.5],[124.5,46.5],[120.0,46.5],[120.0,43.5]]]}},{"type":"Feature","id":651,"properties":{"mascon_id":651,"cells":48,"land_cells":48,"land_fraction":1.0},"geometry":{"type":"Polygon","coordinates":[[[124.5,43.5],[128.5,43.5],[128.5,46.5],[124.5,46.5],[124.5,43.5]]]}},{"type":"Feature","id":652,"properties":{"mascon_id":652,"cells":54,"land_cells":54,"land_fraction":1.0},"geometry":{"type":"Polygon","coordinates":[[[128.5,43.5],[133.0,43.5],[133.0,46.5],[128.5,46.5],[128.5,43.5]]]}},{"type":"Feature","id":653,"properties":{"mascon_id":653,"cells":48,"land_cells":42,"land_fraction":0.875},"geometry":{"type":"Polygon","coordinates":[[[133.0,43.5],[137.0,43.5],[137.0,46.5],[133.0,46.5],[133.0,43.5]]]}},{"type":"Feature","id":654,"properties":{"mascon_id":654,"cells":54,"land_cells":3,"land_fraction":0.056},"geometry":{"type":"Polygon","coordinates":[[[137.0,43.5],[141.5,43.5],[141.5,46.5],[137.0,46.5],[137.0,43.5]]]}},{"type":"Feature","id":655,"properties":{"mascon_id":655,"cells":48,"land_cells":16,"land_fraction":0.333},"geometry":{"type":"Polygon","coordinates":[[[141.5,43.5],[145.5,43.5],[145.5,46.5],[141.5,46.5],[141.5,43.5]]]}},{"type":"Feature","id":677,"properties":{"mascon_id":677,"cells":54,"land_cells":48,"land_fraction":0.889},"geometry":{"type":"Polygon","coordinates":[[[-124.5,43.5],[-120.0,43.5],[-120.0,46.5],[-124.5,46.5],[-124.5,43.5]]]}},{"type":"Feature","id":678,"properties":{"mascon_id":678,"cells":54,"land_cells":54,"land_fraction":1.0},"geometry":{"type":"Polygon","coordinates":[[[-120.0,43.5],[-115.5,43.5],[-115.5,46.5],[-120.0,46.5],[-120.0,43.5]]]}},{"type":"Feature","id":679,"properties":{"mascon_id":679,"cells":48,"land_cells":48,"land_fraction":1.0},"geometry":{"type":"Polygon","coordinates":[[[-115.5,43.5],[-111.5,43.5],[-111.5,46.5],[-115.5,46.5],[-115.5,43.5]]]}},{"type":"Feature","id":680,"properties":{"mascon_id":680,"cells":54,"land_cells":54,"land_fraction":1.0},"geometry":{"type":"Polygon","coordinates":[[[-111.5,43.5],[-107.0,43.5],[-107.0,46.5],[-111.5,46.5],[-111.5,43.5]]]}},{"type":"Feature","id":681,"properties":{"mascon_id":681,"cells":48,"land_cells":48,"land_fraction":1.0},"geometry":{"type":"Polygon","coordinates":[[[-107.0,43.5],[-103.0,43.5],[-103.0,46.5],[-107.0,46.5],[-107.0,43.5]]]}},{"type":"Feature","id":682,"properties":{"mascon_id":682,"cells":54,"land_cells":54,"land_fraction":1.0},"geometry":{"type":"Polygon","coordinates":[[[-103.0,43.5],[-98.5,43.5],[-98.5,46.5],[-103.0,46.5],[-103.0,43.5]]]}},{"type":"Feature","id":683,"properties":{"mascon_id":683,"cells":48,"land_cells":48,"land_fraction":1.0},"geometry":{"type":"Polygon","coordinates":[[[-98.5,43.5],[-94.5,43.5],[-94.5,46.5],[-98.5,46.5],[-98.5,43.5]]]}},{"type":"Feature","id":684,"properties":{"mascon_id":684,"cells":54,"land_cells":54,"land_fraction":1.0},"geometry":{"type":"Polygon","coordinates":[[[-94.5,43.5],[-90.0,43.5],[-90.0,46.5],[-94.5,46.5],[-94.5,43.5]]]}},{"type":"Feature","id":685,"properties":{"mascon_id":685,"cells":54,"land_cells":54,"land_fraction":1.0},"geometry":{"type":"Polygon","coordinates":[[[-90.0,43.5],[-85.5,43.5],[-85.5,46.5],[-90.0,46.5],[-90.0,43.5]]]}},{"type":"Feature","id":686,"properties":{"mascon_id":686,"cells":48,"land_cells":48,"land_fraction":1.0},"geometry":{"type":"Polygon","coordinates":[[[-85.5,43.5],[-81.5,43.5],[-81.5,46.5],[-85.5,46.5],[-85.5,43.5]]]}},{"type":"Feature","id":687,"properties":{"mascon_id":687,"cells":54,"land_cells":54,"land_fraction":1.0},"geometry":{"type":"Polygon","coordinates":[[[-81.5,43.5],[-77.0,43.5],[-77.0,46.5],[-81.5,46.5],[-81.5,43.5]]]}},{"type":"Feature","id":688,"properties":{"mascon_id":688,"cells":48,"land_cells":48,"land_fraction":1.0},"geometry":{"type":"Polygon","coordinates":[[[-77.0,43.5],[-73.0,43.5],[-73.0,46.5],[-77.0,46.5],[-77.0,43.5]]]}},{"type":"Feature","id":689,"properties":{"mascon_id":689,"cells":54,"land_cells":50,"land_fraction":0.926},"geometry":{"type":"Polygon","coordinates":[[[-73.0,43.5],[-68.5,43.5],[-68.5,46.5],[-73.0,46.5],[-73.0,43.5]]]}},{"type":"Feature","id":690,"properties":{"mascon_id":690,"cells":48,"land_cells":32,"land_fraction":0.667},"geometry":{"type":"Polygon","coordinates":[[[-68.5,43.5],[-64.5,43.5],[-64.5,46.5],[-68.5,46.5],[-68.5,43.5]]]}},{"type":"Feature","id":691,"properties":{"mascon_id":691,"cells":54,"land_cells":20,"land_fraction":0.37},"geometry":{"type":"Polygon","coordinates":[[[-64.5,43.5],[-60.0,43.5],[-60.0,46.5],[-64.5,46.5],[-64.5,43.5]]]}},{"type":"Feature","id":705,"properties":{"mascon_id":705,"cells":54,"land_cells":15,"land_fraction":0.278},"geometry":{"type":"Polygon","coordinates":[[[-4.5,43.5],[0.0,43.5],[0.0,46.5],[-4.5,46.5],[-4.5,43.5]]]}},{"type":"Feature","id":706,"properties":{"mascon_id":706,"cells":48,"land_cells":30,"land_fraction":0.625},"geometry":{"type":"Polygon","coordinates":[[[0.0,40.5],[4.0,40.5],[4.0,43.5],[0.0,43.5],[0.0,40.5]]]}},{"type":"Feature","id":707,"properties":{"mascon_id":707,"cells":48,"land_cells":2,"land_fraction":0.042},"geometry":{"type":"Polygon","coordinates":[[[4.0,40.5],[8.0,40.5],[8.0,43.5],[4.0,43.5],[4.0,40.5]]]}},{"type":"Feature","id":708,"properties":{"mascon_id":708,"cells":48,"land_cells":8,"land_fraction":0.167},"geometry":{"type":"Polygon","coordinates":[[[8.0,40.5],[12.0,40.5],[12.0,43.5],[8.0,43.5],[8.0,40.5]]]}},{"type":"Feature","id":709,"properties":{"mascon_id":709,"cells":48,"land_cells":28,"land_fraction":0.583},"geometry":{"type":"Polygon","coordinates":[[[12.0,40.5],[16.0,40.5],[16.0,43.5],[12.0,43.5],[12.0,40.5]]]}},{"type":"Feature","id":710,"properties":{"mascon_id":710,"cells":48,"land_cells":19,"land_fraction":0.396},"geometry":{"type":"Polygon","coordinates":[[[16.0,40.5],[20.0,40.5],[20.0,43.5],[16.0,43.5],[16.0,40.5]]]}},{"type":"Feature","id":711,"properties":{"mascon_id":711,"cells":54,"land_cells":53,"land_fraction":0.981},"geometry":{"type":"Polygon","coordinates":[[[20.0,40.5],[24.5,40.5],[24.5,43.5],[20.0,43.5],[20.0,40.5]]]}},{"type":"Feature","id":712,"properties":{"mascon_id":712,"cells":48,"land_cells":39,"land_fraction":0.812},"geometry":{"type":"Polygon","coordinates":[[[24.5,40.5],[28.5,40.5],[28.5,43.5],[24.5,43.5],[24.5,40.5]]]}},{"type":"Feature","id":713,"properties":{"mascon_id":713,"cells":48,"land_cells":10,"land_fraction":0.208},"geometry":{"type":"Polygon","coordinates":[[[28.5,40.5],[32.5,40.5],[32.5,43.5],[28.5,43.5],[28.5,40.5]]]}},{"type":"Feature","id":714,"properties":{"mascon_id":714,"cells":48,"land_cells":22,"land_fraction":0.458},"geometry":{"type":"Polygon","coordinates":[[[32.5,40.5],[36.5,40.5],[36.5,43.5],[32.5,43.5],[32.5,40.5]]]}},{"type":"Feature","id":715,"properties":{"mascon_id":715,"cells":48,"land_cells":9,"land_fraction":0.188},"geometry":{"type":"Polygon","coordinates":[[[36.5,40.5],[40.5,40.5],[40.5,43.5],[36.5,43.5],[36.5,40.5]]]}},{"type":"Feature","id":716,"properties":{"mascon_id":716,"cells":48,"land_cells":41,"land_fraction":0.854},"geometry":{"type":"Polygon","coordinates":[[[40.5,40.5],[44.5,40.5],[44.5,43.5],[40.5,43.5],[40.5,40.5]]]}},{"type":"Feature","id":717,"properties":{"mascon_id":717,"cells":48,"land_cells":48,"land_fraction":1.0},"geometry":{"type":"Polygon","coordinates":[[[44.5,40.5],[48.5,40.5],[48.5,43.5],[44.5,43.5],[44.5,40.5]]]}},{"type":"Feature","id":718,"properties":{"mascon_id":718,"cells":48,"land_cells":48,"land_fraction":1.0},"geometry":{"type":"Polygon","coordinates":[[[48.5,40.5],[52.5,40.5],[52.5,43.5],[48.5,43.5],[48.5,40.5]]]}},{"type":"Feature","id":719,"properties":{"mascon_id":719,"cells":48,"land_cells":48,"land_fraction":1.0},"geometry":{"type":"Polygon","coordinates":[[[52.5,40.5],[56.5,40.5],[56.5,43.5],[52.5,43.5],[52.5,40.5]]]}},{"type":"Feature","id":720,"properties":{"mascon_id":720,"cells":48,"land_cells":48,"land_fraction":1.0},"geometry":{"type":"Polygon","coordinates":[[[56.5,40.5],[60.5,40.5],[60.5,43.5],[56.5,43.5],[56.5,40.5]]]}},{"type":"Feature","id":721,"properties":{"mascon_id":721,"cells":48,"land_cells":48,"land_fraction":1.0},"geometry":{"type":"Polygon","coordinates":[[[60.5,40.5],[64.5,40.5],[64.5,43.5],[60.5,43.5],[60.5,40.5]]]}},{"type":"Feature","id":722,"properties":{"mascon_id":722,"cells":54,"land_cells":54,"land_fraction":1.0},"geometry":{"type":"Polygon","coordinates":[[[64.5,40.5],[69.0,40.5],[69.0,43.5],[64.5,43.5],[64.5,40.5]]]}},{"type":"Feature","id":723,"properties":{"mascon_id":723,"cells":48,"land_cells":48,"land_fraction":1.0},"geometry":{"type":"Polygon","coordinates":[[[69.0,40.5],[73.0,40.5],[73.0,43.5],[69.0,43.5],[69.0,40.5]]]}},{"type":"Feature","id":724,"properties":{"mascon_id":724,"cells":48,"land_cells":48,"land_fraction":1.0},"geometry":{"type":"Polygon","coordinates":[[[73.0,40.5],[77.0,40.5],[77.0,43.5],[73.0,43.5],[73.0,40.5]]]}},{"type":"Feature","id":725,"properties":{"mascon_id":725,"cells":48,"land_cells":48,"land_fraction":1.0},"geometry":{"type":"Polygon","coordinates":[[[77.0,40.5],[81.0,40.5],[81.0,43.5],[77.0,43.5],[77.0,40.5]]]}},{"type":"Feature","id":726,"properties":{"mascon_id":726,"cells":48,"land_cells":48,"land_fraction":1.0},"geometry":{"type":"Polygon","coordinates":[[[81.0,40.5],[85.0,40.5],[85.0,43.5],[81.0,43.5],[81.0,40.5]]]}},{"type":"Feature","id":727,"properties":{"mascon_id":727,"cells":48,"land_cells":48,"land_fraction":1.0},"geometry":{"type":"Polygon","coordinates":[[[85.0,40.5],[89.0,40.5],[89.0,43.5],[85.0,43.5],[85.0,40.5]]]}},{"type":"Feature","id":728,"properties":{"mascon_id":728,"cells":48,"land_cells":48,"land_fraction":1.0},"geometry":{"type":"Polygon","coordinates":[[[89.0,40.5],[93.0,40.5],[93.0,43.5],[89.0,43.5],[89.0,40.5]]]}},{"type":"Feature","id":729,"properties":{"mascon_id":729,"cells":48,"land_cells":48,"land_fraction":1.0},"geometry":{"type":"Polygon","coordinates":[[[93.0,40.5],[97.0,40.5],[97.0,43.5],[93.0,43.5],[93.0,40.5]]]}},{"type":"Feature","id":730,"properties":{"mascon_id":730,"cells":48,"land_cells":48,"land_fraction":1.0},"geometry":{"type":"Polygon","coordinates":[[[97.0,40.5],[101.0,40.5],[101.0,43.5],[97.0,43.5],[97.0,40.5]]]}},{"type":"Feature","id":731,"properties":{"mascon_id":731,"cells":48,"land_cells":48,"land_fraction":1.0},"geometry":{"type":"Polygon","coordinates":[[[101.0,40.5],[105.0,40.5],[105.0,43.5],[101.0,43.5],[101.0,40.5]]]}},{"type":"Feature","id":732,"properties":{"mascon_id":732,"cells":48,"land_cells":48,"land_fraction":1.0},"geometry":{"type":"Polygon","coordinates":[[[105.0,40.5],[109.0,40.5],[109.0,43.5],[105.0,43.5],[105.0,40.5]]]}},{"type":"Feature","id":733,"properties":{"mascon_id":733,"cells":54,"land_cells":54,"land_fraction":1.0},"geometry":{"type":"Polygon","coordinates":[[[109.0,40.5],[113.5,40.5],[113.5,43.5],[109.0,43.5],[109.0,40.5]]]}},{"type":"Feature","id":734,"properties":{"mascon_id":734,"cells":48,"land_cells":48,"land_fraction":1.0},"geometry":{"type":"Polygon","coordinates":[[[113.5,40.5],[117.5,40.5],[117.5,43.5],[113.5,43.5],[113.5,40.5]]]}},{"type":"Feature","id":735,"properties":{"mascon_id":735,"cells":48,"land_cells":47,"land_fraction":0.979},"geometry":{"type":"Polygon","coordinates":[[[117.5,40.5],[121.5,40.5],[121.5,43.5],[117.5,43.5],[117.5,40.5]]]}},{"type":"Feature","id":736,"properties":{"mascon_id":736,"cells":48,"land_cells":47,"land_fraction":0.979},"geometry":{"type":"Polygon","coordinates":[[[121.5,40.5],[125.5,40.5],[125.5,43.5],[121.5,43.5],[121.5,40.5]]]}},{"type":"Feature","id":737,"properties":{"mascon_id":737,"cells":48,"land_cells":48,"land_fraction":1.0},"geometry":{"type":"Polygon","coordinates":[[[125.5,40.5],[129.5,40.5],[129.5,43.5],[125.5,43.5],[125.5,40.5]]]}},{"type":"Feature","id":738,"properties":{"mascon_id":738,"cells":48,"land_cells":16,"land_fraction":0.333},"geometry":{"type":"Polygon","coordinates":[[[129.5,40.5],[133.5,40.5],[133.5,43.5],[129.5,43.5],[129.5,40.5]]]}},{"type":"Feature","id":739,"properties":{"mascon_id":739,"cells":48,"land_cells":2,"land_fraction":0.042},"geometry":{"type":"Polygon","coordinates":[[[133.5,40.5],[137.5,40.5],[137.5,43.5],[133.5,43.5],[133.5,40.5]]]}},{"type":"Feature","id":740,"properties":{"mascon_id":740,"cells":48,"land_cells":8,"land_fraction":0.167},"geometry":{"type":"Polygon","coordinates":[[[137.5,40.5],[141.5,40.5],[141.5,43.5],[137.5,43.5],[137.5,40.5]]]}},{"type":"Feature","id":741,"properties":{"mascon_id":741,"cells":48,"land_cells":14,"land_fraction":0.292},"geometry":{"type":"Polygon","coordinates":[[[141.5,40.5],[145.5,40.5],[145.5,43.5],[141.5,43.5],[141.5,40.5]]]}},{"type":"Feature","id":764,"properties":{"mascon_id":764,"cells":48,"land_cells":33,"land_fraction":0.688},"geometry":{"type":"Polygon","coordinates":[[[-125.5,40.5],[-121.5,40.5],[-121.5,43.5],[-125.5,43.5],[-125.5,40.5]]]}},{"type":"Feature","id":765,"properties":{"mascon_id":765,"cells":48,"land_cells":48,"land_fraction":1.0},"geometry":{"type":"Polygon","coordinates":[[[-121.5,40.5],[-117.5,40.5],[-117.5,43.5],[-121.5,43.5],[-121.5,40.5]]]}},{"type":"Feature","id":766,"properties":{"mascon_id":766,"cells":48,"land_cells":48,"land_fraction":1.0},"geometry":{"type":"Polygon","coordinates":[[[-117.5,40.5],[-113.5,40.5],[-113.5,43.5],[-117.5,43.5],[-117.5,40.5]]]}},{"type":"Feature","id":767,"properties":{"mascon_id":767,"cells":54,"land_cells":54,"land_fraction":1.0},"geometry":{"type":"Polygon","coordinates":[[[-113.5,40.5],[-109.0,40.5],[-109.0,43.5],[-113.5,43.5],[-113.5,40.5]]]}},{"type":"Feature","id":768,"properties":{"mascon_id":768,"cells":48,"land_cells":48,"land_fraction":1.0},"geometry":{"type":"Polygon","coordinates":[[[-109.0,40.5],[-105.0,40.5],[-105.0,43.5],[-109.0,43.5],[-109.0,40.5]]]}},{"type":"Feature","id":769,"properties":{"mascon_id":769,"cells":48,"land_cells":48,"land_fraction":1.0},"geometry":{"type":"Polygon","coordinates":[[[-105.0,40.5],[-101.0,40.5],[-101.0,43.5],[-105.0,43.5],[-105.0,40.5]]]}},{"type":"Feature","id":770,"properties":{"mascon_id":770,"cells":48,"land_cells":48,"land_fraction":1.0},"geometry":{"type":"Polygon","coordinates":[[[-101.0,40.5],[-97.0,40.5],[-97.0,43.5],[-101.0,43.5],[-101.0,40.5]]]}},{"type":"Feature","id":771,"properties":{"mascon_id":771,"cells":48,"land_cells":48,"land_fraction":1.0},"geometry":{"type":"Polygon","coordinates":[[[-97.0,40.5],[-93.0,40.5],[-93.0,43.5],[-97.0,43.5],[-97.0,40.5]]]}},{"type":"Feature","id":772,"properties":{"mascon_id":772,"cells":48,"land_cells":48,"land_fraction":1.0},"geometry":{"type":"Polygon","coordinates":[[[-93.0,40.5],[-89.0,40.5],[-89.0,43.5],[-93.0,43.5],[-93.0,40.5]]]}},{"type":"Feature","id":773,"properties":{"mascon_id":773,"cells":48,"land_cells":48,"land_fraction":1.0},"geometry":{"type":"Polygon","coordinates":[[[-89.0,40.5],[-85.0,40.5],[-85.0,43.5],[-89.0,43.5],[-89.0,40.5]]]}},{"type":"Feature","id":774,"properties":{"mascon_id":774,"cells":48,"land_cells":48,"land_fraction":1.0},"geometry":{"type":"Polygon","coordinates":[[[-85.0,40.5],[-81.0,40.5],[-81.0,43.5],[-85.0,43.5],[-85.0,40.5]]]}},{"type":"Feature","id":775,"properties":{"mascon_id":775,"cells":48,"land_cells":48,"land_fraction":1.0},"geometry":{"type":"Polygon","coordinates":[[[-81.0,40.5],[-77.0,40.5],[-77.0,43.5],[-81.0,43.5],[-81.0,40.5]]]}},{"type":"Feature","id":776,"properties":{"mascon_id":776,"cells":48,"land_cells":47,"land_fraction":0.979},"geometry":{"type":"Polygon","coordinates":[[[-77.0,40.5],[-73.0,40.5],[-73.0,43.5],[-77.0,43.5],[-77.0,40.5]]]}},{"type":"Feature","id":777,"properties":{"mascon_id":777,"cells":48,"land_cells":19,"land_fraction":0.396},"geometry":{"type":"Polygon","coordinates":[[[-73.0,40.5],[-69.0,40.5],[-69.0,43.5],[-73.0,43.5],[-73.0,40.5]]]}},{"type":"Feature","id":792,"properties":{"mascon_id":792,"cells":48,"land_cells":10,"land_fraction":0.208},"geometry":{"type":"Polygon","coordinates":[[[-12.0,40.5],[-8.0,40.5],[-8.0,43.5],[-12.0,43.5],[-12.0,40.5]]]}},{"type":"Feature","id":793,"properties":{"mascon_id":793,"cells":48,"land_cells":48,"land_fraction":1.0},"geometry":{"type":"Polygon","coordinates":[[[-8.0,40.5],[-4.0,40.5],[-4.0,43.5],[-8.0,43.5],[-8.0,40.5]]]}},{"type":"Feature","id":794,"properties":{"mascon_id":794,"cells":48,"land_cells":48,"land_fraction":1.0},"geometry":{"type":"Polygon","coordinates":[[[-4.0,40.5],[0.0,40.5],[0.0,43.5],[-4.0,43.5],[-4.0,40.5]]]}},{"type":"Feature","id":795,"properties":{"mascon_id":795,"cells":48,"land_cells":1,"land_fraction":0.021},"geometry":{"type":"Polygon","coordinates":[[[0.0,37.5],[4.0,37.5],[4.0,40.5],[0.0,40.5],[0.0,37.5]]]}},{"type":"Feature","id":797,"properties":{"mascon_id":797,"cells":48,"land_cells":6,"land_fraction":0.125},"geometry":{"type":"Polygon","coordinates":[[[7.5,37.5],[11.5,37.5],[11.5,40.5],[7.5,40.5],[7.5,37.5]]]}},{"type":"Feature","id":798,"properties":{"mascon_id":798,"cells":48,"land_cells":6,"land_fraction":0.125},"geometry":{"type":"Polygon","coordinates":[[[11.5,37.5],[15.5,37.5],[15.5,40.5],[11.5,40.5],[11.5,37.5]]]}},{"type":"Feature","id":799,"properties":{"mascon_id":799,"cells":48,"land_cells":9,"land_fraction":0.188},"geometry":{"type":"Polygon","coordinates":[[[15.5,37.5],[19.5,37.5],[19.5,40.5],[15.5,40.5],[15.5,37.5]]]}},{"type":"Feature","id":800,"properties":{"mascon_id":800,"cells":42,"land_cells":27,"land_fraction":0.643},"geometry":{"type":"Polygon","coordinates":[[[19.5,37.5],[23.0,37.5],[23.0,40.5],[19.5,40.5],[19.5,37.5]]]}},{"type":"Feature","id":801,"properties":{"mascon_id":801,"cells":48,"land_cells":9,"land_fraction":0.188},"geometry":{"type":"Polygon","coordinates":[[[23.0,37.5],[27.0,37.5],[27.0,40.5],[23.0,40.5],[23.0,37.5]]]}},{"type":"Feature","id":802,"properties":{"mascon_id":802,"cells":48,"land_cells":48,"land_fraction":1.0},"geometry":{"type":"Polygon","coordinates":[[[27.0,37.5],[31.0,37.5],[31.0,40.5],[27.0,40.5],[27.0,37.5]]]}},{"type":"Feature","id":803,"properties":{"mascon_id":803,"cells":48,"land_cells":48,"land_fraction":1.0},"geometry":{"type":"Polygon","coordinates":[[[31.0,37.5],[35.0,37.5],[35.0,40.5],[31.0,40.5],[31.0,37.5]]]}},{"type":"Feature","id":804,"properties":{"mascon_id":804,"cells":42,"land_cells":42,"land_fraction":1.0},"geometry":{"type":"Polygon","coordinates":[[[35.0,37.5],[38.5,37.5],[38.5,40.5],[35.0,40.5],[35.0,37.5]]]}},{"type":"Feature","id":805,"properties":{"mascon_id":805,"cells":48,"land_cells":48,"land_fraction":1.0},"geometry":{"type":"Polygon","coordinates":[[[38.5,37.5],[42.5,37.5],[42.5,40.5],[38.5,40.5],[38.5,37.5]]]}},{"type":"Feature","id":806,"properties":{"mascon_id":806,"cells":48,"land_cells":48,"land_fraction":1.0},"geometry":{"type":"Polygon","coordinates":[[[42.5,37.5],[46.5,37.5],[46.5,40.5],[42.5,40.5],[42.5,37.5]]]}},{"type":"Feature","id":807,"properties":{"mascon_id":807,"cells":48,"land_cells":48,"land_fraction":1.0},"geometry":{"type":"Polygon","coordinates":[[[46.5,37.5],[50.5,37.5],[50.5,40.5],[46.5,40.5],[46.5,37.5]]]}},{"type":"Feature","id":808,"properties":{"mascon_id":808,"cells":42,"land_cells":42,"land_fraction":1.0},"geometry":{"type":"Polygon","coordinates":[[[50.5,37.5],[54.0,37.5],[54.0,40.5],[50.5,40.5],[50.5,37.5]]]}},{"type":"Feature","id":809,"properties":{"mascon_id":809,"cells":48,"land_cells":48,"land_fraction":1.0},"geometry":{"type":"Polygon","coordinates":[[[54.0,37.5],[58.0,37.5],[58.0,40.5],[54.0,40.5],[54.0,37.5]]]}},{"type":"Feature","id":810,"properties":{"mascon_id":810,"cells":48,"land_cells":48,"land_fraction":1.0},"geometry":{"type":"Polygon","coordinates":[[[58.0,37.5],[62.0,37.5],[62.0,40.5],[58.0,40.5],[58.0,37.5]]]}},{"type":"Feature","id":811,"properties":{"mascon_id":811,"cells":48,"land_cells":48,"land_fraction":1.0},"geometry":{"type":"Polygon","coordinates":[[[62.0,37.5],[66.0,37.5],[66.0,40.5],[62.0,40.5],[62.0,37.5]]]}},{"type":"Feature","id":812,"properties":{"mascon_id":812,"cells":42,"land_cells":42,"land_fraction":1.0},"geometry":{"type":"Polygon","coordinates":[[[66.0,37.5],[69.5,37.5],[69.5,40.5],[66.0,40.5],[66.0,37.5]]]}},{"type":"Feature","id":813,"properties":{"mascon_id":813,"cells":48,"land_cells":48,"land_fraction":1.0},"geometry":{"type":"Polygon","coordinates":[[[69.5,37.5],[73.5,37.5],[73.5,40.5],[69.5,40.5],[69.5,37.5]]]}},{"type":"Feature","id":814,"properties":{"mascon_id":814,"cells":48,"land_cells":48,"land_fraction":1.0},"geometry":{"type":"Polygon","coordinates":[[[73.5,37.5],[77.5,37.5],[77.5,40.5],[73.5,40.5],[73.5,37.5]]]}},{"type":"Feature","id":815,"properties":{"mascon_id":815,"cells":48,"land_cells":48,"land_fraction":1.0},"geometry":{"type":"Polygon","coordinates":[[[77.5,37.5],[81.5,37.5],[81.5,40.5],[77.5,40.5],[77.5,37.5]]]}},{"type":"Feature","id":816,"properties":{"mascon_id":816,"cells":42,"land_cells":42,"land_fraction":1.0},"geometry":{"type":"Polygon","coordinates":[[[81.5,37.5],[85.0,37.5],[85.0,40.5],[81.5,40.5],[81.5,37.5]]]}},{"type":"Feature","id":817,"properties":{"mascon_id":817,"cells":48,"land_cells":48,"land_fraction":1.0},"geometry":{"type":"Polygon","coordinates":[[[85.0,37.5],[89.0,37.5],[89.0,40.5],[85.0,40.5],[85.0,37.5]]]}},{"type":"Feature","id":818,"properties":{"mascon_id":818,"cells":48,"land_cells":48,"land_fraction":1.0},"geometry":{"type":"Polygon","coordinates":[[[89.0,37.5],[93.0,37.5],[93.0,40.5],[89.0,40.5],[89.0,37.5]]]}},{"type":"Feature","id":819,"properties":{"mascon_id":819,"cells":48,"land_cells":48,"land_fraction":1.0},"geometry":{"type":"Polygon","coordinates":[[[93.0,37.5],[97.0,37.5],[97.0,40.5],[93.0,40.5],[93.0,37.5]]]}},{"type":"Feature","id":820,"properties":{"mascon_id":820,"cells":42,"land_cells":42,"land_fraction":1.0},"geometry":{"type":"Polygon","coordinates":[[[97.0,37.5],[100.5,37.5],[100.5,40.5],[97.0,40.5],[97.0,37.5]]]}},{"type":"Feature","id":821,"properties":{"mascon_id":821,"cells":48,"land_cells":48,"land_fraction":1.0},"geometry":{"type":"Polygon","coordinates":[[[100.5,37.5],[104.5,37.5],[104.5,40.5],[100.5,40.5],[100.5,37.5]]]}},{"type":"Feature","id":822,"properties":{"mascon_id":822,"cells":48,"land_cells":48,"land_fraction":1.0},"geometry":{"type":"Polygon","coordinates":[[[104.5,37.5],[108.5,37.5],[108.5,40.5],[104.5,40.5],[104.5,37.5]]]}},{"type":"Feature","id":823,"properties":{"mascon_id":823,"cells":42,"land_cells":42,"land_fraction":1.0},"geometry":{"type":"Polygon","coordinates":[[[108.5,37.5],[112.0,37.5],[112.0,40.5],[108.5,40.5],[108.5,37.5]]]}},{"type":"Feature","id":824,"properties":{"mascon_id":824,"cells":48,"land_cells":48,"land_fraction":1.0},"geometry":{"type":"Polygon","coordinates":[[[112.0,37.5],[116.0,37.5],[116.0,40.5],[112.0,40.5],[112.0,37.5]]]}},{"type":"Feature","id":825,"properties":{"mascon_id":825,"cells":48,"land_cells":34,"land_fraction":0.708},"geometry":{"type":"Polygon","coordinates":[[[116.0,37.5],[120.0,37.5],[120.0,40.5],[116.0,40.5],[116.0,37.5]]]}},{"type":"Feature","id":826,"properties":{"mascon_id":826,"cells":48,"land_cells":11,"land_fraction":0.229},"geometry":{"type":"Polygon","coordinates":[[[120.0,37.5],[124.0,37.5],[124.0,40.5],[120.0,40.5],[120.0,37.5]]]}},{"type":"Feature","id":827,"properties":{"mascon_id":827,"cells":42,"land_cells":29,"land_fraction":0.69},"geometry":{"type":"Polygon","coordinates":[[[124.0,37.5],[127.5,37.5],[127.5,40.5],[124.0,40.5],[124.0,37.5]]]}},{"type":"Feature","id":828,"properties":{"mascon_id":828,"cells":48,"land_cells":8,"land_fraction":0.167},"geometry":{"type":"Polygon","coordinates":[[[127.5,37.5],[131.5,37.5],[131.5,40.5],[127.5,40.5],[127.5,37.5]]]}},{"type":"Feature","id":830,"properties":{"mascon_id":830,"cells":48,"land_cells":1,"land_fraction":0.021},"geometry":{"type":"Polygon","coordinates":[[[135.5,37.5],[139.5,37.5],[139.5,40.5],[135.5,40.5],[135.5,37.5]]]}},{"type":"Feature","id":831,"properties":{"mascon_id":831,"cells":42,"land_cells":22,"land_fraction":0.524},"geometry":{"type":"Polygon","coordinates":[[[139.5,37.5],[143.0,37.5],[143.0,40.5],[139.5,40.5],[139.5,37.5]]]}},{"type":"Feature","id":855,"properties":{"mascon_id":855,"cells":48,"land_cells":1,"land_fraction":0.021},"geometry":{"type":"Polygon","coordinates":[[[-128.0,37.5],[-124.0,37.5],[-124.0,40.5],[-128.0,40.5],[-128.0,37.5]]]}},{"type":"Feature","id":856,"properties":{"mascon_id":856,"cells":48,"land_cells":42,"land_fraction":0.875},"geometry":{"type":"Polygon","coordinates":[[[-124.0,37.5],[-120.0,37.5],[-120.0,40.5],[-124.0,40.5],[-124.0,37.5]]]}},{"type":"Feature","id":857,"properties":{"mascon_id":857,"cells":48,"land_cells":48,"land_fraction":1.0},"geometry":{"type":"Polygon","coordinates":[[[-120.0,37.5],[-116.0,37.5],[-116.0,40.5],[-120.0,40.5],[-120.0,37.5]]]}},{"type":"Feature","id":858,"properties":{"mascon_id":858,"cells":42,"land_cells":42,"land_fraction":1.0},"geometry":{"type":"Polygon","coordinates":[[[-116.0,37.5],[-112.5,37.5],[-112.5,40.5],[-116.0,40.5],[-116.0,37.5]]]}},{"type":"Feature","id":859,"properties":{"mascon_id":859,"cells":48,"land_cells":48,"land_fraction":1.0},"geometry":{"type":"Polygon","coordinates":[[[-112.5,37.5],[-108.5,37.5],[-108.5,40.5],[-112.5,40.5],[-112.5,37.5]]]}},{"type":"Feature","id":860,"properties":{"mascon_id":860,"cells":48,"land_cells":48,"land_fraction":1.0},"geometry":{"type":"Polygon","coordinates":[[[-108.5,37.5],[-104.5,37.5],[-104.5,40.5],[-108.5,40.5],[-108.5,37.5]]]}},{"type":"Feature","id":861,"properties":{"mascon_id":861,"cells":48,"land_cells":48,"land_fraction":1.0},"geometry":{"type":"Polygon","coordinates":[[[-104.5,37.5],[-100.5,37.5],[-100.5,40.5],[-104.5,40.5],[-104.5,37.5]]]}},{"type":"Feature","id":862,"properties":{"mascon_id":862,"cells":42,"land_cells":42,"land_fraction":1.0},"geometry":{"type":"Polygon","coordinates":[[[-100.5,37.5],[-97.0,37.5],[-97.0,40.5],[-100.5,40.5],[-100.5,37.5]]]}},{"type":"Feature","id":863,"properties":{"mascon_id":863,"cells":48,"land_cells":48,"land_fraction":1.0},"geometry":{"type":"Polygon","coordinates":[[[-97.0,37.5],[-93.0,37.5],[-93.0,40.5],[-97.0,40.5],[-97.0,37.5]]]}},{"type":"Feature","id":864,"properties":{"mascon_id":864,"cells":48,"land_cells":48,"land_fraction":1.0},"geometry":{"type":"Polygon","coordinates":[[[-93.0,37.5],[-89.0,37.5],[-89.0,40.5],[-93.0,40.5],[-93.0,37.5]]]}},{"type":"Feature","id":865,"properties":{"mascon_id":865,"cells":48,"land_cells":48,"land_fraction":1.0},"geometry":{"type":"Polygon","coordinates":[[[-89.0,37.5],[-85.0,37.5],[-85.0,40.5],[-89.0,40.5],[-89.0,37.5]]]}},{"type":"Feature","id":866,"properties":{"mascon_id":866,"cells":42,"land_cells":42,"land_fraction":1.0},"geometry":{"type":"Polygon","coordinates":[[[-85.0,37.5],[-81.5,37.5],[-81.5,40.5],[-85.0,40.5],[-85.0,37.5]]]}},{"type":"Feature","id":867,"properties":{"mascon_id":867,"cells":48,"land_cells":48,"land_fraction":1.0},"geometry":{"type":"Polygon","coordinates":[[[-81.5,37.5],[-77.5,37.5],[-77.5,40.5],[-81.5,40.5],[-81.5,37.5]]]}},{"type":"Feature","id":868,"properties":{"mascon_id":868,"cells":48,"land_cells":30,"land_fraction":0.625},"geometry":{"type":"Polygon","coordinates":[[[-77.5,37.5],[-73.5,37.5],[-73.5,40.5],[-77.5,40.5],[-77.5,37.5]]]}},{"type":"Feature","id":885,"properties":{"mascon_id":885,"cells":42,"land_cells":14,"land_fraction":0.333},"geometry":{"type":"Polygon","coordinates":[[[-11.5,37.5],[-8.0,37.5],[-8.0,40.5],[-11.5,40.5],[-11.5,37.5]]]}},{"type":"Feature","id":886,"properties":{"mascon_id":886,"cells":48,"land_cells":48,"land_fraction":1.0},"geometry":{"type":"Polygon","coordinates":[[[-8.0,37.5],[-4.0,37.5],[-4.0,40.5],[-8.0,40.5],[-8.0,37.5]]]}},{"type":"Feature","id":887,"properties":{"mascon_id":887,"cells":48,"land_cells":45,"land_fraction":0.938},"geometry":{"type":"Polygon","coordinates":[[[-4.0,37.5],[0.0,37.5],[0.0,40.5],[-4.0,40.5],[-4.0,37.5]]]}},{"type":"Feature","id":888,"properties":{"mascon_id":888,"cells":42,"land_cells":28,"land_fraction":0.667},"geometry":{"type":"Polygon","coordinates":[[[0.0,34.5],[3.5,34.5],[3.5,37.5],[0.0,37.5],[0.0,34.5]]]}},{"type":"Feature","id":889,"properties":{"mascon_id":889,"cells":48,"land_cells":39,"land_fraction":0.812},"geometry":{"type":"Polygon","coordinates":[[[3.5,34.5],[7.5,34.5],[7.5,37.5],[3.5,37.5],[3.5,34.5]]]}},{"type":"Feature","id":890,"properties":{"mascon_id":890,"cells":42,"land_cells":35,"land_fraction":0.833},"geometry":{"type":"Polygon","coordinates":[[[7.5,34.5],[11.0,34.5],[11.0,37.5],[7.5,37.5],[7.5,34.5]]]}},{"type":"Feature","id":891,"properties":{"mascon_id":891,"cells":48,"land_cells":4,"land_fraction":0.083},"geometry":{"type":"Polygon","coordinates":[[[11.0,34.5],[15.0,34.5],[15.0,37.5],[11.0,37.5],[11.0,34.5]]]}},{"type":"Feature","id":893,"properties":{"mascon_id":893,"cells":48,"land_cells":2,"land_fraction":0.042},"geometry":{"type":"Polygon","coordinates":[[[18.5,34.5],[22.5,34.5],[22.5,37.5],[18.5,37.5],[18.5,34.5]]]}},{"type":"Feature","id":894,"properties":{"mascon_id":894,"cells":42,"land_cells":2,"land_fraction":0.048},"geometry":{"type":"Polygon","coordinates":[[[22.5,34.5],[26.0,34.5],[26.0,37.5],[22.5,37.5],[22.5,34.5]]]}},{"type":"Feature","id":895,"properties":{"mascon_id":895,"cells":42,"land_cells":6,"land_fraction":0.143},"geometry":{"type":"Polygon","coordinates":[[[26.0,34.5],[29.5,34.5],[29.5,37.5],[26.0,37.5],[26.0,34.5]]]}},{"type":"Feature","id":896,"properties":{"mascon_id":896,"cells":48,"land_cells":17,"land_fraction":0.354},"geometry":{"type":"Polygon","coordinates":[[[29.5,34.5],[33.5,34.5],[33.5,37.5],[29.5,37.5],[29.5,34.5]]]}},{"type":"Feature","id":897,"properties":{"mascon_id":897,"cells":42,"land_cells":22,"land_fraction":0.524},"geometry":{"type":"Polygon","coordinates":[[[33.5,34.5],[37.0,34.5],[37.0,37.5],[33.5,37.5],[33.5,34.5]]]}},{"type":"Feature","id":898,"properties":{"mascon_id":898,"cells":48,"land_cells":48,"land_fraction":1.0},"geometry":{"type":"Polygon","coordinates":[[[37.0,34.5],[41.0,34.5],[41.0,37.5],[37.0,37.5],[37.0,34.5]]]}},{"type":"Feature","id":899,"properties":{"mascon_id":899,"cells":42,"land_cells":42,"land_fraction":1.0},"geometry":{"type":"Polygon","coordinates":[[[41.0,34.5],[44.5,34.5],[44.5,37.5],[41.0,37.5],[41.0,34.5]]]}},{"type":"Feature","id":900,"properties":{"mascon_id":900,"cells":42,"land_cells":42,"land_fraction":1.0},"geometry":{"type":"Polygon","coordinates":[[[44.5,34.5],[48.0,34.5],[48.0,37.5],[44.5,37.5],[44.5,34.5]]]}},{"type":"Feature","id":901,"properties":{"mascon_id":901,"cells":48,"land_cells":48,"land_fraction":1.0},"geometry":{"type":"Polygon","coordinates":[[[48.0,34.5],[52.0,34.5],[52.0,37.5],[48.0,37.5],[48.0,34.5]]]}},{"type":"Feature","id":902,"properties":{"mascon_id":902,"cells":42,"land_cells":42,"land_fraction":1.0},"geometry":{"type":"Polygon","coordinates":[[[52.0,34.5],[55.5,34.5],[55.5,37.5],[52.0,37.5],[52.0,34.5]]]}},{"type":"Feature","id":903,"properties":{"mascon_id":903,"cells":48,"land_cells":48,"land_fraction":1.0},"geometry":{"type":"Polygon","coordinates":[[[55.5,34.5],[59.5,34.5],[59.5,37.5],[55.5,37.5],[55.5,34.5]]]}},{"type":"Feature","id":904,"properties":{"mascon_id":904,"cells":42,"land_cells":42,"land_fraction":1.0},"geometry":{"type":"Polygon","coordinates":[[[59.5,34.5],[63.0,34.5],[63.0,37.5],[59.5,37.5],[59.5,34.5]]]}},{"type":"Feature","id":905,"properties":{"mascon_id":905,"cells":48,"land_cells":48,"land_fraction":1.0},"geometry":{"type":"Polygon","coordinates":[[[63.0,34.5],[67.0,34.5],[67.0,37.5],[63.0,37.5],[63.0,34.5]]]}},{"type":"Feature","id":906,"properties":{"mascon_id":906,"cells":42,"land_cells":42,"land_fraction":1.0},"geometry":{"type":"Polygon","coordinates":[[[67.0,34.5],[70.5,34.5],[70.5,37.5],[67.0,37.5],[67.0,34.5]]]}},{"type":"Feature","id":907,"properties":{"mascon_id":907,"cells":42,"land_cells":42,"land_fraction":1.0},"geometry":{"type":"Polygon","coordinates":[[[70.5,34.5],[74.0,34.5],[74.0,37.5],[70.5,37.5],[70.5,34.5]]]}},{"type":"Feature","id":908,"properties":{"mascon_id":908,"cells":48,"land_cells":48,"land_fraction":1.0},"geometry":{"type":"Polygon","coordinates":[[[74.0,34.5],[78.0,34.5],[78.0,37.5],[74.0,37.5],[74.0,34.5]]]}},{"type":"Feature","id":909,"properties":{"mascon_id":909,"cells":42,"land_cells":42,"land_fraction":1.0},"geometry":{"type":"Polygon","coordinates":[[[78.0,34.5],[81.5,34.5],[81.5,37.5],[78.0,37.5],[78.0,34.5]]]}},{"type":"Feature","id":910,"properties":{"mascon_id":910,"cells":48,"land_cells":48,"land_fraction":1.0},"geometry":{"type":"Polygon","coordinates":[[[81.5,34.5],[85.5,34.5],[85.5,37.5],[81.5,37.5],[81.5,34.5]]]}},{"type":"Feature","id":911,"properties":{"mascon_id":911,"cells":42,"land_cells":42,"land_fraction":1.0},"geometry":{"type":"Polygon","coordinates":[[[85.5,34.5],[89.0,34.5],[89.0,37.5],[85.5,37.5],[85.5,34.5]]]}},{"type":"Feature","id":912,"properties":{"mascon_id":912,"cells":48,"land_cells":48,"land_fraction":1.0},"geometry":{"type":"Polygon","coordinates":[[[89.0,34.5],[93.0,34.5],[93.0,37.5],[89.0,37.5],[89.0,34.5]]]}},{"type":"Feature","id":913,"properties":{"mascon_id":913,"cells":42,"land_cells":42,"land_fraction":1.0},"geometry":{"type":"Polygon","coordinates":[[[93.0,34.5],[96.5,34.5],[96.5,37.5],[93.0,37.5],[93.0,34.5]]]}},{"type":"Feature","id":914,"properties":{"mascon_id":914,"cells":42,"land_cells":42,"land_fraction":1.0},"geometry":{"type":"Polygon","coordinates":[[[96.5,34.5],[100.0,34.5],[100.0,37.5],[96.5,37.5],[96.5,34.5]]]}},{"type":"Feature","id":915,"properties":{"mascon_id":915,"cells":48,"land_cells":48,"land_fraction":1.0},"geometry":{"type":"Polygon","coordinates":[[[100.0,34.5],[104.0,34.5],[104.0,37.5],[100.0,37.5],[100.0,34.5]]]}},{"type":"Feature","id":916,"properties":{"mascon_id":916,"cells":42,"land_cells":42,"land_fraction":1.0},"geometry":{"type":"Polygon","coordinates":[[[104.0,34.5],[107.5,34.5],[107.5,37.5],[104.0,37.5],[104.0,34.5]]]}},{"type":"Feature","id":917,"properties":{"mascon_id":917,"cells":48,"land_cells":48,"land_fraction":1.0},"geometry":{"type":"Polygon","coordinates":[[[107.5,34.5],[111.5,34.5],[111.5,37.5],[107.5,37.5],[107.5,34.5]]]}},{"type":"Feature","id":918,"properties":{"mascon_id":918,"cells":42,"land_cells":42,"land_fraction":1.0},"geometry":{"type":"Polygon","coordinates":[[[111.5,34.5],[115.0,34.5],[115.0,37.5],[111.5,37.5],[111.5,34.5]]]}},{"type":"Feature","id":919,"properties":{"mascon_id":919,"cells":48,"land_cells":48,"land_fraction":1.0},"geometry":{"type":"Polygon","coordinates":[[[115.0,34.5],[119.0,34.5],[119.0,37.5],[115.0,37.5],[115.0,34.5]]]}},{"type":"Feature","id":920,"properties":{"mascon_id":920,"cells":42,"land_cells":17,"land_fraction":0.405},"geometry":{"type":"Polygon","coordinates":[[[119.0,34.5],[122.5,34.5],[122.5,37.5],[119.0,37.5],[119.0,34.5]]]}},{"type":"Feature","id":922,"properties":{"mascon_id":922,"cells":48,"land_cells":31,"land_fraction":0.646},"geometry":{"type":"Polygon","coordinates":[[[126.0,34.5],[130.0,34.5],[130.0,37.5],[126.0,37.5],[126.0,34.5]]]}},{"type":"Feature","id":923,"properties":{"mascon_id":923,"cells":42,"land_cells":5,"land_fraction":0.119},"geometry":{"type":"Polygon","coordinates":[[[130.0,34.5],[133.5,34.5],[133.5,37.5],[130.0,37.5],[130.0,34.5]]]}},{"type":"Feature","id":924,"properties":{"mascon_id":924,"cells":48,"land_cells":23,"land_fraction":0.479},"geometry":{"type":"Polygon","coordinates":[[[133.5,34.5],[137.5,34.5],[137.5,37.5],[133.5,37.5],[133.5,34.5]]]}},{"type":"Feature","id":925,"properties":{"mascon_id":925,"cells":42,"land_cells":30,"land_fraction":0.714},"geometry":{"type":"Polygon","coordinates":[[[137.5,34.5],[141.0,34.5],[141.0,37.5],[137.5,37.5],[137.5,34.5]]]}},{"type":"Feature","id":952,"properties":{"mascon_id":952,"cells":42,"land_cells":31,"land_fraction":0.738},"geometry":{"type":"Polygon","coordinates":[[[-122.5,34.5],[-119.0,34.5],[-119.0,37.5],[-122.5,37.5],[-122.5,34.5]]]}},{"type":"Feature","id":953,"properties":{"mascon_id":953,"cells":48,"land_cells":48,"land_fraction":1.0},"geometry":{"type":"Polygon","coordinates":[[[-119.0,34.5],[-115.0,34.5],[-115.0,37.5],[-119.0,37.5],[-119.0,34.5]]]}},{"type":"Feature","id":954,"properties":{"mascon_id":954,"cells":42,"land_cells":42,"land_fraction":1.0},"geometry":{"type":"Polygon","coordinates":[[[-115.0,34.5],[-111.5,34.5],[-111.5,37.5],[-115.0,37.5],[-115.0,34.5]]]}},{"type":"Feature","id":955,"properties":{"mascon_id":955,"cells":48,"land_cells":48,"land_fraction":1.0},"geometry":{"type":"Polygon","coordinates":[[[-111.5,34.5],[-107.5,34.5],[-107.5,37.5],[-111.5,37.5],[-111.5,34.5]]]}},{"type":"Feature","id":956,"properties":{"mascon_id":956,"cells":42,"land_cells":42,"land_fraction":1.0},"geometry":{"type":"Polygon","coordinates":[[[-107.5,34.5],[-104.0,34.5],[-104.0,37.5],[-107.5,37.5],[-107.5,34.5]]]}},{"type":"Feature","id":957,"properties":{"mascon_id":957,"cells":48,"land_cells":48,"land_fraction":1.0},"geometry":{"type":"Polygon","coordinates":[[[-104.0,34.5],[-100.0,34.5],[-100.0,37.5],[-104.0,37.5],[-104.0,34.5]]]}},{"type":"Feature","id":958,"properties":{"mascon_id":958,"cells":42,"land_cells":42,"land_fraction":1.0},"geometry":{"type":"Polygon","coordinates":[[[-100.0,34.5],[-96.5,34.5],[-96.5,37.5],[-100.0,37.5],[-100.0,34.5]]]}},{"type":"Feature","id":959,"properties":{"mascon_id":959,"cells":42,"land_cells":42,"land_fraction":1.0},"geometry":{"type":"Polygon","coordinates":[[[-96.5,34.5],[-93.0,34.5],[-93.0,37.5],[-96.5,37.5],[-96.5,34.5]]]}},{"type":"Feature","id":960,"properties":{"mascon_id":960,"cells":48,"land_cells":48,"land_fraction":1.0},"geometry":{"type":"Polygon","coordinates":[[[-93.0,34.5],[-89.0,34.5],[-89.0,37.5],[-93.0,37.5],[-93.0,34.5]]]}},{"type":"Feature","id":961,"properties":{"mascon_id":961,"cells":42,"land_cells":42,"land_fraction":1.0},"geometry":{"type":"Polygon","coordinates":[[[-89.0,34.5],[-85.5,34.5],[-85.5,37.5],[-89.0,37.5],[-89.0,34.5]]]}},{"type":"Feature","id":962,"properties":{"mascon_id":962,"cells":48,"land_cells":48,"land_fraction":1.0},"geometry":{"type":"Polygon","coordinates":[[[-85.5,34.5],[-81.5,34.5],[-81.5,37.5],[-85.5,37.5],[-85.5,34.5]]]}},{"type":"Feature","id":963,"properties":{"mascon_id":963,"cells":42,"land_cells":42,"land_fraction":1.0},"geometry":{"type":"Polygon","coordinates":[[[-81.5,34.5],[-78.0,34.5],[-78.0,37.5],[-81.5,37.5],[-81.5,34.5]]]}},{"type":"Feature","id":964,"properties":{"mascon_id":964,"cells":48,"land_cells":20,"land_fraction":0.417},"geometry":{"type":"Polygon","coordinates":[[[-78.0,34.5],[-74.0,34.5],[-74.0,37.5],[-78.0,37.5],[-78.0,34.5]]]}},{"type":"Feature","id":982,"properties":{"mascon_id":982,"cells":42,"land_cells":3,"land_fraction":0.071},"geometry":{"type":"Polygon","coordinates":[[[-11.0,34.5],[-7.5,34.5],[-7.5,37.5],[-11.0,37.5],[-11.0,34.5]]]}},{"type":"Feature","id":983,"properties":{"mascon_id":983,"cells":48,"land_cells":24,"land_fraction":0.5},"geometry":{"type":"Polygon","coordinates":[[[-7.5,34.5],[-3.5,34.5],[-3.5,37.5],[-7.5,37.5],[-7.5,34.5]]]}},{"type":"Feature","id":984,"properties":{"mascon_id":984,"cells":42,"land_cells":17,"land_fraction":0.405},"geometry":{"type":"Polygon","coordinates":[[[-3.5,34.5],[0.0,34.5],[0.0,37.5],[-3.5,37.5],[-3.5,34.5]]]}},{"type":"Feature","id":985,"properties":{"mascon_id":985,"cells":42,"land_cells":42,"land_fraction":1.0},"geometry":{"type":"Polygon","coordinates":[[[0.0,31.5],[3.5,31.5],[3.5,34.5],[0.0,34.5],[0.0,31.5]]]}},{"type":"Feature","id":986,"properties":{"mascon_id":986,"cells":42,"land_cells":42,"land_fraction":1.0},"geometry":{"type":"Polygon","coordinates":[[[3.5,31.5],[7.0,31.5],[7.0,34.5],[3.5,34.5],[3.5,31.5]]]}},{"type":"Feature","id":987,"properties":{"mascon_id":987,"cells":48,"land_cells":45,"land_fraction":0.938},"geometry":{"type":"Polygon","coordinates":[[[7.0,31.5],[11.0,31.5],[11.0,34.5],[7.0,34.5],[7.0,31.5]]]}},{"type":"Feature","id":988,"properties":{"mascon_id":988,"cells":42,"land_cells":21,"land_fraction":0.5},"geometry":{"type":"Polygon","coordinates":[[[11.0,31.5],[14.5,31.5],[14.5,34.5],[11.0,34.5],[11.0,31.5]]]}},{"type":"Feature","id":989,"properties":{"mascon_id":989,"cells":42,"land_cells":3,"land_fraction":0.071},"geometry":{"type":"Polygon","coordinates":[[[14.5,31.5],[18.0,31.5],[18.0,34.5],[14.5,34.5],[14.5,31.5]]]}},{"type":"Feature","id":990,"properties":{"mascon_id":990,"cells":42,"land_cells":7,"land_fraction":0.167},"geometry":{"type":"Polygon","coordinates":[[[18.0,31.5],[21.5,31.5],[21.5,34.5],[18.0,34.5],[18.0,31.5]]]}},{"type":"Feature","id":991,"properties":{"mascon_id":991,"cells":42,"land_cells":13,"land_fraction":0.31},"geometry":{"type":"Polygon","coordinates":[[[21.5,31.5],[25.0,31.5],[25.0,34.5],[21.5,34.5],[21.5,31.5]]]}},{"type":"Feature","id":994,"properties":{"mascon_id":994,"cells":42,"land_cells":11,"land_fraction":0.262},"geometry":{"type":"Polygon","coordinates":[[[32.5,31.5],[36.0,31.5],[36.0,34.5],[32.5,34.5],[32.5,31.5]]]}},{"type":"Feature","id":995,"properties":{"mascon_id":995,"cells":42,"land_cells":42,"land_fraction":1.0},"geometry":{"type":"Polygon","coordinates":[[[36.0,31.5],[39.5,31.5],[39.5,34.5],[36.0,34.5],[36.0,31.5]]]}},{"type":"Feature","id":996,"properties":{"mascon_id":996,"cells":42,"land_cells":42,"land_fraction":1.0},"geometry":{"type":"Polygon","coordinates":[[[39.5,31.5],[43.0,31.5],[43.0,34.5],[39.5,34.5],[39.5,31.5]]]}},{"type":"Feature","id":997,"properties":{"mascon_id":997,"cells":48,"land_cells":48,"land_fraction":1.0},"geometry":{"type":"Polygon","coordinates":[[[43.0,31.5],[47.0,31.5],[47.0,34.5],[43.0,34.5],[43.0,31.5]]]}},{"type":"Feature","id":998,"properties":{"mascon_id":998,"cells":42,"land_cells":42,"land_fraction":1.0},"geometry":{"type":"Polygon","coordinates":[[[47.0,31.5],[50.5,31.5],[50.5,34.5],[47.0,34.5],[47.0,31.5]]]}},{"type":"Feature","id":999,"properties":{"mascon_id":999,"cells":42,"land_cells":42,"land_fraction":1.0},"geometry":{"type":"Polygon","coordinates":[[[50.5,31.5],[54.0,31.5],[54.0,34.5],[50.5,34.5],[50.5,31.5]]]}},{"type":"Feature","id":1000,"properties":{"mascon_id":1000,"cells":42,"land_cells":42,"land_fraction":1.0},"geometry":{"type":"Polygon","coordinates":[[[54.0,31.5],[57.5,31.5],[57.5,34.5],[54.0,34.5],[54.0,31.5]]]}},{"type":"Feature","id":1001,"properties":{"mascon_id":1001,"cells":42,"land_cells":42,"land_fraction":1.0},"geometry":{"type":"Polygon","coordinates":[[[57.5,31.5],[61.0,31.5],[61.0,34.5],[57.5,34.5],[57.5,31.5]]]}},{"type":"Feature","id":1002,"properties":{"mascon_id":1002,"cells":48,"land_cells":48,"land_fraction":1.0},"geometry":{"type":"Polygon","coordinates":[[[61.0,31.5],[65.0,31.5],[65.0,34.5],[61.0,34.5],[61.0,31.5]]]}},{"type":"Feature","id":1003,"properties":{"mascon_id":1003,"cells":42,"land_cells":42,"land_fraction":1.0},"geometry":{"type":"Polygon","coordinates":[[[65.0,31.5],[68.5,31.5],[68.5,34.5],[65.0,34.5],[65.0,31.5]]]}},{"type":"Feature","id":1004,"properties":{"mascon_id":1004,"cells":42,"land_cells":42,"land_fraction":1.0},"geometry":{"type":"Polygon","coordinates":[[[68.5,31.5],[72.0,31.5],[72.0,34.5],[68.5,34.5],[68.5,31.5]]]}},{"type":"Feature","id":1005,"properties":{"mascon_id":1005,"cells":42,"land_cells":42,"land_fraction":1.0},"geometry":{"type":"Polygon","coordinates":[[[72.0,31.5],[75.5,31.5],[75.5,34.5],[72.0,34.5],[72.0,31.5]]]}},{"type":"Feature","id":1006,"properties":{"mascon_id":1006,"cells":42,"land_cells":42,"land_fraction":1.0},"geometry":{"type":"Polygon","coordinates":[[[75.5,31.5],[79.0,31.5],[79.0,34.5],[75.5,34.5],[75.5,31.5]]]}},{"type":"Feature","id":1007,"properties":{"mascon_id":1007,"cells":48,"land_cells":48,"land_fraction":1.0},"geometry":{"type":"Polygon","coordinates":[[[79.0,31.5],[83.0,31.5],[83.0,34.5],[79.0,34.5],[79.0,31.5]]]}},{"type":"Feature","id":1008,"properties":{"mascon_id":1008,"cells":42,"land_cells":42,"land_fraction":1.0},"geometry":{"type":"Polygon","coordinates":[[[83.0,31.5],[86.5,31.5],[86.5,34.5],[83.0,34.5],[83.0,31.5]]]}},{"type":"Feature","id":1009,"properties":{"mascon_id":1009,"cells":42,"land_cells":42,"land_fraction":1.0},"geometry":{"type":"Polygon","coordinates":[[[86.5,31.5],[90.0,31.5],[90.0,34.5],[86.5,34.5],[86.5,31.5]]]}},{"type":"Feature","id":1010,"properties":{"mascon_id":1010,"cells":42,"land_cells":42,"land_fraction":1.0},"geometry":{"type":"Polygon","coordinates":[[[90.0,31.5],[93.5,31.5],[93.5,34.5],[90.0,34.5],[90.0,31.5]]]}},{"type":"Feature","id":1011,"properties":{"mascon_id":1011,"cells":42,"land_cells":42,"land_fraction":1.0},"geometry":{"type":"Polygon","coordinates":[[[93.5,31.5],[97.0,31.5],[97.0,34.5],[93.5,34.5],[93.5,31.5]]]}},{"type":"Feature","id":1012,"properties":{"mascon_id":1012,"cells":48,"land_cells":48,"land_fraction":1.0},"geometry":{"type":"Polygon","coordinates":[[[97.0,31.5],[101.0,31.5],[101.0,34.5],[97.0,34.5],[97.0,31.5]]]}},{"type":"Feature","id":1013,"properties":{"mascon_id":1013,"cells":42,"land_cells":42,"land_fraction":1.0},"geometry":{"type":"Polygon","coordinates":[[[101.0,31.5],[104.5,31.5],[104.5,34.5],[101.0,34.5],[101.0,31.5]]]}},{"type":"Feature","id":1014,"properties":{"mascon_id":1014,"cells":42,"land_cells":42,"land_fraction":1.0},"geometry":{"type":"Polygon","coordinates":[[[104.5,31.5],[108.0,31.5],[108.0,34.5],[104.5,34.5],[104.5,31.5]]]}},{"type":"Feature","id":1015,"properties":{"mascon_id":1015,"cells":42,"land_cells":42,"land_fraction":1.0},"geometry":{"type":"Polygon","coordinates":[[[108.0,31.5],[111.5,31.5],[111.5,34.5],[108.0,34.5],[108.0,31.5]]]}},{"type":"Feature","id":1016,"properties":{"mascon_id":1016,"cells":42,"land_cells":42,"land_fraction":1.0},"geometry":{"type":"Polygon","coordinates":[[[111.5,31.5],[115.0,31.5],[115.0,34.5],[111.5,34.5],[111.5,31.5]]]}},{"type":"Feature","id":1017,"properties":{"mascon_id":1017,"cells":48,"land_cells":48,"land_fraction":1.0},"geometry":{"type":"Polygon","coordinates":[[[115.0,31.5],[119.0,31.5],[119.0,34.5],[115.0,34.5],[115.0,31.5]]]}},{"type":"Feature","id":1018,"properties":{"mascon_id":1018,"cells":42,"land_cells":23,"land_fraction":0.548},"geometry":{"type":"Polygon","coordinates":[[[119.0,31.5],[122.5,31.5],[122.5,34.5],[119.0,34.5],[119.0,31.5]]]}},{"type":"Feature","id":1021,"properties":{"mascon_id":1021,"cells":42,"land_cells":20,"land_fraction":0.476},"geometry":{"type":"Polygon","coordinates":[[[129.5,31.5],[133.0,31.5],[133.0,34.5],[129.5,34.5],[129.5,31.5]]]}},{"type":"Feature","id":1022,"properties":{"mascon_id":1022,"cells":48,"land_cells":10,"land_fraction":0.208},"geometry":{"type":"Polygon","coordinates":[[[133.0,31.5],[137.0,31.5],[137.0,34.5],[133.0,34.5],[133.0,31.5]]]}},{"type":"Feature","id":1051,"properties":{"mascon_id":1051,"cells":42,"land_cells":1,"land_fraction":0.024},"geometry":{"type":"Polygon","coordinates":[[[-122.5,31.5],[-119.0,31.5],[-119.0,34.5],[-122.5,34.5],[-122.5,31.5]]]}},{"type":"Feature","id":1052,"properties":{"mascon_id":1052,"cells":48,"land_cells":30,"land_fraction":0.625},"geometry":{"type":"Polygon","coordinates":[[[-119.0,31.5],[-115.0,31.5],[-115.0,34.5],[-119.0,34.5],[-119.0,31.5]]]}},{"type":"Feature","id":1053,"properties":{"mascon_id":1053,"cells":42,"land_cells":42,"land_fraction":1.0},"geometry":{"type":"Polygon","coordinates":[[[-115.0,31.5],[-111.5,31.5],[-111.5,34.5],[-115.0,34.5],[-115.0,31.5]]]}},{"type":"Feature","id":1054,"properties":{"mascon_id":1054,"cells":42,"land_cells":42,"land_fraction":1.0},"geometry":{"type":"Polygon","coordinates":[[[-111.5,31.5],[-108.0,31.5],[-108.0,34.5],[-111.5,34.5],[-111.5,31.5]]]}},{"type":"Feature","id":1055,"properties":{"mascon_id":1055,"cells":42,"land_cells":42,"land_fraction":1.0},"geometry":{"type":"Polygon","coordinates":[[[-108.0,31.5],[-104.5,31.5],[-104.5,34.5],[-108.0,34.5],[-108.0,31.5]]]}},{"type":"Feature","id":1056,"properties":{"mascon_id":1056,"cells":42,"land_cells":42,"land_fraction":1.0},"geometry":{"type":"Polygon","coordinates":[[[-104.5,31.5],[-101.0,31.5],[-101.0,34.5],[-104.5,34.5],[-104.5,31.5]]]}},{"type":"Feature","id":1057,"properties":{"mascon_id":1057,"cells":48,"land_cells":48,"land_fraction":1.0},"geometry":{"type":"Polygon","coordinates":[[[-101.0,31.5],[-97.0,31.5],[-97.0,34.5],[-101.0,34.5],[-101.0,31.5]]]}},{"type":"Feature","id":1058,"properties":{"mascon_id":1058,"cells":42,"land_cells":42,"land_fraction":1.0},"geometry":{"type":"Polygon","coordinates":[[[-97.0,31.5],[-93.5,31.5],[-93.5,34.5],[-97.0,34.5],[-97.0,31.5]]]}},{"type":"Feature","id":1059,"properties":{"mascon_id":1059,"cells":42,"land_cells":42,"land_fraction":1.0},"geometry":{"type":"Polygon","coordinates":[[[-93.5,31.5],[-90.0,31.5],[-90.0,34.5],[-93.5,34.5],[-93.5,31.5]]]}},{"type":"Feature","id":1060,"properties":{"mascon_id":1060,"cells":42,"land_cells":42,"land_fraction":1.0},"geometry":{"type":"Polygon","coordinates":[[[-90.0,31.5],[-86.5,31.5],[-86.5,34.5],[-90.0,34.5],[-90.0,31.5]]]}},{"type":"Feature","id":1061,"properties":{"mascon_id":1061,"cells":42,"land_cells":42,"land_fraction":1.0},"geometry":{"type":"Polygon","coordinates":[[[-86.5,31.5],[-83.0,31.5],[-83.0,34.5],[-86.5,34.5],[-86.5,31.5]]]}},{"type":"Feature","id":1062,"properties":{"mascon_id":1062,"cells":48,"land_cells":39,"land_fraction":0.812},"geometry":{"type":"Polygon","coordinates":[[[-83.0,31.5],[-79.0,31.5],[-79.0,34.5],[-83.0,34.5],[-83.0,31.5]]]}},{"type":"Feature","id":1063,"properties":{"mascon_id":1063,"cells":42,"land_cells":3,"land_fraction":0.071},"geometry":{"type":"Polygon","coordinates":[[[-79.0,31.5],[-75.5,31.5],[-75.5,34.5],[-79.0,34.5],[-79.0,31.5]]]}},{"type":"Feature","id":1082,"properties":{"mascon_id":1082,"cells":48,"land_cells":18,"land_fraction":0.375},"geometry":{"type":"Polygon","coordinates":[[[-11.0,31.5],[-7.0,31.5],[-7.0,34.5],[-11.0,34.5],[-11.0,31.5]]]}},{"type":"Feature","id":1083,"properties":{"mascon_id":1083,"cells":42,"land_cells":41,"land_fraction":0.976},"geometry":{"type":"Polygon","coordinates":[[[-7.0,31.5],[-3.5,31.5],[-3.5,34.5],[-7.0,34.5],[-7.0,31.5]]]}},{"type":"Feature","id":1084,"properties":{"mascon_id":1084,"cells":42,"land_cells":42,"land_fraction":1.0},"geometry":{"type":"Polygon","coordinates":[[[-3.5,31.5],[0.0,31.5],[0.0,34.5],[-3.5,34.5],[-3.5,31.5]]]}},{"type":"Feature","id":1085,"properties":{"mascon_id":1085,"cells":42,"land_cells":42,"land_fraction":1.0},"geometry":{"type":"Polygon","coordinates":[[[0.0,28.5],[3.5,28.5],[3.5,31.5],[0.0,31.5],[0.0,28.5]]]}},{"type":"Feature","id":1086,"properties":{"mascon_id":1086,"cells":42,"land_cells":42,"land_fraction":1.0},"geometry":{"type":"Polygon","coordinates":[[[3.5,28.5],[7.0,28.5],[7.0,31.5],[3.5,31.5],[3.5,28.5]]]}},{"type":"Feature","id":1087,"properties":{"mascon_id":1087,"cells":42,"land_cells":42,"land_fraction":1.0},"geometry":{"type":"Polygon","coordinates":[[[7.0,28.5],[10.5,28.5],[10.5,31.5],[7.0,31.5],[7.0,28.5]]]}},{"type":"Feature","id":1088,"properties":{"mascon_id":1088,"cells":42,"land_cells":42,"land_fraction":1.0},"geometry":{"type":"Polygon","coordinates":[[[10.5,28.5],[14.0,28.5],[14.0,31.5],[10.5,31.5],[10.5,28.5]]]}},{"type":"Feature","id":1089,"properties":{"mascon_id":1089,"cells":42,"land_cells":39,"land_fraction":0.929},"geometry":{"type":"Polygon","coordinates":[[[14.0,28.5],[17.5,28.5],[17.5,31.5],[14.0,31.5],[14.0,28.5]]]}},{"type":"Feature","id":1090,"properties":{"mascon_id":1090,"cells":42,"land_cells":33,"land_fraction":0.786},"geometry":{"type":"Polygon","coordinates":[[[17.5,28.5],[21.0,28.5],[21.0,31.5],[17.5,31.5],[17.5,28.5]]]}},{"type":"Feature","id":1091,"properties":{"mascon_id":1091,"cells":42,"land_cells":42,"land_fraction":1.0},"geometry":{"type":"Polygon","coordinates":[[[21.0,28.5],[24.5,28.5],[24.5,31.5],[21.0,31.5],[21.0,28.5]]]}},{"type":"Feature","id":1092,"properties":{"mascon_id":1092,"cells":42,"land_cells":41,"land_fraction":0.976},"geometry":{"type":"Polygon","coordinates":[[[24.5,28.5],[28.0,28.5],[28.0,31.5],[24.5,31.5],[24.5,28.5]]]}},{"type":"Feature","id":1093,"properties":{"mascon_id":1093,"cells":42,"land_cells":38,"land_fraction":0.905},"geometry":{"type":"Polygon","coordinates":[[[28.0,28.5],[31.5,28.5],[31.5,31.5],[28.0,31.5],[28.0,28.5]]]}},{"type":"Feature","id":1094,"properties":{"mascon_id":1094,"cells":42,"land_cells":38,"land_fraction":0.905},"geometry":{"type":"Polygon","coordinates":[[[31.5,28.5],[35.0,28.5],[35.0,31.5],[31.5,31.5],[31.5,28.5]]]}},{"type":"Feature","id":1095,"properties":{"mascon_id":1095,"cells":42,"land_cells":42,"land_fraction":1.0},"geometry":{"type":"Polygon","coordinates":[[[35.0,28.5],[38.5,28.5],[38.5,31.5],[35.0,31.5],[35.0,28.5]]]}},{"type":"Feature","id":1096,"properties":{"mascon_id":1096,"cells":42,"land_cells":42,"land_fraction":1.0},"geometry":{"type":"Polygon","coordinates":[[[38.5,28.5],[42.0,28.5],[42.0,31.5],[38.5,31.5],[38.5,28.5]]]}},{"type":"Feature","id":1097,"properties":{"mascon_id":1097,"cells":42,"land_cells":42,"land_fraction":1.0},"geometry":{"type":"Polygon","coordinates":[[[42.0,28.5],[45.5,28.5],[45.5,31.5],[42.0,31.5],[42.0,28.5]]]}},{"type":"Feature","id":1098,"properties":{"mascon_id":1098,"cells":42,"land_cells":37,"land_fraction":0.881},"geometry":{"type":"Polygon","coordinates":[[[45.5,28.5],[49.0,28.5],[49.0,31.5],[45.5,31.5],[45.5,28.5]]]}},{"type":"Feature","id":1099,"properties":{"mascon_id":1099,"cells":42,"land_cells":32,"land_fraction":0.762},"geometry":{"type":"Polygon","coordinates":[[[49.0,28.5],[52.5,28.5],[52.5,31.5],[49.0,31.5],[49.0,28.5]]]}},{"type":"Feature","id":1100,"properties":{"mascon_id":1100,"cells":42,"land_cells":42,"land_fraction":1.0},"geometry":{"type":"Polygon","coordinates":[[[52.5,28.5],[56.0,28.5],[56.0,31.5],[52.5,31.5],[52.5,28.5]]]}},{"type":"Feature","id":1101,"properties":{"mascon_id":1101,"cells":42,"land_cells":42,"land_fraction":1.0},"geometry":{"type":"Polygon","coordinates":[[[56.0,28.5],[59.5,28.5],[59.5,31.5],[56.0,31.5],[56.0,28.5]]]}},{"type":"Feature","id":1102,"properties":{"mascon_id":1102,"cells":42,"land_cells":42,"land_fraction":1.0},"geometry":{"type":"Polygon","coordinates":[[[59.5,28.5],[63.0,28.5],[63.0,31.5],[59.5,31.5],[59.5,28.5]]]}},{"type":"Feature","id":1103,"properties":{"mascon_id":1103,"cells":42,"land_cells":42,"land_fraction":1.0},"geometry":{"type":"Polygon","coordinates":[[[63.0,28.5],[66.5,28.5],[66.5,31.5],[63.0,31.5],[63.0,28.5]]]}},{"type":"Feature","id":1104,"properties":{"mascon_id":1104,"cells":42,"land_cells":42,"land_fraction":1.0},"geometry":{"type":"Polygon","coordinates":[[[66.5,28.5],[70.0,28.5],[70.0,31.5],[66.5,31.5],[66.5,28.5]]]}},{"type":"Feature","id":1105,"properties":{"mascon_id":1105,"cells":42,"land_cells":42,"land_fraction":1.0},"geometry":{"type":"Polygon","coordinates":[[[70.0,28.5],[73.5,28.5],[73.5,31.5],[70.0,31.5],[70.0,28.5]]]}},{"type":"Feature","id":1106,"properties":{"mascon_id":1106,"cells":42,"land_cells":42,"land_fraction":1.0},"geometry":{"type":"Polygon","coordinates":[[[73.5,28.5],[77.0,28.5],[77.0,31.5],[73.5,31.5],[73.5,28.5]]]}},{"type":"Feature","id":1107,"properties":{"mascon_id":1107,"cells":42,"land_cells":42,"land_fraction":1.0},"geometry":{"type":"Polygon","coordinates":[[[77.0,28.5],[80.5,28.5],[80.5,31.5],[77.0,31.5],[77.0,28.5]]]}},{"type":"Feature","id":1108,"properties":{"mascon_id":1108,"cells":42,"land_cells":42,"land_fraction":1.0},"geometry":{"type":"Polygon","coordinates":[[[80.5,28.5],[84.0,28.5],[84.0,31.5],[80.5,31.5],[80.5,28.5]]]}},{"type":"Feature","id":1109,"properties":{"mascon_id":1109,"cells":42,"land_cells":42,"land_fraction":1.0},"geometry":{"type":"Polygon","coordinates":[[[84.0,28.5],[87.5,28.5],[87.5,31.5],[84.0,31.5],[84.0,28.5]]]}},{"type":"Feature","id":1110,"properties":{"mascon_id":1110,"cells":42,"land_cells":42,"land_fraction":1.0},"geometry":{"type":"Polygon","coordinates":[[[87.5,28.5],[91.0,28.5],[91.0,31.5],[87.5,31.5],[87.5,28.5]]]}},{"type":"Feature","id":1111,"properties":{"mascon_id":1111,"cells":42,"land_cells":42,"land_fraction":1.0},"geometry":{"type":"Polygon","coordinates":[[[91.0,28.5],[94.5,28.5],[94.5,31.5],[91.0,31.5],[91.0,28.5]]]}},{"type":"Feature","id":1112,"properties":{"mascon_id":1112,"cells":42,"land_cells":42,"land_fraction":1.0},"geometry":{"type":"Polygon","coordinates":[[[94.5,28.5],[98.0,28.5],[98.0,31.5],[94.5,31.5],[94.5,28.5]]]}},{"type":"Feature","id":1113,"properties":{"mascon_id":1113,"cells":42,"land_cells":42,"land_fraction":1.0},"geometry":{"type":"Polygon","coordinates":[[[98.0,28.5],[101.5,28.5],[101.5,31.5],[98.0,31.5],[98.0,28.5]]]}},{"type":"Feature","id":1114,"properties":{"mascon_id":1114,"cells":42,"land_cells":42,"land_fraction":1.0},"geometry":{"type":"Polygon","coordinates":[[[101.5,28.5],[105.0,28.5],[105.0,31.5],[101.5,31.5],[101.5,28.5]]]}},{"type":"Feature","id":1115,"properties":{"mascon_id":1115,"cells":42,"land_cells":42,"land_fraction":1.0},"geometry":{"type":"Polygon","coordinates":[[[105.0,28.5],[108.5,28.5],[108.5,31.5],[105.0,31.5],[105.0,28.5]]]}},{"type":"Feature","id":1116,"properties":{"mascon_id":1116,"cells":42,"land_cells":42,"land_fraction":1.0},"geometry":{"type":"Polygon","coordinates":[[[108.5,28.5],[112.0,28.5],[112.0,31.5],[108.5,31.5],[108.5,28.5]]]}},{"type":"Feature","id":1117,"properties":{"mascon_id":1117,"cells":42,"land_cells":42,"land_fraction":1.0},"geometry":{"type":"Polygon","coordinates":[[[112.0,28.5],[115.5,28.5],[115.5,31.5],[112.0,31.5],[112.0,28.5]]]}},{"type":"Feature","id":1118,"properties":{"mascon_id":1118,"cells":42,"land_cells":42,"land_fraction":1.0},"geometry":{"type":"Polygon","coordinates":[[[115.5,28.5],[119.0,28.5],[119.0,31.5],[115.5,31.5],[115.5,28.5]]]}},{"type":"Feature","id":1119,"properties":{"mascon_id":1119,"cells":42,"land_cells":32,"land_fraction":0.762},"geometry":{"type":"Polygon","coordinates":[[[119.0,28.5],[122.5,28.5],[122.5,31.5],[119.0,31.5],[119.0,28.5]]]}},{"type":"Feature","id":1154,"properties":{"mascon_id":1154,"cells":42,"land_cells":4,"land_fraction":0.095},"geometry":{"type":"Polygon","coordinates":[[[-119.0,28.5],[-115.5,28.5],[-115.5,31.5],[-119.0,31.5],[-119.0,28.5]]]}},{"type":"Feature","id":1155,"properties":{"mascon_id":1155,"cells":42,"land_cells":21,"land_fraction":0.5},"geometry":{"type":"Polygon","coordinates":[[[-115.5,28.5],[-112.0,28.5],[-112.0,31.5],[-115.5,31.5],[-115.5,28.5]]]}},{"type":"Feature","id":1156,"properties":{"mascon_id":1156,"cells":42,"land_cells":42,"land_fraction":1.0},"geometry":{"type":"Polygon","coordinates":[[[-112.0,28.5],[-108.5,28.5],[-108.5,31.5],[-112.0,31.5],[-112.0,28.5]]]}},{"type":"Feature","id":1157,"properties":{"mascon_id":1157,"cells":42,"land_cells":42,"land_fraction":1.0},"geometry":{"type":"Polygon","coordinates":[[[-108.5,28.5],[-105.0,28.5],[-105.0,31.5],[-108.5,31.5],[-108.5,28.5]]]}},{"type":"Feature","id":1158,"properties":{"mascon_id":1158,"cells":42,"land_cells":42,"land_fraction":1.0},"geometry":{"type":"Polygon","coordinates":[[[-105.0,28.5],[-101.5,28.5],[-101.5,31.5],[-105.0,31.5],[-105.0,28.5]]]}},{"type":"Feature","id":1159,"properties":{"mascon_id":1159,"cells":42,"land_cells":42,"land_fraction":1.0},"geometry":{"type":"Polygon","coordinates":[[[-101.5,28.5],[-98.0,28.5],[-98.0,31.5],[-101.5,31.5],[-101.5,28.5]]]}},{"type":"Feature","id":1160,"properties":{"mascon_id":1160,"cells":42,"land_cells":39,"land_fraction":0.929},"geometry":{"type":"Polygon","coordinates":[[[-98.0,28.5],[-94.5,28.5],[-94.5,31.5],[-98.0,31.5],[-98.0,28.5]]]}},{"type":"Feature","id":1161,"properties":{"mascon_id":1161,"cells":42,"land_cells":26,"land_fraction":0.619},"geometry":{"type":"Polygon","coordinates":[[[-94.5,28.5],[-91.0,28.5],[-91.0,31.5],[-94.5,31.5],[-94.5,28.5]]]}},{"type":"Feature","id":1162,"properties":{"mascon_id":1162,"cells":42,"land_cells":22,"land_fraction":0.524},"geometry":{"type":"Polygon","coordinates":[[[-91.0,28.5],[-87.5,28.5],[-87.5,31.5],[-91.0,31.5],[-91.0,28.5]]]}},{"type":"Feature","id":1163,"properties":{"mascon_id":1163,"cells":42,"land_cells":18,"land_fraction":0.429},"geometry":{"type":"Polygon","coordinates":[[[-87.5,28.5],[-84.0,28.5],[-84.0,31.5],[-87.5,31.5],[-87.5,28.5]]]}},{"type":"Feature","id":1164,"properties":{"mascon_id":1164,"cells":42,"land_cells":28,"land_fraction":0.667},"geometry":{"type":"Polygon","coordinates":[[[-84.0,28.5],[-80.5,28.5],[-80.5,31.5],[-84.0,31.5],[-84.0,28.5]]]}},{"type":"Feature","id":1184,"properties":{"mascon_id":1184,"cells":42,"land_cells":1,"land_fraction":0.024},"geometry":{"type":"Polygon","coordinates":[[[-14.0,28.5],[-10.5,28.5],[-10.5,31.5],[-14.0,31.5],[-14.0,28.5]]]}},{"type":"Feature","id":1185,"properties":{"mascon_id":1185,"cells":42,"land_cells":37,"land_fraction":0.881},"geometry":{"type":"Polygon","coordinates":[[[-10.5,28.5],[-7.0,28.5],[-7.0,31.5],[-10.5,31.5],[-10.5,28.5]]]}},{"type":"Feature","id":1186,"properties":{"mascon_id":1186,"cells":42,"land_cells":42,"land_fraction":1.0},"geometry":{"type":"Polygon","coordinates":[[[-7.0,28.5],[-3.5,28.5],[-3.5,31.5],[-7.0,31.5],[-7.0,28.5]]]}},{"type":"Feature","id":1187,"properties":{"mascon_id":1187,"cells":42,"land_cells":42,"land_fraction":1.0},"geometry":{"type":"Polygon","coordinates":[[[-3.5,28.5],[0.0,28.5],[0.0,31.5],[-3.5,31.5],[-3.5,28.5]]]}},{"type":"Feature","id":1188,"properties":{"mascon_id":1188,"cells":42,"land_cells":42,"land_fraction":1.0},"geometry":{"type":"Polygon","coordinates":[[[0.0,25.5],[3.5,25.5],[3.5,28.5],[0.0,28.5],[0.0,25.5]]]}},{"type":"Feature","id":1189,"properties":{"mascon_id":1189,"cells":42,"land_cells":42,"land_fraction":1.0},"geometry":{"type":"Polygon","coordinates":[[[3.5,25.5],[7.0,25.5],[7.0,28.5],[3.5,28.5],[3.5,25.5]]]}},{"type":"Feature","id":1190,"properties":{"mascon_id":1190,"cells":36,"land_cells":36,"land_fraction":1.0},"geometry":{"type":"Polygon","coordinates":[[[7.0,25.5],[10.0,25.5],[10.0,28.5],[7.0,28.5],[7.0,25.5]]]}},{"type":"Feature","id":1191,"properties":{"mascon_id":1191,"cells":42,"land_cells":42,"land_fraction":1.0},"geometry":{"type":"Polygon","coordinates":[[[10.0,25.5],[13.5,25.5],[13.5,28.5],[10.0,28.5],[10.0,25.5]]]}},{"type":"Feature","id":1192,"properties":{"mascon_id":1192,"cells":42,"land_cells":42,"land_fraction":1.0},"geometry":{"type":"Polygon","coordinates":[[[13.5,25.5],[17.0,25.5],[17.0,28.5],[13.5,28.5],[13.5,25.5]]]}},{"type":"Feature","id":1193,"properties":{"mascon_id":1193,"cells":42,"land_cells":42,"land_fraction":1.0},"geometry":{"type":"Polygon","coordinates":[[[17.0,25.5],[20.5,25.5],[20.5,28.5],[17.0,28.5],[17.0,25.5]]]}},{"type":"Feature","id":1194,"properties":{"mascon_id":1194,"cells":42,"land_cells":42,"land_fraction":1.0},"geometry":{"type":"Polygon","coordinates":[[[20.5,25.5],[24.0,25.5],[24.0,28.5],[20.5,28.5],[20.5,25.5]]]}},{"type":"Feature","id":1195,"properties":{"mascon_id":1195,"cells":36,"land_cells":36,"land_fraction":1.0},"geometry":{"type":"Polygon","coordinates":[[[24.0,25.5],[27.0,25.5],[27.0,28.5],[24.0,28.5],[24.0,25.5]]]}},{"type":"Feature","id":1196,"properties":{"mascon_id":1196,"cells":42,"land_cells":42,"land_fraction":1.0},"geometry":{"type":"Polygon","coordinates":[[[27.0,25.5],[30.5,25.5],[30.5,28.5],[27.0,28.5],[27.0,25.5]]]}},{"type":"Feature","id":1197,"properties":{"mascon_id":1197,"cells":42,"land_cells":40,"land_fraction":0.952},"geometry":{"type":"Polygon","coordinates":[[[30.5,25.5],[34.0,25.5],[34.0,28.5],[30.5,28.5],[30.5,25.5]]]}},{"type":"Feature","id":1198,"properties":{"mascon_id":1198,"cells":42,"land_cells":22,"land_fraction":0.524},"geometry":{"type":"Polygon","coordinates":[[[34.0,25.5],[37.5,25.5],[37.5,28.5],[34.0,28.5],[34.0,25.5]]]}},{"type":"Feature","id":1199,"properties":{"mascon_id":1199,"cells":36,"land_cells":36,"land_fraction":1.0},"geometry":{"type":"Polygon","coordinates":[[[37.5,25.5],[40.5,25.5],[40.5,28.5],[37.5,28.5],[37.5,25.5]]]}},{"type":"Feature","id":1200,"properties":{"mascon_id":1200,"cells":42,"land_cells":42,"land_fraction":1.0},"geometry":{"type":"Polygon","coordinates":[[[40.5,25.5],[44.0,25.5],[44.0,28.5],[40.5,28.5],[40.5,25.5]]]}},{"type":"Feature","id":1201,"properties":{"mascon_id":1201,"cells":42,"land_cells":42,"land_fraction":1.0},"geometry":{"type":"Polygon","coordinates":[[[44.0,25.5],[47.5,25.5],[47.5,28.5],[44.0,28.5],[44.0,25.5]]]}},{"type":"Feature","id":1202,"properties":{"mascon_id":1202,"cells":42,"land_cells":24,"land_fraction":0.571},"geometry":{"type":"Polygon","coordinates":[[[47.5,25.5],[51.0,25.5],[51.0,28.5],[47.5,28.5],[47.5,25.5]]]}},{"type":"Feature","id":1203,"properties":{"mascon_id":1203,"cells":42,"land_cells":18,"land_fraction":0.429},"geometry":{"type":"Polygon","coordinates":[[[51.0,25.5],[54.5,25.5],[54.5,28.5],[51.0,28.5],[51.0,25.5]]]}},{"type":"Feature","id":1204,"properties":{"mascon_id":1204,"cells":36,"land_cells":23,"land_fraction":0.639},"geometry":{"type":"Polygon","coordinates":[[[54.5,25.5],[57.5,25.5],[57.5,28.5],[54.5,28.5],[54.5,25.5]]]}},{"type":"Feature","id":1205,"properties":{"mascon_id":1205,"cells":42,"land_cells":42,"land_fraction":1.0},"geometry":{"type":"Polygon","coordinates":[[[57.5,25.5],[61.0,25.5],[61.0,28.5],[57.5,28.5],[57.5,25.5]]]}},{"type":"Feature","id":1206,"properties":{"mascon_id":1206,"cells":42,"land_cells":42,"land_fraction":1.0},"geometry":{"type":"Polygon","coordinates":[[[61.0,25.5],[64.5,25.5],[64.5,28.5],[61.0,28.5],[61.0,25.5]]]}},{"type":"Feature","id":1207,"properties":{"mascon_id":1207,"cells":42,"land_cells":42,"land_fraction":1.0},"geometry":{"type":"Polygon","coordinates":[[[64.5,25.5],[68.0,25.5],[68.0,28.5],[64.5,28.5],[64.5,25.5]]]}},{"type":"Feature","id":1208,"properties":{"mascon_id":1208,"cells":42,"land_cells":42,"land_fraction":1.0},"geometry":{"type":"Polygon","coordinates":[[[68.0,25.5],[71.5,25.5],[71.5,28.5],[68.0,28.5],[68.0,25.5]]]}},{"type":"Feature","id":1209,"properties":{"mascon_id":1209,"cells":36,"land_cells":36,"land_fraction":1.0},"geometry":{"type":"Polygon","coordinates":[[[71.5,25.5],[74.5,25.5],[74.5,28.5],[71.5,28.5],[71.5,25.5]]]}},{"type":"Feature","id":1210,"properties":{"mascon_id":1210,"cells":42,"land_cells":42,"land_fraction":1.0},"geometry":{"type":"Polygon","coordinates":[[[74.5,25.5],[78.0,25.5],[78.0,28.5],[74.5,28.5],[74.5,25.5]]]}},{"type":"Feature","id":1211,"properties":{"mascon_id":1211,"cells":42,"land_cells":42,"land_fraction":1.0},"geometry":{"type":"Polygon","coordinates":[[[78.0,25.5],[81.5,25.5],[81.5,28.5],[78.0,28.5],[78.0,25.5]]]}},{"type":"Feature","id":1212,"properties":{"mascon_id":1212,"cells":42,"land_cells":42,"land_fraction":1.0},"geometry":{"type":"Polygon","coordinates":[[[81.5,25.5],[85.0,25.5],[85.0,28.5],[81.5,28.5],[81.5,25.5]]]}},{"type":"Feature","id":1213,"properties":{"mascon_id":1213,"cells":42,"land_cells":42,"land_fraction":1.0},"geometry":{"type":"Polygon","coordinates":[[[85.0,25.5],[88.5,25.5],[88.5,28.5],[85.0,28.5],[85.0,25.5]]]}},{"type":"Feature","id":1214,"properties":{"mascon_id":1214,"cells":36,"land_cells":36,"land_fraction":1.0},"geometry":{"type":"Polygon","coordinates":[[[88.5,25.5],[91.5,25.5],[91.5,28.5],[88.5,28.5],[88.5,25.5]]]}},{"type":"Feature","id":1215,"properties":{"mascon_id":1215,"cells":42,"land_cells":42,"land_fraction":1.0},"geometry":{"type":"Polygon","coordinates":[[[91.5,25.5],[95.0,25.5],[95.0,28.5],[91.5,28.5],[91.5,25.5]]]}},{"type":"Feature","id":1216,"properties":{"mascon_id":1216,"cells":42,"land_cells":42,"land_fraction":1.0},"geometry":{"type":"Polygon","coordinates":[[[95.0,25.5],[98.5,25.5],[98.5,28.5],[95.0,28.5],[95.0,25.5]]]}},{"type":"Feature","id":1217,"properties":{"mascon_id":1217,"cells":42,"land_cells":42,"land_fraction":1.0},"geometry":{"type":"Polygon","coordinates":[[[98.5,25.5],[102.0,25.5],[102.0,28.5],[98.5,28.5],[98.5,25.5]]]}},{"type":"Feature","id":1218,"properties":{"mascon_id":1218,"cells":42,"land_cells":42,"land_fraction":1.0},"geometry":{"type":"Polygon","coordinates":[[[102.0,25.5],[105.5,25.5],[105.5,28.5],[102.0,28.5],[102.0,25.5]]]}},{"type":"Feature","id":1219,"properties":{"mascon_id":1219,"cells":36,"land_cells":36,"land_fraction":1.0},"geometry":{"type":"Polygon","coordinates":[[[105.5,25.5],[108.5,25.5],[108.5,28.5],[105.5,28.5],[105.5,25.5]]]}},{"type":"Feature","id":1220,"properties":{"mascon_id":1220,"cells":42,"land_cells":42,"land_fraction":1.0},"geometry":{"type":"Polygon","coordinates":[[[108.5,25.5],[112.0,25.5],[112.0,28.5],[108.5,28.5],[108.5,25.5]]]}},{"type":"Feature","id":1221,"properties":{"mascon_id":1221,"cells":42,"land_cells":42,"land_fraction":1.0},"geometry":{"type":"Polygon","coordinates":[[[112.0,25.5],[115.5,25.5],[115.5,28.5],[112.0,28.5],[112.0,25.5]]]}},{"type":"Feature","id":1222,"properties":{"mascon_id":1222,"cells":42,"land_cells":42,"land_fraction":1.0},"geometry":{"type":"Polygon","coordinates":[[[115.5,25.5],[119.0,25.5],[119.0,28.5],[115.5,28.5],[115.5,25.5]]]}},{"type":"Feature","id":1223,"properties":{"mascon_id":1223,"cells":42,"land_cells":15,"land_fraction":0.357},"geometry":{"type":"Polygon","coordinates":[[[119.0,25.5],[122.5,25.5],[122.5,28.5],[119.0,28.5],[119.0,25.5]]]}},{"type":"Feature","id":1260,"properties":{"mascon_id":1260,"cells":42,"land_cells":14,"land_fraction":0.333},"geometry":{"type":"Polygon","coordinates":[[[-115.5,25.5],[-112.0,25.5],[-112.0,28.5],[-115.5,28.5],[-115.5,25.5]]]}},{"type":"Feature","id":1261,"properties":{"mascon_id":1261,"cells":42,"land_cells":23,"land_fraction":0.548},"geometry":{"type":"Polygon","coordinates":[[[-112.0,25.5],[-108.5,25.5],[-108.5,28.5],[-112.0,28.5],[-112.0,25.5]]]}},{"type":"Feature","id":1262,"properties":{"mascon_id":1262,"cells":36,"land_cells":36,"land_fraction":1.0},"geometry":{"type":"Polygon","coordinates":[[[-108.5,25.5],[-105.5,25.5],[-105.5,28.5],[-108.5,28.5],[-108.5,25.5]]]}},{"type":"Feature","id":1263,"properties":{"mascon_id":1263,"cells":42,"land_cells":42,"land_fraction":1.0},"geometry":{"type":"Polygon","coordinates":[[[-105.5,25.5],[-102.0,25.5],[-102.0,28.5],[-105.5,28.5],[-105.5,25.5]]]}},{"type":"Feature","id":1264,"properties":{"mascon_id":1264,"cells":42,"land_cells":42,"land_fraction":1.0},"geometry":{"type":"Polygon","coordinates":[[[-102.0,25.5],[-98.5,25.5],[-98.5,28.5],[-102.0,28.5],[-102.0,25.5]]]}},{"type":"Feature","id":1265,"properties":{"mascon_id":1265,"cells":42,"land_cells":14,"land_fraction":0.333},"geometry":{"type":"Polygon","coordinates":[[[-98.5,25.5],[-95.0,25.5],[-95.0,28.5],[-98.5,28.5],[-98.5,25.5]]]}},{"type":"Feature","id":1269,"properties":{"mascon_id":1269,"cells":42,"land_cells":8,"land_fraction":0.19},"geometry":{"type":"Polygon","coordinates":[[[-85.0,25.5],[-81.5,25.5],[-81.5,28.5],[-85.0,28.5],[-85.0,25.5]]]}},{"type":"Feature","id":1270,"properties":{"mascon_id":1270,"cells":42,"land_cells":16,"land_fraction":0.381},"geometry":{"type":"Polygon","coordinates":[[[-81.5,25.5],[-78.0,25.5],[-78.0,28.5],[-81.5,28.5],[-81.5,25.5]]]}},{"type":"Feature","id":1289,"properties":{"mascon_id":1289,"cells":42,"land_cells":4,"land_fraction":0.095},"geometry":{"type":"Polygon","coordinates":[[[-17.0,25.5],[-13.5,25.5],[-13.5,28.5],[-17.0,28.5],[-17.0,25.5]]]}},{"type":"Feature","id":1290,"properties":{"mascon_id":1290,"cells":42,"land_cells":37,"land_fraction":0.881},"geometry":{"type":"Polygon","coordinates":[[[-13.5,25.5],[-10.0,25.5],[-10.0,28.5],[-13.5,28.5],[-13.5,25.5]]]}},{"type":"Feature","id":1291,"properties":{"mascon_id":1291,"cells":36,"land_cells":36,"land_fraction":1.0},"geometry":{"type":"Polygon","coordinates":[[[-10.0,25.5],[-7.0,25.5],[-7.0,28.5],[-10.0,28.5],[-10.0,25.5]]]}},{"type":"Feature","id":1292,"properties":{"mascon_id":1292,"cells":42,"land_cells":42,"land_fraction":1.0},"geometry":{"type":"Polygon","coordinates":[[[-7.0,25.5],[-3.5,25.5],[-3.5,28.5],[-7.0,28.5],[-7.0,25.5]]]}},{"type":"Feature","id":1293,"properties":{"mascon_id":1293,"cells":42,"land_cells":42,"land_fraction":1.0},"geometry":{"type":"Polygon","coordinates":[[[-3.5,25.5],[0.0,25.5],[0.0,28.5],[-3.5,28.5],[-3.5,25.5]]]}},{"type":"Feature","id":1294,"properties":{"mascon_id":1294,"cells":42,"land_cells":42,"land_fraction":1.0},"geometry":{"type":"Polygon","coordinates":[[[0.0,22.5],[3.5,22.5],[3.5,25.5],[0.0,25.5],[0.0,22.5]]]}},{"type":"Feature","id":1295,"properties":{"mascon_id":1295,"cells":36,"land_cells":36,"land_fraction":1.0},"geometry":{"type":"Polygon","coordinates":[[[3.5,22.5],[6.5,22.5],[6.5,25.5],[3.5,25.5],[3.5,22.5]]]}},{"type":"Feature","id":1296,"properties":{"mascon_id":1296,"cells":42,"land_cells":42,"land_fraction":1.0},"geometry":{"type":"Polygon","coordinates":[[[6.5,22.5],[10.0,22.5],[10.0,25.5],[6.5,25.5],[6.5,22.5]]]}},{"type":"Feature","id":1297,"properties":{"mascon_id":1297,"cells":36,"land_cells":36,"land_fraction":1.0},"geometry":{"type":"Polygon","coordinates":[[[10.0,22.5],[13.0,22.5],[13.0,25.5],[10.0,25.5],[10.0,22.5]]]}},{"type":"Feature","id":1298,"properties":{"mascon_id":1298,"cells":42,"land_cells":42,"land_fraction":1.0},"geometry":{"type":"Polygon","coordinates":[[[13.0,22.5],[16.5,22.5],[16.5,25.5],[13.0,25.5],[13.0,22.5]]]}},{"type":"Feature","id":1299,"properties":{"mascon_id":1299,"cells":42,"land_cells":42,"land_fraction":1.0},"geometry":{"type":"Polygon","coordinates":[[[16.5,22.5],[20.0,22.5],[20.0,25.5],[16.5,25.5],[16.5,22.5]]]}},{"type":"Feature","id":1300,"properties":{"mascon_id":1300,"cells":36,"land_cells":36,"land_fraction":1.0},"geometry":{"type":"Polygon","coordinates":[[[20.0,22.5],[23.0,22.5],[23.0,25.5],[20.0,25.5],[20.0,22.5]]]}},{"type":"Feature","id":1301,"properties":{"mascon_id":1301,"cells":42,"land_cells":42,"land_fraction":1.0},"geometry":{"type":"Polygon","coordinates":[[[23.0,22.5],[26.5,22.5],[26.5,25.5],[23.0,25.5],[23.0,22.5]]]}},{"type":"Feature","id":1302,"properties":{"mascon_id":1302,"cells":36,"land_cells":36,"land_fraction":1.0},"geometry":{"type":"Polygon","coordinates":[[[26.5,22.5],[29.5,22.5],[29.5,25.5],[26.5,25.5],[26.5,22.5]]]}},{"type":"Feature","id":1303,"properties":{"mascon_id":1303,"cells":42,"land_cells":42,"land_fraction":1.0},"geometry":{"type":"Polygon","coordinates":[[[29.5,22.5],[33.0,22.5],[33.0,25.5],[29.5,25.5],[29.5,22.5]]]}},{"type":"Feature","id":1304,"properties":{"mascon_id":1304,"cells":42,"land_cells":29,"land_fraction":0.69},"geometry":{"type":"Polygon","coordinates":[[[33.0,22.5],[36.5,22.5],[36.5,25.5],[33.0,25.5],[33.0,22.5]]]}},{"type":"Feature","id":1305,"properties":{"mascon_id":1305,"cells":36,"land_cells":18,"land_fraction":0.5},"geometry":{"type":"Polygon","coordinates":[[[36.5,22.5],[39.5,22.5],[39.5,25.5],[36.5,25.5],[36.5,22.5]]]}},{"type":"Feature","id":1306,"properties":{"mascon_id":1306,"cells":42,"land_cells":42,"land_fraction":1.0},"geometry":{"type":"Polygon","coordinates":[[[39.5,22.5],[43.0,22.5],[43.0,25.5],[39.5,25.5],[39.5,22.5]]]}},{"type":"Feature","id":1307,"properties":{"mascon_id":1307,"cells":36,"land_cells":36,"land_fraction":1.0},"geometry":{"type":"Polygon","coordinates":[[[43.0,22.5],[46.0,22.5],[46.0,25.5],[43.0,25.5],[43.0,22.5]]]}},{"type":"Feature","id":1308,"properties":{"mascon_id":1308,"cells":42,"land_cells":42,"land_fraction":1.0},"geometry":{"type":"Polygon","coordinates":[[[46.0,22.5],[49.5,22.5],[49.5,25.5],[46.0,25.5],[46.0,22.5]]]}},{"type":"Feature","id":1309,"properties":{"mascon_id":1309,"cells":42,"land_cells":33,"land_fraction":0.786},"geometry":{"type":"Polygon","coordinates":[[[49.5,22.5],[53.0,22.5],[53.0,25.5],[49.5,25.5],[49.5,22.5]]]}},{"type":"Feature","id":1310,"properties":{"mascon_id":1310,"cells":36,"land_cells":26,"land_fraction":0.722},"geometry":{"type":"Polygon","coordinates":[[[53.0,22.5],[56.0,22.5],[56.0,25.5],[53.0,25.5],[53.0,22.5]]]}},{"type":"Feature","id":1311,"properties":{"mascon_id":1311,"cells":42,"land_cells":21,"land_fraction":0.5},"geometry":{"type":"Polygon","coordinates":[[[56.0,22.5],[59.5,22.5],[59.5,25.5],[56.0,25.5],[56.0,22.5]]]}},{"type":"Feature","id":1312,"properties":{"mascon_id":1312,"cells":36,"land_cells":3,"land_fraction":0.083},"geometry":{"type":"Polygon","coordinates":[[[59.5,22.5],[62.5,22.5],[62.5,25.5],[59.5,25.5],[59.5,22.5]]]}},{"type":"Feature","id":1313,"properties":{"mascon_id":1313,"cells":42,"land_cells":1,"land_fraction":0.024},"geometry":{"type":"Polygon","coordinates":[[[62.5,22.5],[66.0,22.5],[66.0,25.5],[62.5,25.5],[62.5,22.5]]]}},{"type":"Feature","id":1314,"properties":{"mascon_id":1314,"cells":42,"land_cells":20,"land_fraction":0.476},"geometry":{"type":"Polygon","coordinates":[[[66.0,22.5],[69.5,22.5],[69.5,25.5],[66.0,25.5],[66.0,22.5]]]}},{"type":"Feature","id":1315,"properties":{"mascon_id":1315,"cells":36,"land_cells":35,"land_fraction":0.972},"geometry":{"type":"Polygon","coordinates":[[[69.5,22.5],[72.5,22.5],[72.5,25.5],[69.5,25.5],[69.5,22.5]]]}},{"type":"Feature","id":1316,"properties":{"mascon_id":1316,"cells":42,"land_cells":42,"land_fraction":1.0},"geometry":{"type":"Polygon","coordinates":[[[72.5,22.5],[76.0,22.5],[76.0,25.5],[72.5,25.5],[72.5,22.5]]]}},{"type":"Feature","id":1317,"properties":{"mascon_id":1317,"cells":42,"land_cells":42,"land_fraction":1.0},"geometry":{"type":"Polygon","coordinates":[[[76.0,22.5],[79.5,22.5],[79.5,25.5],[76.0,25.5],[76.0,22.5]]]}},{"type":"Feature","id":1318,"properties":{"mascon_id":1318,"cells":36,"land_cells":36,"land_fraction":1.0},"geometry":{"type":"Polygon","coordinates":[[[79.5,22.5],[82.5,22.5],[82.5,25.5],[79.5,25.5],[79.5,22.5]]]}},{"type":"Feature","id":1319,"properties":{"mascon_id":1319,"cells":42,"land_cells":42,"land_fraction":1.0},"geometry":{"type":"Polygon","coordinates":[[[82.5,22.5],[86.0,22.5],[86.0,25.5],[82.5,25.5],[82.5,22.5]]]}},{"type":"Feature","id":1320,"properties":{"mascon_id":1320,"cells":36,"land_cells":36,"land_fraction":1.0},"geometry":{"type":"Polygon","coordinates":[[[86.0,22.5],[89.0,22.5],[89.0,25.5],[86.0,25.5],[86.0,22.5]]]}},{"type":"Feature","id":1321,"properties":{"mascon_id":1321,"cells":42,"land_cells":42,"land_fraction":1.0},"geometry":{"type":"Polygon","coordinates":[[[89.0,22.5],[92.5,22.5],[92.5,25.5],[89.0,25.5],[89.0,22.5]]]}},{"type":"Feature","id":1322,"properties":{"mascon_id":1322,"cells":42,"land_cells":42,"land_fraction":1.0},"geometry":{"type":"Polygon","coordinates":[[[92.5,22.5],[96.0,22.5],[96.0,25.5],[92.5,25.5],[92.5,22.5]]]}},{"type":"Feature","id":1323,"properties":{"mascon_id":1323,"cells":36,"land_cells":36,"land_fraction":1.0},"geometry":{"type":"Polygon","coordinates":[[[96.0,22.5],[99.0,22.5],[99.0,25.5],[96.0,25.5],[96.0,22.5]]]}},{"type":"Feature","id":1324,"properties":{"mascon_id":1324,"cells":42,"land_cells":42,"land_fraction":1.0},"geometry":{"type":"Polygon","coordinates":[[[99.0,22.5],[102.5,22.5],[102.5,25.5],[99.0,25.5],[99.0,22.5]]]}},{"type":"Feature","id":1325,"properties":{"mascon_id":1325,"cells":36,"land_cells":36,"land_fraction":1.0},"geometry":{"type":"Polygon","coordinates":[[[102.5,22.5],[105.5,22.5],[105.5,25.5],[102.5,25.5],[102.5,22.5]]]}},{"type":"Feature","id":1326,"properties":{"mascon_id":1326,"cells":42,"land_cells":42,"land_fraction":1.0},"geometry":{"type":"Polygon","coordinates":[[[105.5,22.5],[109.0,22.5],[109.0,25.5],[105.5,25.5],[105.5,22.5]]]}},{"type":"Feature","id":1327,"properties":{"mascon_id":1327,"cells":42,"land_cells":42,"land_fraction":1.0},"geometry":{"type":"Polygon","coordinates":[[[109.0,22.5],[112.5,22.5],[112.5,25.5],[109.0,25.5],[109.0,22.5]]]}},{"type":"Feature","id":1328,"properties":{"mascon_id":1328,"cells":36,"land_cells":35,"land_fraction":0.972},"geometry":{"type":"Polygon","coordinates":[[[112.5,22.5],[115.5,22.5],[115.5,25.5],[112.5,25.5],[112.5,22.5]]]}},{"type":"Feature","id":1329,"properties":{"mascon_id":1329,"cells":42,"land_cells":24,"land_fraction":0.571},"geometry":{"type":"Polygon","coordinates":[[[115.5,22.5],[119.0,22.5],[119.0,25.5],[115.5,25.5],[115.5,22.5]]]}},{"type":"Feature","id":1330,"properties":{"mascon_id":1330,"cells":36,"land_cells":12,"land_fraction":0.333},"geometry":{"type":"Polygon","coordinates":[[[119.0,22.5],[122.0,22.5],[122.0,25.5],[119.0,25.5],[119.0,22.5]]]}},{"type":"Feature","id":1369,"properties":{"mascon_id":1369,"cells":42,"land_cells":10,"land_fraction":0.238},"geometry":{"type":"Polygon","coordinates":[[[-112.5,22.5],[-109.0,22.5],[-109.0,25.5],[-112.5,25.5],[-112.5,22.5]]]}},{"type":"Feature","id":1370,"properties":{"mascon_id":1370,"cells":42,"land_cells":21,"land_fraction":0.5},"geometry":{"type":"Polygon","coordinates":[[[-109.0,22.5],[-105.5,22.5],[-105.5,25.5],[-109.0,25.5],[-109.0,22.5]]]}},{"type":"Feature","id":1371,"properties":{"mascon_id":1371,"cells":36,"land_cells":36,"land_fraction":1.0},"geometry":{"type":"Polygon","coordinates":[[[-105.5,22.5],[-102.5,22.5],[-102.5,25.5],[-105.5,25.5],[-105.5,22.5]]]}},{"type":"Feature","id":1372,"properties":{"mascon_id":1372,"cells":42,"land_cells":42,"land_fraction":1.0},"geometry":{"type":"Polygon","coordinates":[[[-102.5,22.5],[-99.0,22.5],[-99.0,25.5],[-102.5,25.5],[-102.5,22.5]]]}},{"type":"Feature","id":1373,"properties":{"mascon_id":1373,"cells":36,"land_cells":14,"land_fraction":0.389},"geometry":{"type":"Polygon","coordinates":[[[-99.0,22.5],[-96.0,22.5],[-96.0,25.5],[-99.0,25.5],[-99.0,22.5]]]}},{"type":"Feature","id":1377,"properties":{"mascon_id":1377,"cells":42,"land_cells":3,"land_fraction":0.071},"geometry":{"type":"Polygon","coordinates":[[[-86.0,22.5],[-82.5,22.5],[-82.5,25.5],[-86.0,25.5],[-86.0,22.5]]]}},{"type":"Feature","id":1378,"properties":{"mascon_id":1378,"cells":36,"land_cells":7,"land_fraction":0.194},"geometry":{"type":"Polygon","coordinates":[[[-82.5,22.5],[-79.5,22.5],[-79.5,25.5],[-82.5,25.5],[-82.5,22.5]]]}},{"type":"Feature","id":1398,"properties":{"mascon_id":1398,"cells":42,"land_cells":32,"land_fraction":0.762},"geometry":{"type":"Polygon","coordinates":[[[-16.5,22.5],[-13.0,22.5],[-13.0,25.5],[-16.5,25.5],[-16.5,22.5]]]}},{"type":"Feature","id":1399,"properties":{"mascon_id":1399,"cells":36,"land_cells":36,"land_fraction":1.0},"geometry":{"type":"Polygon","coordinates":[[[-13.0,22.5],[-10.0,22.5],[-10.0,25.5],[-13.0,25.5],[-13.0,22.5]]]}},{"type":"Feature","id":1400,"properties":{"mascon_id":1400,"cells":42,"land_cells":42,"land_fraction":1.0},"geometry":{"type":"Polygon","coordinates":[[[-10.0,22.5],[-6.5,22.5],[-6.5,25.5],[-10.0,25.5],[-10.0,22.5]]]}},{"type":"Feature","id":1401,"properties":{"mascon_id":1401,"cells":36,"land_cells":36,"land_fraction":1.0},"geometry":{"type":"Polygon","coordinates":[[[-6.5,22.5],[-3.5,22.5],[-3.5,25.5],[-6.5,25.5],[-6.5,22.5]]]}},{"type":"Feature","id":1402,"properties":{"mascon_id":1402,"cells":42,"land_cells":42,"land_fraction":1.0},"geometry":{"type":"Polygon","coordinates":[[[-3.5,22.5],[0.0,22.5],[0.0,25.5],[-3.5,25.5],[-3.5,22.5]]]}},{"type":"Feature","id":1403,"properties":{"mascon_id":1403,"cells":36,"land_cells":36,"land_fraction":1.0},"geometry":{"type":"Polygon","coordinates":[[[0.0,19.5],[3.0,19.5],[3.0,22.5],[0.0,22.5],[0.0,19.5]]]}},{"type":"Feature","id":1404,"properties":{"mascon_id":1404,"cells":42,"land_cells":42,"land_fraction":1.0},"geometry":{"type":"Polygon","coordinates":[[[3.0,19.5],[6.5,19.5],[6.5,22.5],[3.0,22.5],[3.0,19.5]]]}},{"type":"Feature","id":1405,"properties":{"mascon_id":1405,"cells":36,"land_cells":36,"land_fraction":1.0},"geometry":{"type":"Polygon","coordinates":[[[6.5,19.5],[9.5,19.5],[9.5,22.5],[6.5,22.5],[6.5,19.5]]]}},{"type":"Feature","id":1406,"properties":{"mascon_id":1406,"cells":42,"land_cells":42,"land_fraction":1.0},"geometry":{"type":"Polygon","coordinates":[[[9.5,19.5],[13.0,19.5],[13.0,22.5],[9.5,22.5],[9.5,19.5]]]}},{"type":"Feature","id":1407,"properties":{"mascon_id":1407,"cells":36,"land_cells":36,"land_fraction":1.0},"geometry":{"type":"Polygon","coordinates":[[[13.0,19.5],[16.0,19.5],[16.0,22.5],[13.0,22.5],[13.0,19.5]]]}},{"type":"Feature","id":1408,"properties":{"mascon_id":1408,"cells":42,"land_cells":42,"land_fraction":1.0},"geometry":{"type":"Polygon","coordinates":[[[16.0,19.5],[19.5,19.5],[19.5,22.5],[16.0,22.5],[16.0,19.5]]]}},{"type":"Feature","id":1409,"properties":{"mascon_id":1409,"cells":36,"land_cells":36,"land_fraction":1.0},"geometry":{"type":"Polygon","coordinates":[[[19.5,19.5],[22.5,19.5],[22.5,22.5],[19.5,22.5],[19.5,19.5]]]}},{"type":"Feature","id":1410,"properties":{"mascon_id":1410,"cells":36,"land_cells":36,"land_fraction":1.0},"geometry":{"type":"Polygon","coordinates":[[[22.5,19.5],[25.5,19.5],[25.5,22.5],[22.5,22.5],[22.5,19.5]]]}},{"type":"Feature","id":1411,"properties":{"mascon_id":1411,"cells":42,"land_cells":42,"land_fraction":1.0},"geometry":{"type":"Polygon","coordinates":[[[25.5,19.5],[29.0,19.5],[29.0,22.5],[25.5,22.5],[25.5,19.5]]]}},{"type":"Feature","id":1412,"properties":{"mascon_id":1412,"cells":36,"land_cells":36,"land_fraction":1.0},"geometry":{"type":"Polygon","coordinates":[[[29.0,19.5],[32.0,19.5],[32.0,22.5],[29.0,22.5],[29.0,19.5]]]}},{"type":"Feature","id":1413,"properties":{"mascon_id":1413,"cells":42,"land_cells":42,"land_fraction":1.0},"geometry":{"type":"Polygon","coordinates":[[[32.0,19.5],[35.5,19.5],[35.5,22.5],[32.0,22.5],[32.0,19.5]]]}},{"type":"Feature","id":1414,"properties":{"mascon_id":1414,"cells":36,"land_cells":17,"land_fraction":0.472},"geometry":{"type":"Polygon","coordinates":[[[35.5,19.5],[38.5,19.5],[38.5,22.5],[35.5,22.5],[35.5,19.5]]]}},{"type":"Feature","id":1415,"properties":{"mascon_id":1415,"cells":42,"land_cells":30,"land_fraction":0.714},"geometry":{"type":"Polygon","coordinates":[[[38.5,19.5],[42.0,19.5],[42.0,22.5],[38.5,22.5],[38.5,19.5]]]}},{"type":"Feature","id":1416,"properties":{"mascon_id":1416,"cells":36,"land_cells":36,"land_fraction":1.0},"geometry":{"type":"Polygon","coordinates":[[[42.0,19.5],[45.0,19.5],[45.0,22.5],[42.0,22.5],[42.0,19.5]]]}},{"type":"Feature","id":1417,"properties":{"mascon_id":1417,"cells":36,"land_cells":36,"land_fraction":1.0},"geometry":{"type":"Polygon","coordinates":[[[45.0,19.5],[48.0,19.5],[48.0,22.5],[45.0,22.5],[45.0,19.5]]]}},{"type":"Feature","id":1418,"properties":{"mascon_id":1418,"cells":42,"land_cells":42,"land_fraction":1.0},"geometry":{"type":"Polygon","coordinates":[[[48.0,19.5],[51.5,19.5],[51.5,22.5],[48.0,22.5],[48.0,19.5]]]}},{"type":"Feature","id":1419,"properties":{"mascon_id":1419,"cells":36,"land_cells":36,"land_fraction":1.0},"geometry":{"type":"Polygon","coordinates":[[[51.5,19.5],[54.5,19.5],[54.5,22.5],[51.5,22.5],[51.5,19.5]]]}},{"type":"Feature","id":1420,"properties":{"mascon_id":1420,"cells":42,"land_cells":41,"land_fraction":0.976},"geometry":{"type":"Polygon","coordinates":[[[54.5,19.5],[58.0,19.5],[58.0,22.5],[54.5,22.5],[54.5,19.5]]]}},{"type":"Feature","id":1421,"properties":{"mascon_id":1421,"cells":36,"land_cells":10,"land_fraction":0.278},"geometry":{"type":"Polygon","coordinates":[[[58.0,19.5],[61.0,19.5],[61.0,22.5],[58.0,22.5],[58.0,19.5]]]}},{"type":"Feature","id":1424,"properties":{"mascon_id":1424,"cells":36,"land_cells":6,"land_fraction":0.167},"geometry":{"type":"Polygon","coordinates":[[[67.5,19.5],[70.5,19.5],[70.5,22.5],[67.5,22.5],[67.5,19.5]]]}},{"type":"Feature","id":1425,"properties":{"mascon_id":1425,"cells":42,"land_cells":28,"land_fraction":0.667},"geometry":{"type":"Polygon","coordinates":[[[70.5,19.5],[74.0,19.5],[74.0,22.5],[70.5,22.5],[70.5,19.5]]]}},{"type":"Feature","id":1426,"properties":{"mascon_id":1426,"cells":36,"land_cells":36,"land_fraction":1.0},"geometry":{"type":"Polygon","coordinates":[[[74.0,19.5],[77.0,19.5],[77.0,22.5],[74.0,22.5],[74.0,19.5]]]}},{"type":"Feature","id":1427,"properties":{"mascon_id":1427,"cells":42,"land_cells":42,"land_fraction":1.0},"geometry":{"type":"Polygon","coordinates":[[[77.0,19.5],[80.5,19.5],[80.5,22.5],[77.0,22.5],[77.0,19.5]]]}},{"type":"Feature","id":1428,"properties":{"mascon_id":1428,"cells":36,"land_cells":36,"land_fraction":1.0},"geometry":{"type":"Polygon","coordinates":[[[80.5,19.5],[83.5,19.5],[83.5,22.5],[80.5,22.5],[80.5,19.5]]]}},{"type":"Feature","id":1429,"properties":{"mascon_id":1429,"cells":42,"land_cells":38,"land_fraction":0.905},"geometry":{"type":"Polygon","coordinates":[[[83.5,19.5],[87.0,19.5],[87.0,22.5],[83.5,22.5],[83.5,19.5]]]}},{"type":"Feature","id":1430,"properties":{"mascon_id":1430,"cells":36,"land_cells":10,"land_fraction":0.278},"geometry":{"type":"Polygon","coordinates":[[[87.0,19.5],[90.0,19.5],[90.0,22.5],[87.0,22.5],[87.0,19.5]]]}},{"type":"Feature","id":1431,"properties":{"mascon_id":1431,"cells":36,"land_cells":9,"land_fraction":0.25},"geometry":{"type":"Polygon","coordinates":[[[90.0,19.5],[93.0,19.5],[93.0,22.5],[90.0,22.5],[90.0,19.5]]]}},{"type":"Feature","id":1432,"properties":{"mascon_id":1432,"cells":42,"land_cells":41,"land_fraction":0.976},"geometry":{"type":"Polygon","coordinates":[[[93.0,19.5],[96.5,19.5],[96.5,22.5],[93.0,22.5],[93.0,19.5]]]}},{"type":"Feature","id":1433,"properties":{"mascon_id":1433,"cells":36,"land_cells":36,"land_fraction":1.0},"geometry":{"type":"Polygon","coordinates":[[[96.5,19.5],[99.5,19.5],[99.5,22.5],[96.5,22.5],[96.5,19.5]]]}},{"type":"Feature","id":1434,"properties":{"mascon_id":1434,"cells":42,"land_cells":42,"land_fraction":1.0},"geometry":{"type":"Polygon","coordinates":[[[99.5,19.5],[103.0,19.5],[103.0,22.5],[99.5,22.5],[99.5,19.5]]]}},{"type":"Feature","id":1435,"properties":{"mascon_id":1435,"cells":36,"land_cells":36,"land_fraction":1.0},"geometry":{"type":"Polygon","coordinates":[[[103.0,19.5],[106.0,19.5],[106.0,22.5],[103.0,22.5],[103.0,19.5]]]}},{"type":"Feature","id":1436,"properties":{"mascon_id":1436,"cells":42,"land_cells":21,"land_fraction":0.5},"geometry":{"type":"Polygon","coordinates":[[[106.0,19.5],[109.5,19.5],[109.5,22.5],[106.0,22.5],[106.0,19.5]]]}},{"type":"Feature","id":1437,"properties":{"mascon_id":1437,"cells":36,"land_cells":16,"land_fraction":0.444},"geometry":{"type":"Polygon","coordinates":[[[109.5,19.5],[112.5,19.5],[112.5,22.5],[109.5,22.5],[109.5,19.5]]]}},{"type":"Feature","id":1438,"properties":{"mascon_id":1438,"cells":36,"land_cells":2,"land_fraction":0.056},"geometry":{"type":"Polygon","coordinates":[[[112.5,19.5],[115.5,19.5],[115.5,22.5],[112.5,22.5],[112.5,19.5]]]}},{"type":"Feature","id":1440,"properties":{"mascon_id":1440,"cells":36,"land_cells":1,"land_fraction":0.028},"geometry":{"type":"Polygon","coordinates":[[[119.0,19.5],[122.0,19.5],[122.0,22.5],[119.0,22.5],[119.0,19.5]]]}},{"type":"Feature","id":1482,"properties":{"mascon_id":1482,"cells":36,"land_cells":29,"land_fraction":0.806},"geometry":{"type":"Polygon","coordinates":[[[-106.0,19.5],[-103.0,19.5],[-103.0,22.5],[-106.0,22.5],[-106.0,19.5]]]}},{"type":"Feature","id":1483,"properties":{"mascon_id":1483,"cells":42,"land_cells":42,"land_fraction":1.0},"geometry":{"type":"Polygon","coordinates":[[[-103.0,19.5],[-99.5,19.5],[-99.5,22.5],[-103.0,22.5],[-103.0,19.5]]]}},{"type":"Feature","id":1484,"properties":{"mascon_id":1484,"cells":36,"land_cells":27,"land_fraction":0.75},"geometry":{"type":"Polygon","coordinates":[[[-99.5,19.5],[-96.5,19.5],[-96.5,22.5],[-99.5,22.5],[-99.5,19.5]]]}},{"type":"Feature","id":1486,"properties":{"mascon_id":1486,"cells":36,"land_cells":3,"land_fraction":0.083},"geometry":{"type":"Polygon","coordinates":[[[-93.0,19.5],[-90.0,19.5],[-90.0,22.5],[-93.0,22.5],[-93.0,19.5]]]}},{"type":"Feature","id":1487,"properties":{"mascon_id":1487,"cells":36,"land_cells":22,"land_fraction":0.611},"geometry":{"type":"Polygon","coordinates":[[[-90.0,19.5],[-87.0,19.5],[-87.0,22.5],[-90.0,22.5],[-90.0,19.5]]]}},{"type":"Feature","id":1488,"properties":{"mascon_id":1488,"cells":42,"land_cells":2,"land_fraction":0.048},"geometry":{"type":"Polygon","coordinates":[[[-87.0,19.5],[-83.5,19.5],[-83.5,22.5],[-87.0,22.5],[-87.0,19.5]]]}},{"type":"Feature","id":1489,"properties":{"mascon_id":1489,"cells":36,"land_cells":3,"land_fraction":0.083},"geometry":{"type":"Polygon","coordinates":[[[-83.5,19.5],[-80.5,19.5],[-80.5,22.5],[-83.5,22.5],[-83.5,19.5]]]}},{"type":"Feature","id":1490,"properties":{"mascon_id":1490,"cells":42,"land_cells":15,"land_fraction":0.357},"geometry":{"type":"Polygon","coordinates":[[[-80.5,19.5],[-77.0,19.5],[-77.0,22.5],[-80.5,22.5],[-80.5,19.5]]]}},{"type":"Feature","id":1491,"properties":{"mascon_id":1491,"cells":36,"land_cells":9,"land_fraction":0.25},"geometry":{"type":"Polygon","coordinates":[[[-77.0,19.5],[-74.0,19.5],[-74.0,22.5],[-77.0,22.5],[-77.0,19.5]]]}},{"type":"Feature","id":1492,"properties":{"mascon_id":1492,"cells":42,"land_cells":5,"land_fraction":0.119},"geometry":{"type":"Polygon","coordinates":[[[-74.0,19.5],[-70.5,19.5],[-70.5,22.5],[-74.0,22.5],[-74.0,19.5]]]}},{"type":"Feature","id":1509,"properties":{"mascon_id":1509,"cells":42,"land_cells":8,"land_fraction":0.19},"geometry":{"type":"Polygon","coordinates":[[[-19.5,19.5],[-16.0,19.5],[-16.0,22.5],[-19.5,22.5],[-19.5,19.5]]]}},{"type":"Feature","id":1510,"properties":{"mascon_id":1510,"cells":36,"land_cells":36,"land_fraction":1.0},"geometry":{"type":"Polygon","coordinates":[[[-16.0,19.5],[-13.0,19.5],[-13.0,22.5],[-16.0,22.5],[-16.0,19.5]]]}},{"type":"Feature","id":1511,"properties":{"mascon_id":1511,"cells":42,"land_cells":42,"land_fraction":1.0},"geometry":{"type":"Polygon","coordinates":[[[-13.0,19.5],[-9.5,19.5],[-9.5,22.5],[-13.0,22.5],[-13.0,19.5]]]}},{"type":"Feature","id":1512,"properties":{"mascon_id":1512,"cells":36,"land_cells":36,"land_fraction":1.0},"geometry":{"type":"Polygon","coordinates":[[[-9.5,19.5],[-6.5,19.5],[-6.5,22.5],[-9.5,22.5],[-9.5,19.5]]]}},{"type":"Feature","id":1513,"properties":{"mascon_id":1513,"cells":42,"land_cells":42,"land_fraction":1.0},"geometry":{"type":"Polygon","coordinates":[[[-6.5,19.5],[-3.0,19.5],[-3.0,22.5],[-6.5,22.5],[-6.5,19.5]]]}},{"type":"Feature","id":1514,"properties":{"mascon_id":1514,"cells":36,"land_cells":36,"land_fraction":1.0},"geometry":{"type":"Polygon","coordinates":[[[-3.0,19.5],[0.0,19.5],[0.0,22.5],[-3.0,22.5],[-3.0,19.5]]]}},{"type":"Feature","id":1515,"properties":{"mascon_id":1515,"cells":36,"land_cells":36,"land_fraction":1.0},"geometry":{"type":"Polygon","coordinates":[[[0.0,16.5],[3.0,16.5],[3.0,19.5],[0.0,19.5],[0.0,16.5]]]}},{"type":"Feature","id":1516,"properties":{"mascon_id":1516,"cells":42,"land_cells":42,"land_fraction":1.0},"geometry":{"type":"Polygon","coordinates":[[[3.0,16.5],[6.5,16.5],[6.5,19.5],[3.0,19.5],[3.0,16.5]]]}},{"type":"Feature","id":1517,"properties":{"mascon_id":1517,"cells":36,"land_cells":36,"land_fraction":1.0},"geometry":{"type":"Polygon","coordinates":[[[6.5,16.5],[9.5,16.5],[9.5,19.5],[6.5,19.5],[6.5,16.5]]]}},{"type":"Feature","id":1518,"properties":{"mascon_id":1518,"cells":36,"land_cells":36,"land_fraction":1.0},"geometry":{"type":"Polygon","coordinates":[[[9.5,16.5],[12.5,16.5],[12.5,19.5],[9.5,19.5],[9.5,16.5]]]}},{"type":"Feature","id":1519,"properties":{"mascon_id":1519,"cells":42,"land_cells":42,"land_fraction":1.0},"geometry":{"type":"Polygon","coordinates":[[[12.5,16.5],[16.0,16.5],[16.0,19.5],[12.5,19.5],[12.5,16.5]]]}},{"type":"Feature","id":1520,"properties":{"mascon_id":1520,"cells":36,"land_cells":36,"land_fraction":1.0},"geometry":{"type":"Polygon","coordinates":[[[16.0,16.5],[19.0,16.5],[19.0,19.5],[16.0,19.5],[16.0,16.5]]]}},{"type":"Feature","id":1521,"properties":{"mascon_id":1521,"cells":36,"land_cells":36,"land_fraction":1.0},"geometry":{"type":"Polygon","coordinates":[[[19.0,16.5],[22.0,16.5],[22.0,19.5],[19.0,19.5],[19.0,16.5]]]}},{"type":"Feature","id":1522,"properties":{"mascon_id":1522,"cells":42,"land_cells":42,"land_fraction":1.0},"geometry":{"type":"Polygon","coordinates":[[[22.0,16.5],[25.5,16.5],[25.5,19.5],[22.0,19.5],[22.0,16.5]]]}},{"type":"Feature","id":1523,"properties":{"mascon_id":1523,"cells":36,"land_cells":36,"land_fraction":1.0},"geometry":{"type":"Polygon","coordinates":[[[25.5,16.5],[28.5,16.5],[28.5,19.5],[25.5,19.5],[25.5,16.5]]]}},{"type":"Feature","id":1524,"properties":{"mascon_id":1524,"cells":36,"land_cells":36,"land_fraction":1.0},"geometry":{"type":"Polygon","coordinates":[[[28.5,16.5],[31.5,16.5],[31.5,19.5],[28.5,19.5],[28.5,16.5]]]}},{"type":"Feature","id":1525,"properties":{"mascon_id":1525,"cells":36,"land_cells":36,"land_fraction":1.0},"geometry":{"type":"Polygon","coordinates":[[[31.5,16.5],[34.5,16.5],[34.5,19.5],[31.5,19.5],[31.5,16.5]]]}},{"type":"Feature","id":1526,"properties":{"mascon_id":1526,"cells":42,"land_cells":40,"land_fraction":0.952},"geometry":{"type":"Polygon","coordinates":[[[34.5,16.5],[38.0,16.5],[38.0,19.5],[34.5,19.5],[34.5,16.5]]]}},{"type":"Feature","id":1527,"properties":{"mascon_id":1527,"cells":36,"land_cells":5,"land_fraction":0.139},"geometry":{"type":"Polygon","coordinates":[[[38.0,16.5],[41.0,16.5],[41.0,19.5],[38.0,19.5],[38.0,16.5]]]}},{"type":"Feature","id":1528,"properties":{"mascon_id":1528,"cells":36,"land_cells":27,"land_fraction":0.75},"geometry":{"type":"Polygon","coordinates":[[[41.0,16.5],[44.0,16.5],[44.0,19.5],[41.0,19.5],[41.0,16.5]]]}},{"type":"Feature","id":1529,"properties":{"mascon_id":1529,"cells":42,"land_cells":42,"land_fraction":1.0},"geometry":{"type":"Polygon","coordinates":[[[44.0,16.5],[47.5,16.5],[47.5,19.5],[44.0,19.5],[44.0,16.5]]]}},{"type":"Feature","id":1530,"properties":{"mascon_id":1530,"cells":36,"land_cells":36,"land_fraction":1.0},"geometry":{"type":"Polygon","coordinates":[[[47.5,16.5],[50.5,16.5],[50.5,19.5],[47.5,19.5],[47.5,16.5]]]}},{"type":"Feature","id":1531,"properties":{"mascon_id":1531,"cells":36,"land_cells":36,"land_fraction":1.0},"geometry":{"type":"Polygon","coordinates":[[[50.5,16.5],[53.5,16.5],[53.5,19.5],[50.5,19.5],[50.5,16.5]]]}},{"type":"Feature","id":1532,"properties":{"mascon_id":1532,"cells":42,"land_cells":27,"land_fraction":0.643},"geometry":{"type":"Polygon","coordinates":[[[53.5,16.5],[57.0,16.5],[57.0,19.5],[53.5,19.5],[53.5,16.5]]]}},{"type":"Feature","id":1533,"properties":{"mascon_id":1533,"cells":36,"land_cells":2,"land_fraction":0.056},"geometry":{"type":"Polygon","coordinates":[[[57.0,16.5],[60.0,16.5],[60.0,19.5],[57.0,19.5],[57.0,16.5]]]}},{"type":"Feature","id":1538,"properties":{"mascon_id":1538,"cells":42,"land_cells":35,"land_fraction":0.833},"geometry":{"type":"Polygon","coordinates":[[[72.5,16.5],[76.0,16.5],[76.0,19.5],[72.5,19.5],[72.5,16.5]]]}},{"type":"Feature","id":1539,"properties":{"mascon_id":1539,"cells":36,"land_cells":36,"land_fraction":1.0},"geometry":{"type":"Polygon","coordinates":[[[76.0,16.5],[79.0,16.5],[79.0,19.5],[76.0,19.5],[76.0,16.5]]]}},{"type":"Feature","id":1540,"properties":{"mascon_id":1540,"cells":36,"land_cells":36,"land_fraction":1.0},"geometry":{"type":"Polygon","coordinates":[[[79.0,16.5],[82.0,16.5],[82.0,19.5],[79.0,19.5],[79.0,16.5]]]}},{"type":"Feature","id":1541,"properties":{"mascon_id":1541,"cells":42,"land_cells":20,"land_fraction":0.476},"geometry":{"type":"Polygon","coordinates":[[[82.0,16.5],[85.5,16.5],[85.5,19.5],[82.0,19.5],[82.0,16.5]]]}},{"type":"Feature","id":1544,"properties":{"mascon_id":1544,"cells":36,"land_cells":3,"land_fraction":0.083},"geometry":{"type":"Polygon","coordinates":[[[91.5,16.5],[94.5,16.5],[94.5,19.5],[91.5,19.5],[91.5,16.5]]]}},{"type":"Feature","id":1545,"properties":{"mascon_id":1545,"cells":42,"land_cells":41,"land_fraction":0.976},"geometry":{"type":"Polygon","coordinates":[[[94.5,16.5],[98.0,16.5],[98.0,19.5],[94.5,19.5],[94.5,16.5]]]}},{"type":"Feature","id":1546,"properties":{"mascon_id":1546,"cells":36,"land_cells":36,"land_fraction":1.0},"geometry":{"type":"Polygon","coordinates":[[[98.0,16.5],[101.0,16.5],[101.0,19.5],[98.0,19.5],[98.0,16.5]]]}},{"type":"Feature","id":1547,"properties":{"mascon_id":1547,"cells":36,"land_cells":36,"land_fraction":1.0},"geometry":{"type":"Polygon","coordinates":[[[101.0,16.5],[104.0,16.5],[104.0,19.5],[101.0,19.5],[101.0,16.5]]]}},{"type":"Feature","id":1548,"properties":{"mascon_id":1548,"cells":42,"land_cells":30,"land_fraction":0.714},"geometry":{"type":"Polygon","coordinates":[[[104.0,16.5],[107.5,16.5],[107.5,19.5],[104.0,19.5],[104.0,16.5]]]}},{"type":"Feature","id":1549,"properties":{"mascon_id":1549,"cells":36,"land_cells":8,"land_fraction":0.222},"geometry":{"type":"Polygon","coordinates":[[[107.5,16.5],[110.5,16.5],[110.5,19.5],[107.5,19.5],[107.5,16.5]]]}},{"type":"Feature","id":1553,"properties":{"mascon_id":1553,"cells":36,"land_cells":14,"land_fraction":0.389},"geometry":{"type":"Polygon","coordinates":[[[120.0,16.5],[123.0,16.5],[123.0,19.5],[120.0,19.5],[120.0,16.5]]]}},{"type":"Feature","id":1595,"properties":{"mascon_id":1595,"cells":42,"land_cells":2,"land_fraction":0.048},"geometry":{"type":"Polygon","coordinates":[[[-107.5,16.5],[-104.0,16.5],[-104.0,19.5],[-107.5,19.5],[-107.5,16.5]]]}},{"type":"Feature","id":1596,"properties":{"mascon_id":1596,"cells":36,"land_cells":18,"land_fraction":0.5},"geometry":{"type":"Polygon","coordinates":[[[-104.0,16.5],[-101.0,16.5],[-101.0,19.5],[-104.0,19.5],[-104.0,16.5]]]}},{"type":"Feature","id":1597,"properties":{"mascon_id":1597,"cells":36,"land_cells":33,"land_fraction":0.917},"geometry":{"type":"Polygon","coordinates":[[[-101.0,16.5],[-98.0,16.5],[-98.0,19.5],[-101.0,19.5],[-101.0,16.5]]]}},{"type":"Feature","id":1598,"properties":{"mascon_id":1598,"cells":42,"land_cells":37,"land_fraction":0.881},"geometry":{"type":"Polygon","coordinates":[[[-98.0,16.5],[-94.5,16.5],[-94.5,19.5],[-98.0,19.5],[-98.0,16.5]]]}},{"type":"Feature","id":1599,"properties":{"mascon_id":1599,"cells":36,"land_cells":23,"land_fraction":0.639},"geometry":{"type":"Polygon","coordinates":[[[-94.5,16.5],[-91.5,16.5],[-91.5,19.5],[-94.5,19.5],[-94.5,16.5]]]}},{"type":"Feature","id":1600,"properties":{"mascon_id":1600,"cells":36,"land_cells":35,"land_fraction":0.972},"geometry":{"type":"Polygon","coordinates":[[[-91.5,16.5],[-88.5,16.5],[-88.5,19.5],[-91.5,19.5],[-91.5,16.5]]]}},{"type":"Feature","id":1601,"properties":{"mascon_id":1601,"cells":36,"land_cells":6,"land_fraction":0.167},"geometry":{"type":"Polygon","coordinates":[[[-88.5,16.5],[-85.5,16.5],[-85.5,19.5],[-88.5,19.5],[-88.5,16.5]]]}},{"type":"Feature","id":1605,"properties":{"mascon_id":1605,"cells":42,"land_cells":4,"land_fraction":0.095},"geometry":{"type":"Polygon","coordinates":[[[-76.0,16.5],[-72.5,16.5],[-72.5,19.5],[-76.0,19.5],[-76.0,16.5]]]}},{"type":"Feature","id":1606,"properties":{"mascon_id":1606,"cells":36,"land_cells":15,"land_fraction":0.417},"geometry":{"type":"Polygon","coordinates":[[[-72.5,16.5],[-69.5,16.5],[-69.5,19.5],[-72.5,19.5],[-72.5,16.5]]]}},{"type":"Feature","id":1607,"properties":{"mascon_id":1607,"cells":36,"land_cells":2,"land_fraction":0.056},"geometry":{"type":"Polygon","coordinates":[[[-69.5,16.5],[-66.5,16.5],[-66.5,19.5],[-69.5,19.5],[-69.5,16.5]]]}},{"type":"Feature","id":1623,"properties":{"mascon_id":1623,"cells":36,"land_cells":2,"land_fraction":0.056},"geometry":{"type":"Polygon","coordinates":[[[-19.0,16.5],[-16.0,16.5],[-16.0,19.5],[-19.0,19.5],[-19.0,16.5]]]}},{"type":"Feature","id":1624,"properties":{"mascon_id":1624,"cells":42,"land_cells":42,"land_fraction":1.0},"geometry":{"type":"Polygon","coordinates":[[[-16.0,16.5],[-12.5,16.5],[-12.5,19.5],[-16.0,19.5],[-16.0,16.5]]]}},{"type":"Feature","id":1625,"properties":{"mascon_id":1625,"cells":36,"land_cells":36,"land_fraction":1.0},"geometry":{"type":"Polygon","coordinates":[[[-12.5,16.5],[-9.5,16.5],[-9.5,19.5],[-12.5,19.5],[-12.5,16.5]]]}},{"type":"Feature","id":1626,"properties":{"mascon_id":1626,"cells":36,"land_cells":36,"land_fraction":1.0},"geometry":{"type":"Polygon","coordinates":[[[-9.5,16.5],[-6.5,16.5],[-6.5,19.5],[-9.5,19.5],[-9.5,16.5]]]}},{"type":"Feature","id":1627,"properties":{"mascon_id":1627,"cells":42,"land_cells":42,"land_fraction":1.0},"geometry":{"type":"Polygon","coordinates":[[[-6.5,16.5],[-3.0,16.5],[-3.0,19.5],[-6.5,19.5],[-6.5,16.5]]]}},{"type":"Feature","id":1628,"properties":{"mascon_id":1628,"cells":36,"land_cells":36,"land_fraction":1.0},"geometry":{"type":"Polygon","coordinates":[[[-3.0,16.5],[0.0,16.5],[0.0,19.5],[-3.0,19.5],[-3.0,16.5]]]}},{"type":"Feature","id":1629,"properties":{"mascon_id":1629,"cells":36,"land_cells":36,"land_fraction":1.0},"geometry":{"type":"Polygon","coordinates":[[[0.0,13.5],[3.0,13.5],[3.0,16.5],[0.0,16.5],[0.0,13.5]]]}},{"type":"Feature","id":1630,"properties":{"mascon_id":1630,"cells":42,"land_cells":42,"land_fraction":1.0},"geometry":{"type":"Polygon","coordinates":[[[3.0,13.5],[6.5,13.5],[6.5,16.5],[3.0,16.5],[3.0,13.5]]]}},{"type":"Feature","id":1631,"properties":{"mascon_id":1631,"cells":36,"land_cells":36,"land_fraction":1.0},"geometry":{"type":"Polygon","coordinates":[[[6.5,13.5],[9.5,13.5],[9.5,16.5],[6.5,16.5],[6.5,13.5]]]}},{"type":"Feature","id":1632,"properties":{"mascon_id":1632,"cells":36,"land_cells":36,"land_fraction":1.0},"geometry":{"type":"Polygon","coordinates":[[[9.5,13.5],[12.5,13.5],[12.5,16.5],[9.5,16.5],[9.5,13.5]]]}},{"type":"Feature","id":1633,"properties":{"mascon_id":1633,"cells":36,"land_cells":36,"land_fraction":1.0},"geometry":{"type":"Polygon","coordinates":[[[12.5,13.5],[15.5,13.5],[15.5,16.5],[12.5,16.5],[12.5,13.5]]]}},{"type":"Feature","id":1634,"properties":{"mascon_id":1634,"cells":42,"land_cells":42,"land_fraction":1.0},"geometry":{"type":"Polygon","coordinates":[[[15.5,13.5],[19.0,13.5],[19.0,16.5],[15.5,16.5],[15.5,13.5]]]}},{"type":"Feature","id":1635,"properties":{"mascon_id":1635,"cells":36,"land_cells":36,"land_fraction":1.0},"geometry":{"type":"Polygon","coordinates":[[[19.0,13.5],[22.0,13.5],[22.0,16.5],[19.0,16.5],[19.0,13.5]]]}},{"type":"Feature","id":1636,"properties":{"mascon_id":1636,"cells":36,"land_cells":36,"land_fraction":1.0},"geometry":{"type":"Polygon","coordinates":[[[22.0,13.5],[25.0,13.5],[25.0,16.5],[22.0,16.5],[22.0,13.5]]]}},{"type":"Feature","id":1637,"properties":{"mascon_id":1637,"cells":36,"land_cells":36,"land_fraction":1.0},"geometry":{"type":"Polygon","coordinates":[[[25.0,13.5],[28.0,13.5],[28.0,16.5],[25.0,16.5],[25.0,13.5]]]}},{"type":"Feature","id":1638,"properties":{"mascon_id":1638,"cells":42,"land_cells":42,"land_fraction":1.0},"geometry":{"type":"Polygon","coordinates":[[[28.0,13.5],[31.5,13.5],[31.5,16.5],[28.0,16.5],[28.0,13.5]]]}},{"type":"Feature","id":1639,"properties":{"mascon_id":1639,"cells":36,"land_cells":36,"land_fraction":1.0},"geometry":{"type":"Polygon","coordinates":[[[31.5,13.5],[34.5,13.5],[34.5,16.5],[31.5,16.5],[31.5,13.5]]]}},{"type":"Feature","id":1640,"properties":{"mascon_id":1640,"cells":36,"land_cells":36,"land_fraction":1.0},"geometry":{"type":"Polygon","coordinates":[[[34.5,13.5],[37.5,13.5],[37.5,16.5],[34.5,16.5],[34.5,13.5]]]}},{"type":"Feature","id":1641,"properties":{"mascon_id":1641,"cells":36,"land_cells":30,"land_fraction":0.833},"geometry":{"type":"Polygon","coordinates":[[[37.5,13.5],[40.5,13.5],[40.5,16.5],[37.5,16.5],[37.5,13.5]]]}},{"type":"Feature","id":1642,"properties":{"mascon_id":1642,"cells":42,"land_cells":18,"land_fraction":0.429},"geometry":{"type":"Polygon","coordinates":[[[40.5,13.5],[44.0,13.5],[44.0,16.5],[40.5,16.5],[40.5,13.5]]]}},{"type":"Feature","id":1643,"properties":{"mascon_id":1643,"cells":36,"land_cells":36,"land_fraction":1.0},"geometry":{"type":"Polygon","coordinates":[[[44.0,13.5],[47.0,13.5],[47.0,16.5],[44.0,16.5],[44.0,13.5]]]}},{"type":"Feature","id":1644,"properties":{"mascon_id":1644,"cells":36,"land_cells":28,"land_fraction":0.778},"geometry":{"type":"Polygon","coordinates":[[[47.0,13.5],[50.0,13.5],[50.0,16.5],[47.0,16.5],[47.0,13.5]]]}},{"type":"Feature","id":1645,"properties":{"mascon_id":1645,"cells":36,"land_cells":12,"land_fraction":0.333},"geometry":{"type":"Polygon","coordinates":[[[50.0,13.5],[53.0,13.5],[53.0,16.5],[50.0,16.5],[50.0,13.5]]]}},{"type":"Feature","id":1652,"properties":{"mascon_id":1652,"cells":36,"land_cells":12,"land_fraction":0.333},"geometry":{"type":"Polygon","coordinates":[[[72.0,13.5],[75.0,13.5],[75.0,16.5],[72.0,16.5],[72.0,13.5]]]}},{"type":"Feature","id":1653,"properties":{"mascon_id":1653,"cells":42,"land_cells":42,"land_fraction":1.0},"geometry":{"type":"Polygon","coordinates":[[[75.0,13.5],[78.5,13.5],[78.5,16.5],[75.0,16.5],[75.0,13.5]]]}},{"type":"Feature","id":1654,"properties":{"mascon_id":1654,"cells":36,"land_cells":22,"land_fraction":0.611},"geometry":{"type":"Polygon","coordinates":[[[78.5,13.5],[81.5,13.5],[81.5,16.5],[78.5,16.5],[78.5,13.5]]]}},{"type":"Feature","id":1659,"properties":{"mascon_id":1659,"cells":36,"land_cells":3,"land_fraction":0.083},"geometry":{"type":"Polygon","coordinates":[[[94.0,13.5],[97.0,13.5],[97.0,16.5],[94.0,16.5],[94.0,13.5]]]}},{"type":"Feature","id":1660,"properties":{"mascon_id":1660,"cells":36,"land_cells":26,"land_fraction":0.722},"geometry":{"type":"Polygon","coordinates":[[[97.0,13.5],[100.0,13.5],[100.0,16.5],[97.0,16.5],[97.0,13.5]]]}},{"type":"Feature","id":1661,"properties":{"mascon_id":1661,"cells":42,"land_cells":42,"land_fraction":1.0},"geometry":{"type":"Polygon","coordinates":[[[100.0,13.5],[103.5,13.5],[103.5,16.5],[100.0,16.5],[100.0,13.5]]]}},{"type":"Feature","id":1662,"properties":{"mascon_id":1662,"cells":36,"land_cells":36,"land_fraction":1.0},"geometry":{"type":"Polygon","coordinates":[[[103.5,13.5],[106.5,13.5],[106.5,16.5],[103.5,16.5],[103.5,13.5]]]}},{"type":"Feature","id":1663,"properties":{"mascon_id":1663,"cells":36,"land_cells":28,"land_fraction":0.778},"geometry":{"type":"Polygon","coordinates":[[[106.5,13.5],[109.5,13.5],[109.5,16.5],[106.5,16.5],[106.5,13.5]]]}},{"type":"Feature","id":1667,"properties":{"mascon_id":1667,"cells":36,"land_cells":16,"land_fraction":0.444},"geometry":{"type":"Polygon","coordinates":[[[119.0,13.5],[122.0,13.5],[122.0,16.5],[119.0,16.5],[119.0,13.5]]]}},{"type":"Feature","id":1668,"properties":{"mascon_id":1668,"cells":36,"land_cells":4,"land_fraction":0.111},"geometry":{"type":"Polygon","coordinates":[[[122.0,13.5],[125.0,13.5],[125.0,16.5],[122.0,16.5],[122.0,13.5]]]}},{"type":"Feature","id":1712,"properties":{"mascon_id":1712,"cells":36,"land_cells":3,"land_fraction":0.083},"geometry":{"type":"Polygon","coordinates":[[[-100.0,13.5],[-97.0,13.5],[-97.0,16.5],[-100.0,16.5],[-100.0,13.5]]]}},{"type":"Feature","id":1713,"properties":{"mascon_id":1713,"cells":36,"land_cells":8,"land_fraction":0.222},"geometry":{"type":"Polygon","coordinates":[[[-97.0,13.5],[-94.0,13.5],[-94.0,16.5],[-97.0,16.5],[-97.0,13.5]]]}},{"type":"Feature","id":1714,"properties":{"mascon_id":1714,"cells":36,"land_cells":20,"land_fraction":0.556},"geometry":{"type":"Polygon","coordinates":[[[-94.0,13.5],[-91.0,13.5],[-91.0,16.5],[-94.0,16.5],[-94.0,13.5]]]}},{"type":"Feature","id":1715,"properties":{"mascon_id":1715,"cells":42,"land_cells":38,"land_fraction":0.905},"geometry":{"type":"Polygon","coordinates":[[[-91.0,13.5],[-87.5,13.5],[-87.5,16.5],[-91.0,16.5],[-91.0,13.5]]]}},{"type":"Feature","id":1716,"properties":{"mascon_id":1716,"cells":36,"land_cells":30,"land_fraction":0.833},"geometry":{"type":"Polygon","coordinates":[[[-87.5,13.5],[-84.5,13.5],[-84.5,16.5],[-87.5,16.5],[-87.5,13.5]]]}},{"type":"Feature","id":1717,"properties":{"mascon_id":1717,"cells":36,"land_cells":8,"land_fraction":0.222},"geometry":{"type":"Polygon","coordinates":[[[-84.5,13.5],[-81.5,13.5],[-81.5,16.5],[-84.5,16.5],[-84.5,13.5]]]}},{"type":"Feature","id":1738,"properties":{"mascon_id":1738,"cells":42,"land_cells":15,"land_fraction":0.357},"geometry":{"type":"Polygon","coordinates":[[[-19.0,13.5],[-15.5,13.5],[-15.5,16.5],[-19.0,16.5],[-19.0,13.5]]]}},{"type":"Feature","id":1739,"properties":{"mascon_id":1739,"cells":36,"land_cells":36,"land_fraction":1.0},"geometry":{"type":"Polygon","coordinates":[[[-15.5,13.5],[-12.5,13.5],[-12.5,16.5],[-15.5,16.5],[-15.5,13.5]]]}},{"type":"Feature","id":1740,"properties":{"mascon_id":1740,"cells":36,"land_cells":36,"land_fraction":1.0},"geometry":{"type":"Polygon","coordinates":[[[-12.5,13.5],[-9.5,13.5],[-9.5,16.5],[-12.5,16.5],[-12.5,13.5]]]}},{"type":"Feature","id":1741,"properties":{"mascon_id":1741,"cells":36,"land_cells":36,"land_fraction":1.0},"geometry":{"type":"Polygon","coordinates":[[[-9.5,13.5],[-6.5,13.5],[-6.5,16.5],[-9.5,16.5],[-9.5,13.5]]]}},{"type":"Feature","id":1742,"properties":{"mascon_id":1742,"cells":42,"land_cells":42,"land_fraction":1.0},"geometry":{"type":"Polygon","coordinates":[[[-6.5,13.5],[-3.0,13.5],[-3.0,16.5],[-6.5,16.5],[-6.5,13.5]]]}},{"type":"Feature","id":1743,"properties":{"mascon_id":1743,"cells":36,"land_cells":36,"land_fraction":1.0},"geometry":{"type":"Polygon","coordinates":[[[-3.0,13.5],[0.0,13.5],[0.0,16.5],[-3.0,16.5],[-3.0,13.5]]]}},{"type":"Feature","id":1744,"properties":{"mascon_id":1744,"cells":36,"land_cells":36,"land_fraction":1.0},"geometry":{"type":"Polygon","coordinates":[[[0.0,10.5],[3.0,10.5],[3.0,13.5],[0.0,13.5],[0.0,10.5]]]}},{"type":"Feature","id":1745,"properties":{"mascon_id":1745,"cells":36,"land_cells":36,"land_fraction":1.0},"geometry":{"type":"Polygon","coordinates":[[[3.0,10.5],[6.0,10.5],[6.0,13.5],[3.0,13.5],[3.0,10.5]]]}},{"type":"Feature","id":1746,"properties":{"mascon_id":1746,"cells":36,"land_cells":36,"land_fraction":1.0},"geometry":{"type":"Polygon","coordinates":[[[6.0,10.5],[9.0,10.5],[9.0,13.5],[6.0,13.5],[6.0,10.5]]]}},{"type":"Feature","id":1747,"properties":{"mascon_id":1747,"cells":42,"land_cells":42,"land_fraction":1.0},"geometry":{"type":"Polygon","coordinates":[[[9.0,10.5],[12.5,10.5],[12.5,13.5],[9.0,13.5],[9.0,10.5]]]}},{"type":"Feature","id":1748,"properties":{"mascon_id":1748,"cells":36,"land_cells":36,"land_fraction":1.0},"geometry":{"type":"Polygon","coordinates":[[[12.5,10.5],[15.5,10.5],[15.5,13.5],[12.5,13.5],[12.5,10.5]]]}},{"type":"Feature","id":1749,"properties":{"mascon_id":1749,"cells":36,"land_cells":36,"land_fraction":1.0},"geometry":{"type":"Polygon","coordinates":[[[15.5,10.5],[18.5,10.5],[18.5,13.5],[15.5,13.5],[15.5,10.5]]]}},{"type":"Feature","id":1750,"properties":{"mascon_id":1750,"cells":36,"land_cells":36,"land_fraction":1.0},"geometry":{"type":"Polygon","coordinates":[[[18.5,10.5],[21.5,10.5],[21.5,13.5],[18.5,13.5],[18.5,10.5]]]}},{"type":"Feature","id":1751,"properties":{"mascon_id":1751,"cells":36,"land_cells":36,"land_fraction":1.0},"geometry":{"type":"Polygon","coordinates":[[[21.5,10.5],[24.5,10.5],[24.5,13.5],[21.5,13.5],[21.5,10.5]]]}},{"type":"Feature","id":1752,"properties":{"mascon_id":1752,"cells":36,"land_cells":36,"land_fraction":1.0},"geometry":{"type":"Polygon","coordinates":[[[24.5,10.5],[27.5,10.5],[27.5,13.5],[24.5,13.5],[24.5,10.5]]]}},{"type":"Feature","id":1753,"properties":{"mascon_id":1753,"cells":42,"land_cells":42,"land_fraction":1.0},"geometry":{"type":"Polygon","coordinates":[[[27.5,10.5],[31.0,10.5],[31.0,13.5],[27.5,13.5],[27.5,10.5]]]}},{"type":"Feature","id":1754,"properties":{"mascon_id":1754,"cells":36,"land_cells":36,"land_fraction":1.0},"geometry":{"type":"Polygon","coordinates":[[[31.0,10.5],[34.0,10.5],[34.0,13.5],[31.0,13.5],[31.0,10.5]]]}},{"type":"Feature","id":1755,"properties":{"mascon_id":1755,"cells":36,"land_cells":36,"land_fraction":1.0},"geometry":{"type":"Polygon","coordinates":[[[34.0,10.5],[37.0,10.5],[37.0,13.5],[34.0,13.5],[34.0,10.5]]]}},{"type":"Feature","id":1756,"properties":{"mascon_id":1756,"cells":36,"land_cells":36,"land_fraction":1.0},"geometry":{"type":"Polygon","coordinates":[[[37.0,10.5],[40.0,10.5],[40.0,13.5],[37.0,13.5],[37.0,10.5]]]}},{"type":"Feature","id":1757,"properties":{"mascon_id":1757,"cells":36,"land_cells":35,"land_fraction":0.972},"geometry":{"type":"Polygon","coordinates":[[[40.0,10.5],[43.0,10.5],[43.0,13.5],[40.0,13.5],[40.0,10.5]]]}},{"type":"Feature","id":1758,"properties":{"mascon_id":1758,"cells":36,"land_cells":11,"land_fraction":0.306},"geometry":{"type":"Polygon","coordinates":[[[43.0,10.5],[46.0,10.5],[46.0,13.5],[43.0,13.5],[43.0,10.5]]]}},{"type":"Feature","id":1759,"properties":{"mascon_id":1759,"cells":36,"land_cells":6,"land_fraction":0.167},"geometry":{"type":"Polygon","coordinates":[[[46.0,10.5],[49.0,10.5],[49.0,13.5],[46.0,13.5],[46.0,10.5]]]}},{"type":"Feature","id":1760,"properties":{"mascon_id":1760,"cells":42,"land_cells":9,"land_fraction":0.214},"geometry":{"type":"Polygon","coordinates":[[[49.0,10.5],[52.5,10.5],[52.5,13.5],[49.0,13.5],[49.0,10.5]]]}},{"type":"Feature","id":1768,"properties":{"mascon_id":1768,"cells":36,"land_cells":20,"land_fraction":0.556},"geometry":{"type":"Polygon","coordinates":[[[74.0,10.5],[77.0,10.5],[77.0,13.5],[74.0,13.5],[74.0,10.5]]]}},{"type":"Feature","id":1769,"properties":{"mascon_id":1769,"cells":36,"land_cells":36,"land_fraction":1.0},"geometry":{"type":"Polygon","coordinates":[[[77.0,10.5],[80.0,10.5],[80.0,13.5],[77.0,13.5],[77.0,10.5]]]}},{"type":"Feature","id":1770,"properties":{"mascon_id":1770,"cells":36,"land_cells":1,"land_fraction":0.028},"geometry":{"type":"Polygon","coordinates":[[[80.0,10.5],[83.0,10.5],[83.0,13.5],[80.0,13.5],[80.0,10.5]]]}},{"type":"Feature","id":1776,"properties":{"mascon_id":1776,"cells":36,"land_cells":18,"land_fraction":0.5},"geometry":{"type":"Polygon","coordinates":[[[98.5,10.5],[101.5,10.5],[101.5,13.5],[98.5,13.5],[98.5,10.5]]]}},{"type":"Feature","id":1777,"properties":{"mascon_id":1777,"cells":36,"land_cells":24,"land_fraction":0.667},"geometry":{"type":"Polygon","coordinates":[[[101.5,10.5],[104.5,10.5],[104.5,13.5],[101.5,13.5],[101.5,10.5]]]}},{"type":"Feature","id":1778,"properties":{"mascon_id":1778,"cells":36,"land_cells":36,"land_fraction":1.0},"geometry":{"type":"Polygon","coordinates":[[[104.5,10.5],[107.5,10.5],[107.5,13.5],[104.5,13.5],[104.5,10.5]]]}},{"type":"Feature","id":1779,"properties":{"mascon_id":1779,"cells":42,"land_cells":18,"land_fraction":0.429},"geometry":{"type":"Polygon","coordinates":[[[107.5,10.5],[111.0,10.5],[111.0,13.5],[107.5,13.5],[107.5,10.5]]]}},{"type":"Feature","id":1783,"properties":{"mascon_id":1783,"cells":36,"land_cells":7,"land_fraction":0.194},"geometry":{"type":"Polygon","coordinates":[[[120.0,10.5],[123.0,10.5],[123.0,13.5],[120.0,13.5],[120.0,10.5]]]}},{"type":"Feature","id":1784,"properties":{"mascon_id":1784,"cells":36,"land_cells":9,"land_fraction":0.25},"geometry":{"type":"Polygon","coordinates":[[[123.0,10.5],[126.0,10.5],[126.0,13.5],[123.0,13.5],[123.0,10.5]]]}},{"type":"Feature","id":1832,"properties":{"mascon_id":1832,"cells":36,"land_cells":10,"land_fraction":0.278},"geometry":{"type":"Polygon","coordinates":[[[-89.0,10.5],[-86.0,10.5],[-86.0,13.5],[-89.0,13.5],[-89.0,10.5]]]}},{"type":"Feature","id":1833,"properties":{"mascon_id":1833,"cells":36,"land_cells":28,"land_fraction":0.778},"geometry":{"type":"Polygon","coordinates":[[[-86.0,10.5],[-83.0,10.5],[-83.0,13.5],[-86.0,13.5],[-86.0,10.5]]]}},{"type":"Feature","id":1836,"properties":{"mascon_id":1836,"cells":36,"land_cells":3,"land_fraction":0.083},"geometry":{"type":"Polygon","coordinates":[[[-77.0,10.5],[-74.0,10.5],[-74.0,13.5],[-77.0,13.5],[-77.0,10.5]]]}},{"type":"Feature","id":1837,"properties":{"mascon_id":1837,"cells":36,"land_cells":13,"land_fraction":0.361},"geometry":{"type":"Polygon","coordinates":[[[-74.0,10.5],[-71.0,10.5],[-71.0,13.5],[-74.0,13.5],[-74.0,10.5]]]}},{"type":"Feature","id":1838,"properties":{"mascon_id":1838,"cells":42,"land_cells":9,"land_fraction":0.214},"geometry":{"type":"Polygon","coordinates":[[[-71.0,10.5],[-67.5,10.5],[-67.5,13.5],[-71.0,13.5],[-71.0,10.5]]]}},{"type":"Feature","id":1841,"properties":{"mascon_id":1841,"cells":36,"land_cells":1,"land_fraction":0.028},"geometry":{"type":"Polygon","coordinates":[[[-61.5,10.5],[-58.5,10.5],[-58.5,13.5],[-61.5,13.5],[-61.5,10.5]]]}},{"type":"Feature","id":1855,"properties":{"mascon_id":1855,"cells":36,"land_cells":6,"land_fraction":0.167},"geometry":{"type":"Polygon","coordinates":[[[-18.5,10.5],[-15.5,10.5],[-15.5,13.5],[-18.5,13.5],[-18.5,10.5]]]}},{"type":"Feature","id":1856,"properties":{"mascon_id":1856,"cells":36,"land_cells":35,"land_fraction":0.972},"geometry":{"type":"Polygon","coordinates":[[[-15.5,10.5],[-12.5,10.5],[-12.5,13.5],[-15.5,13.5],[-15.5,10.5]]]}},{"type":"Feature","id":1857,"properties":{"mascon_id":1857,"cells":42,"land_cells":42,"land_fraction":1.0},"geometry":{"type":"Polygon","coordinates":[[[-12.5,10.5],[-9.0,10.5],[-9.0,13.5],[-12.5,13.5],[-12.5,10.5]]]}},{"type":"Feature","id":1858,"properties":{"mascon_id":1858,"cells":36,"land_cells":36,"land_fraction":1.0},"geometry":{"type":"Polygon","coordinates":[[[-9.0,10.5],[-6.0,10.5],[-6.0,13.5],[-9.0,13.5],[-9.0,10.5]]]}},{"type":"Feature","id":1859,"properties":{"mascon_id":1859,"cells":36,"land_cells":36,"land_fraction":1.0},"geometry":{"type":"Polygon","coordinates":[[[-6.0,10.5],[-3.0,10.5],[-3.0,13.5],[-6.0,13.5],[-6.0,10.5]]]}},{"type":"Feature","id":1860,"properties":{"mascon_id":1860,"cells":36,"land_cells":36,"land_fraction":1.0},"geometry":{"type":"Polygon","coordinates":[[[-3.0,10.5],[0.0,10.5],[0.0,13.5],[-3.0,13.5],[-3.0,10.5]]]}},{"type":"Feature","id":1861,"properties":{"mascon_id":1861,"cells":36,"land_cells":36,"land_fraction":1.0},"geometry":{"type":"Polygon","coordinates":[[[0.0,7.5],[3.0,7.5],[3.0,10.5],[0.0,10.5],[0.0,7.5]]]}},{"type":"Feature","id":1862,"properties":{"mascon_id":1862,"cells":36,"land_cells":36,"land_fraction":1.0},"geometry":{"type":"Polygon","coordinates":[[[3.0,7.5],[6.0,7.5],[6.0,10.5],[3.0,10.5],[3.0,7.5]]]}},{"type":"Feature","id":1863,"properties":{"mascon_id":1863,"cells":36,"land_cells":36,"land_fraction":1.0},"geometry":{"type":"Polygon","coordinates":[[[6.0,7.5],[9.0,7.5],[9.0,10.5],[6.0,10.5],[6.0,7.5]]]}},{"type":"Feature","id":1864,"properties":{"mascon_id":1864,"cells":36,"land_cells":36,"land_fraction":1.0},"geometry":{"type":"Polygon","coordinates":[[[9.0,7.5],[12.0,7.5],[12.0,10.5],[9.0,10.5],[9.0,7.5]]]}},{"type":"Feature","id":1865,"properties":{"mascon_id":1865,"cells":36,"land_cells":36,"land_fraction":1.0},"geometry":{"type":"Polygon","coordinates":[[[12.0,7.5],[15.0,7.5],[15.0,10.5],[12.0,10.5],[12.0,7.5]]]}},{"type":"Feature","id":1866,"properties":{"mascon_id":1866,"cells":42,"land_cells":42,"land_fraction":1.0},"geometry":{"type":"Polygon","coordinates":[[[15.0,7.5],[18.5,7.5],[18.5,10.5],[15.0,10.5],[15.0,7.5]]]}},{"type":"Feature","id":1867,"properties":{"mascon_id":1867,"cells":36,"land_cells":36,"land_fraction":1.0},"geometry":{"type":"Polygon","coordinates":[[[18.5,7.5],[21.5,7.5],[21.5,10.5],[18.5,10.5],[18.5,7.5]]]}},{"type":"Feature","id":1868,"properties":{"mascon_id":1868,"cells":36,"land_cells":36,"land_fraction":1.0},"geometry":{"type":"Polygon","coordinates":[[[21.5,7.5],[24.5,7.5],[24.5,10.5],[21.5,10.5],[21.5,7.5]]]}},{"type":"Feature","id":1869,"properties":{"mascon_id":1869,"cells":36,"land_cells":36,"land_fraction":1.0},"geometry":{"type":"Polygon","coordinates":[[[24.5,7.5],[27.5,7.5],[27.5,10.5],[24.5,10.5],[24.5,7.5]]]}},{"type":"Feature","id":1870,"properties":{"mascon_id":1870,"cells":36,"land_cells":36,"land_fraction":1.0},"geometry":{"type":"Polygon","coordinates":[[[27.5,7.5],[30.5,7.5],[30.5,10.5],[27.5,10.5],[27.5,7.5]]]}},{"type":"Feature","id":1871,"properties":{"mascon_id":1871,"cells":36,"land_cells":36,"land_fraction":1.0},"geometry":{"type":"Polygon","coordinates":[[[30.5,7.5],[33.5,7.5],[33.5,10.5],[30.5,10.5],[30.5,7.5]]]}},{"type":"Feature","id":1872,"properties":{"mascon_id":1872,"cells":36,"land_cells":36,"land_fraction":1.0},"geometry":{"type":"Polygon","coordinates":[[[33.5,7.5],[36.5,7.5],[36.5,10.5],[33.5,10.5],[33.5,7.5]]]}},{"type":"Feature","id":1873,"properties":{"mascon_id":1873,"cells":36,"land_cells":36,"land_fraction":1.0},"geometry":{"type":"Polygon","coordinates":[[[36.5,7.5],[39.5,7.5],[39.5,10.5],[36.5,10.5],[36.5,7.5]]]}},{"type":"Feature","id":1874,"properties":{"mascon_id":1874,"cells":36,"land_cells":36,"land_fraction":1.0},"geometry":{"type":"Polygon","coordinates":[[[39.5,7.5],[42.5,7.5],[42.5,10.5],[39.5,10.5],[39.5,7.5]]]}},{"type":"Feature","id":1875,"properties":{"mascon_id":1875,"cells":42,"land_cells":42,"land_fraction":1.0},"geometry":{"type":"Polygon","coordinates":[[[42.5,7.5],[46.0,7.5],[46.0,10.5],[42.5,10.5],[42.5,7.5]]]}},{"type":"Feature","id":1876,"properties":{"mascon_id":1876,"cells":36,"land_cells":36,"land_fraction":1.0},"geometry":{"type":"Polygon","coordinates":[[[46.0,7.5],[49.0,7.5],[49.0,10.5],[46.0,10.5],[46.0,7.5]]]}},{"type":"Feature","id":1877,"properties":{"mascon_id":1877,"cells":36,"land_cells":18,"land_fraction":0.5},"geometry":{"type":"Polygon","coordinates":[[[49.0,7.5],[52.0,7.5],[52.0,10.5],[49.0,10.5],[49.0,7.5]]]}},{"type":"Feature","id":1885,"properties":{"mascon_id":1885,"cells":42,"land_cells":1,"land_fraction":0.024},"geometry":{"type":"Polygon","coordinates":[[[73.0,7.5],[76.5,7.5],[76.5,10.5],[73.0,10.5],[73.0,7.5]]]}},{"type":"Feature","id":1886,"properties":{"mascon_id":1886,"cells":36,"land_cells":21,"land_fraction":0.583},"geometry":{"type":"Polygon","coordinates":[[[76.5,7.5],[79.5,7.5],[79.5,10.5],[76.5,10.5],[76.5,7.5]]]}},{"type":"Feature","id":1887,"properties":{"mascon_id":1887,"cells":36,"land_cells":10,"land_fraction":0.278},"geometry":{"type":"Polygon","coordinates":[[[79.5,7.5],[82.5,7.5],[82.5,10.5],[79.5,10.5],[79.5,7.5]]]}},{"type":"Feature","id":1893,"properties":{"mascon_id":1893,"cells":36,"land_cells":14,"land_fraction":0.389},"geometry":{"type":"Polygon","coordinates":[[[97.5,7.5],[100.5,7.5],[100.5,10.5],[97.5,10.5],[97.5,7.5]]]}},{"type":"Feature","id":1895,"properties":{"mascon_id":1895,"cells":42,"land_cells":10,"land_fraction":0.238},"geometry":{"type":"Polygon","coordinates":[[[103.5,7.5],[107.0,7.5],[107.0,10.5],[103.5,10.5],[103.5,7.5]]]}},{"type":"Feature","id":1901,"properties":{"mascon_id":1901,"cells":36,"land_cells":14,"land_fraction":0.389},"geometry":{"type":"Polygon","coordinates":[[[122.0,7.5],[125.0,7.5],[125.0,10.5],[122.0,10.5],[122.0,7.5]]]}},{"type":"Feature","id":1902,"properties":{"mascon_id":1902,"cells":36,"land_cells":9,"land_fraction":0.25},"geometry":{"type":"Polygon","coordinates":[[[125.0,7.5],[128.0,7.5],[128.0,10.5],[125.0,10.5],[125.0,7.5]]]}},{"type":"Feature","id":1950,"properties":{"mascon_id":1950,"cells":36,"land_cells":1,"land_fraction":0.028},"geometry":{"type":"Polygon","coordinates":[[[-88.5,7.5],[-85.5,7.5],[-85.5,10.5],[-88.5,10.5],[-88.5,7.5]]]}},{"type":"Feature","id":1951,"properties":{"mascon_id":1951,"cells":36,"land_cells":13,"land_fraction":0.361},"geometry":{"type":"Polygon","coordinates":[[[-85.5,7.5],[-82.5,7.5],[-82.5,10.5],[-85.5,10.5],[-85.5,7.5]]]}},{"type":"Feature","id":1952,"properties":{"mascon_id":1952,"cells":36,"land_cells":14,"land_fraction":0.389},"geometry":{"type":"Polygon","coordinates":[[[-82.5,7.5],[-79.5,7.5],[-79.5,10.5],[-82.5,10.5],[-82.5,7.5]]]}},{"type":"Feature","id":1953,"properties":{"mascon_id":1953,"cells":36,"land_cells":13,"land_fraction":0.361},"geometry":{"type":"Polygon","coordinates":[[[-79.5,7.5],[-76.5,7.5],[-76.5,10.5],[-79.5,10.5],[-79.5,7.5]]]}},{"type":"Feature","id":1954,"properties":{"mascon_id":1954,"cells":42,"land_cells":37,"land_fraction":0.881},"geometry":{"type":"Polygon","coordinates":[[[-76.5,7.5],[-73.0,7.5],[-73.0,10.5],[-76.5,10.5],[-76.5,7.5]]]}},{"type":"Feature","id":1955,"properties":{"mascon_id":1955,"cells":36,"land_cells":31,"land_fraction":0.861},"geometry":{"type":"Polygon","coordinates":[[[-73.0,7.5],[-70.0,7.5],[-70.0,10.5],[-73.0,10.5],[-73.0,7.5]]]}},{"type":"Feature","id":1956,"properties":{"mascon_id":1956,"cells":36,"land_cells":36,"land_fraction":1.0},"geometry":{"type":"Polygon","coordinates":[[[-70.0,7.5],[-67.0,7.5],[-67.0,10.5],[-70.0,10.5],[-70.0,7.5]]]}},{"type":"Feature","id":1957,"properties":{"mascon_id":1957,"cells":36,"land_cells":33,"land_fraction":0.917},"geometry":{"type":"Polygon","coordinates":[[[-67.0,7.5],[-64.0,7.5],[-64.0,10.5],[-67.0,10.5],[-67.0,7.5]]]}},{"type":"Feature","id":1958,"properties":{"mascon_id":1958,"cells":36,"land_cells":33,"land_fraction":0.917},"geometry":{"type":"Polygon","coordinates":[[[-64.0,7.5],[-61.0,7.5],[-61.0,10.5],[-64.0,10.5],[-64.0,7.5]]]}},{"type":"Feature","id":1959,"properties":{"mascon_id":1959,"cells":36,"land_cells":8,"land_fraction":0.222},"geometry":{"type":"Polygon","coordinates":[[[-61.0,7.5],[-58.0,7.5],[-58.0,10.5],[-61.0,10.5],[-61.0,7.5]]]}},{"type":"Feature","id":1974,"properties":{"mascon_id":1974,"cells":42,"land_cells":17,"land_fraction":0.405},"geometry":{"type":"Polygon","coordinates":[[[-15.5,7.5],[-12.0,7.5],[-12.0,10.5],[-15.5,10.5],[-15.5,7.5]]]}},{"type":"Feature","id":1975,"properties":{"mascon_id":1975,"cells":36,"land_cells":36,"land_fraction":1.0},"geometry":{"type":"Polygon","coordinates":[[[-12.0,7.5],[-9.0,7.5],[-9.0,10.5],[-12.0,10.5],[-12.0,7.5]]]}},{"type":"Feature","id":1976,"properties":{"mascon_id":1976,"cells":36,"land_cells":36,"land_fraction":1.0},"geometry":{"type":"Polygon","coordinates":[[[-9.0,7.5],[-6.0,7.5],[-6.0,10.5],[-9.0,10.5],[-9.0,7.5]]]}},{"type":"Feature","id":1977,"properties":{"mascon_id":1977,"cells":36,"land_cells":36,"land_fraction":1.0},"geometry":{"type":"Polygon","coordinates":[[[-6.0,7.5],[-3.0,7.5],[-3.0,10.5],[-6.0,10.5],[-6.0,7.5]]]}},{"type":"Feature","id":1978,"properties":{"mascon_id":1978,"cells":36,"land_cells":36,"land_fraction":1.0},"geometry":{"type":"Polygon","coordinates":[[[-3.0,7.5],[0.0,7.5],[0.0,10.5],[-3.0,10.5],[-3.0,7.5]]]}},{"type":"Feature","id":1979,"properties":{"mascon_id":1979,"cells":36,"land_cells":16,"land_fraction":0.444},"geometry":{"type":"Polygon","coordinates":[[[0.0,4.5],[3.0,4.5],[3.0,7.5],[0.0,7.5],[0.0,4.5]]]}},{"type":"Feature","id":1980,"properties":{"mascon_id":1980,"cells":36,"land_cells":19,"land_fraction":0.528},"geometry":{"type":"Polygon","coordinates":[[[3.0,4.5],[6.0,4.5],[6.0,7.5],[3.0,7.5],[3.0,4.5]]]}},{"type":"Feature","id":1981,"properties":{"mascon_id":1981,"cells":36,"land_cells":36,"land_fraction":1.0},"geometry":{"type":"Polygon","coordinates":[[[6.0,4.5],[9.0,4.5],[9.0,7.5],[6.0,7.5],[6.0,4.5]]]}},{"type":"Feature","id":1982,"properties":{"mascon_id":1982,"cells":36,"land_cells":36,"land_fraction":1.0},"geometry":{"type":"Polygon","coordinates":[[[9.0,4.5],[12.0,4.5],[12.0,7.5],[9.0,7.5],[9.0,4.5]]]}},{"type":"Feature","id":1983,"properties":{"mascon_id":1983,"cells":36,"land_cells":36,"land_fraction":1.0},"geometry":{"type":"Polygon","coordinates":[[[12.0,4.5],[15.0,4.5],[15.0,7.5],[12.0,7.5],[12.0,4.5]]]}},{"type":"Feature","id":1984,"properties":{"mascon_id":1984,"cells":36,"land_cells":36,"land_fraction":1.0},"geometry":{"type":"Polygon","coordinates":[[[15.0,4.5],[18.0,4.5],[18.0,7.5],[15.0,7.5],[15.0,4.5]]]}},{"type":"Feature","id":1985,"properties":{"mascon_id":1985,"cells":36,"land_cells":36,"land_fraction":1.0},"geometry":{"type":"Polygon","coordinates":[[[18.0,4.5],[21.0,4.5],[21.0,7.5],[18.0,7.5],[18.0,4.5]]]}},{"type":"Feature","id":1986,"properties":{"mascon_id":1986,"cells":36,"land_cells":36,"land_fraction":1.0},"geometry":{"type":"Polygon","coordinates":[[[21.0,4.5],[24.0,4.5],[24.0,7.5],[21.0,7.5],[21.0,4.5]]]}},{"type":"Feature","id":1987,"properties":{"mascon_id":1987,"cells":36,"land_cells":36,"land_fraction":1.0},"geometry":{"type":"Polygon","coordinates":[[[24.0,4.5],[27.0,4.5],[27.0,7.5],[24.0,7.5],[24.0,4.5]]]}},{"type":"Feature","id":1988,"properties":{"mascon_id":1988,"cells":36,"land_cells":36,"land_fraction":1.0},"geometry":{"type":"Polygon","coordinates":[[[27.0,4.5],[30.0,4.5],[30.0,7.5],[27.0,7.5],[27.0,4.5]]]}},{"type":"Feature","id":1989,"properties":{"mascon_id":1989,"cells":42,"land_cells":42,"land_fraction":1.0},"geometry":{"type":"Polygon","coordinates":[[[30.0,4.5],[33.5,4.5],[33.5,7.5],[30.0,7.5],[30.0,4.5]]]}},{"type":"Feature","id":1990,"properties":{"mascon_id":1990,"cells":36,"land_cells":36,"land_fraction":1.0},"geometry":{"type":"Polygon","coordinates":[[[33.5,4.5],[36.5,4.5],[36.5,7.5],[33.5,7.5],[33.5,4.5]]]}},{"type":"Feature","id":1991,"properties":{"mascon_id":1991,"cells":36,"land_cells":36,"land_fraction":1.0},"geometry":{"type":"Polygon","coordinates":[[[36.5,4.5],[39.5,4.5],[39.5,7.5],[36.5,7.5],[36.5,4.5]]]}},{"type":"Feature","id":1992,"properties":{"mascon_id":1992,"cells":36,"land_cells":36,"land_fraction":1.0},"geometry":{"type":"Polygon","coordinates":[[[39.5,4.5],[42.5,4.5],[42.5,7.5],[39.5,7.5],[39.5,4.5]]]}},{"type":"Feature","id":1993,"properties":{"mascon_id":1993,"cells":36,"land_cells":36,"land_fraction":1.0},"geometry":{"type":"Polygon","coordinates":[[[42.5,4.5],[45.5,4.5],[45.5,7.5],[42.5,7.5],[42.5,4.5]]]}},{"type":"Feature","id":1994,"properties":{"mascon_id":1994,"cells":36,"land_cells":35,"land_fraction":0.972},"geometry":{"type":"Polygon","coordinates":[[[45.5,4.5],[48.5,4.5],[48.5,7.5],[45.5,7.5],[45.5,4.5]]]}},{"type":"Feature","id":1995,"properties":{"mascon_id":1995,"cells":36,"land_cells":5,"land_fraction":0.139},"geometry":{"type":"Polygon","coordinates":[[[48.5,4.5],[51.5,4.5],[51.5,7.5],[48.5,7.5],[48.5,4.5]]]}},{"type":"Feature","id":2005,"properties":{"mascon_id":2005,"cells":36,"land_cells":9,"land_fraction":0.25},"geometry":{"type":"Polygon","coordinates":[[[78.5,4.5],[81.5,4.5],[81.5,7.5],[78.5,7.5],[78.5,4.5]]]}},{"type":"Feature","id":2006,"properties":{"mascon_id":2006,"cells":36,"land_cells":2,"land_fraction":0.056},"geometry":{"type":"Polygon","coordinates":[[[81.5,4.5],[84.5,4.5],[84.5,7.5],[81.5,7.5],[81.5,4.5]]]}},{"type":"Feature","id":2010,"properties":{"mascon_id":2010,"cells":36,"land_cells":5,"land_fraction":0.139},"geometry":{"type":"Polygon","coordinates":[[[94.0,4.5],[97.0,4.5],[97.0,7.5],[94.0,7.5],[94.0,4.5]]]}},{"type":"Feature","id":2011,"properties":{"mascon_id":2011,"cells":36,"land_cells":3,"land_fraction":0.083},"geometry":{"type":"Polygon","coordinates":[[[97.0,4.5],[100.0,4.5],[100.0,7.5],[97.0,7.5],[97.0,4.5]]]}},{"type":"Feature","id":2012,"properties":{"mascon_id":2012,"cells":36,"land_cells":22,"land_fraction":0.611},"geometry":{"type":"Polygon","coordinates":[[[100.0,4.5],[103.0,4.5],[103.0,7.5],[100.0,7.5],[100.0,4.5]]]}},{"type":"Feature","id":2013,"properties":{"mascon_id":2013,"cells":36,"land_cells":1,"land_fraction":0.028},"geometry":{"type":"Polygon","coordinates":[[[103.0,4.5],[106.0,4.5],[106.0,7.5],[103.0,7.5],[103.0,4.5]]]}},{"type":"Feature","id":2016,"properties":{"mascon_id":2016,"cells":36,"land_cells":1,"land_fraction":0.028},"geometry":{"type":"Polygon","coordinates":[[[112.0,4.5],[115.0,4.5],[115.0,7.5],[112.0,7.5],[112.0,4.5]]]}},{"type":"Feature","id":2017,"properties":{"mascon_id":2017,"cells":36,"land_cells":20,"land_fraction":0.556},"geometry":{"type":"Polygon","coordinates":[[[115.0,4.5],[118.0,4.5],[118.0,7.5],[115.0,7.5],[115.0,4.5]]]}},{"type":"Feature","id":2018,"properties":{"mascon_id":2018,"cells":36,"land_cells":4,"land_fraction":0.111},"geometry":{"type":"Polygon","coordinates":[[[118.0,4.5],[121.0,4.5],[121.0,7.5],[118.0,7.5],[118.0,4.5]]]}},{"type":"Feature","id":2019,"properties":{"mascon_id":2019,"cells":36,"land_cells":1,"land_fraction":0.028},"geometry":{"type":"Polygon","coordinates":[[[121.0,4.5],[124.0,4.5],[124.0,7.5],[121.0,7.5],[121.0,4.5]]]}},{"type":"Feature","id":2020,"properties":{"mascon_id":2020,"cells":36,"land_cells":11,"land_fraction":0.306},"geometry":{"type":"Polygon","coordinates":[[[124.0,4.5],[127.0,4.5],[127.0,7.5],[124.0,7.5],[124.0,4.5]]]}},{"type":"Feature","id":2072,"properties":{"mascon_id":2072,"cells":36,"land_cells":25,"land_fraction":0.694},"geometry":{"type":"Polygon","coordinates":[[[-78.5,4.5],[-75.5,4.5],[-75.5,7.5],[-78.5,7.5],[-78.5,4.5]]]}},{"type":"Feature","id":2073,"properties":{"mascon_id":2073,"cells":36,"land_cells":36,"land_fraction":1.0},"geometry":{"type":"Polygon","coordinates":[[[-75.5,4.5],[-72.5,4.5],[-72.5,7.5],[-75.5,7.5],[-75.5,4.5]]]}},{"type":"Feature","id":2074,"properties":{"mascon_id":2074,"cells":36,"land_cells":36,"land_fraction":1.0},"geometry":{"type":"Polygon","coordinates":[[[-72.5,4.5],[-69.5,4.5],[-69.5,7.5],[-72.5,7.5],[-72.5,4.5]]]}},{"type":"Feature","id":2075,"properties":{"mascon_id":2075,"cells":36,"land_cells":36,"land_fraction":1.0},"geometry":{"type":"Polygon","coordinates":[[[-69.5,4.5],[-66.5,4.5],[-66.5,7.5],[-69.5,7.5],[-69.5,4.5]]]}},{"type":"Feature","id":2076,"properties":{"mascon_id":2076,"cells":36,"land_cells":36,"land_fraction":1.0},"geometry":{"type":"Polygon","coordinates":[[[-66.5,4.5],[-63.5,4.5],[-63.5,7.5],[-66.5,7.5],[-66.5,4.5]]]}},{"type":"Feature","id":2077,"properties":{"mascon_id":2077,"cells":36,"land_cells":36,"land_fraction":1.0},"geometry":{"type":"Polygon","coordinates":[[[-63.5,4.5],[-60.5,4.5],[-60.5,7.5],[-63.5,7.5],[-63.5,4.5]]]}},{"type":"Feature","id":2078,"properties":{"mascon_id":2078,"cells":36,"land_cells":33,"land_fraction":0.917},"geometry":{"type":"Polygon","coordinates":[[[-60.5,4.5],[-57.5,4.5],[-57.5,7.5],[-60.5,7.5],[-60.5,4.5]]]}},{"type":"Feature","id":2079,"properties":{"mascon_id":2079,"cells":36,"land_cells":18,"land_fraction":0.5},"geometry":{"type":"Polygon","coordinates":[[[-57.5,4.5],[-54.5,4.5],[-54.5,7.5],[-57.5,7.5],[-57.5,4.5]]]}},{"type":"Feature","id":2080,"properties":{"mascon_id":2080,"cells":36,"land_cells":9,"land_fraction":0.25},"geometry":{"type":"Polygon","coordinates":[[[-54.5,4.5],[-51.5,4.5],[-51.5,7.5],[-54.5,7.5],[-54.5,4.5]]]}},{"type":"Feature","id":2094,"properties":{"mascon_id":2094,"cells":36,"land_cells":17,"land_fraction":0.472},"geometry":{"type":"Polygon","coordinates":[[[-12.0,4.5],[-9.0,4.5],[-9.0,7.5],[-12.0,7.5],[-12.0,4.5]]]}},{"type":"Feature","id":2095,"properties":{"mascon_id":2095,"cells":36,"land_cells":34,"land_fraction":0.944},"geometry":{"type":"Polygon","coordinates":[[[-9.0,4.5],[-6.0,4.5],[-6.0,7.5],[-9.0,7.5],[-9.0,4.5]]]}},{"type":"Feature","id":2096,"properties":{"mascon_id":2096,"cells":36,"land_cells":30,"land_fraction":0.833},"geometry":{"type":"Polygon","coordinates":[[[-6.0,4.5],[-3.0,4.5],[-3.0,7.5],[-6.0,7.5],[-6.0,4.5]]]}},{"type":"Feature","id":2097,"properties":{"mascon_id":2097,"cells":36,"land_cells":28,"land_fraction":0.778},"geometry":{"type":"Polygon","coordinates":[[[-3.0,4.5],[0.0,4.5],[0.0,7.5],[-3.0,7.5],[-3.0,4.5]]]}},{"type":"Feature","id":2101,"properties":{"mascon_id":2101,"cells":36,"land_cells":28,"land_fraction":0.778},"geometry":{"type":"Polygon","coordinates":[[[9.0,1.5],[12.0,1.5],[12.0,4.5],[9.0,4.5],[9.0,1.5]]]}},{"type":"Feature","id":2102,"properties":{"mascon_id":2102,"cells":36,"land_cells":36,"land_fraction":1.0},"geometry":{"type":"Polygon","coordinates":[[[12.0,1.5],[15.0,1.5],[15.0,4.5],[12.0,4.5],[12.0,1.5]]]}},{"type":"Feature","id":2103,"properties":{"mascon_id":2103,"cells":36,"land_cells":36,"land_fraction":1.0},"geometry":{"type":"Polygon","coordinates":[[[15.0,1.5],[18.0,1.5],[18.0,4.5],[15.0,4.5],[15.0,1.5]]]}},{"type":"Feature","id":2104,"properties":{"mascon_id":2104,"cells":36,"land_cells":36,"land_fraction":1.0},"geometry":{"type":"Polygon","coordinates":[[[18.0,1.5],[21.0,1.5],[21.0,4.5],[18.0,4.5],[18.0,1.5]]]}},{"type":"Feature","id":2105,"properties":{"mascon_id":2105,"cells":36,"land_cells":36,"land_fraction":1.0},"geometry":{"type":"Polygon","coordinates":[[[21.0,1.5],[24.0,1.5],[24.0,4.5],[21.0,4.5],[21.0,1.5]]]}},{"type":"Feature","id":2106,"properties":{"mascon_id":2106,"cells":36,"land_cells":36,"land_fraction":1.0},"geometry":{"type":"Polygon","coordinates":[[[24.0,1.5],[27.0,1.5],[27.0,4.5],[24.0,4.5],[24.0,1.5]]]}},{"type":"Feature","id":2107,"properties":{"mascon_id":2107,"cells":36,"land_cells":36,"land_fraction":1.0},"geometry":{"type":"Polygon","coordinates":[[[27.0,1.5],[30.0,1.5],[30.0,4.5],[27.0,4.5],[27.0,1.5]]]}},{"type":"Feature","id":2108,"properties":{"mascon_id":2108,"cells":42,"land_cells":42,"land_fraction":1.0},"geometry":{"type":"Polygon","coordinates":[[[30.0,1.5],[33.5,1.5],[33.5,4.5],[30.0,4.5],[30.0,1.5]]]}},{"type":"Feature","id":2109,"properties":{"mascon_id":2109,"cells":36,"land_cells":36,"land_fraction":1.0},"geometry":{"type":"Polygon","coordinates":[[[33.5,1.5],[36.5,1.5],[36.5,4.5],[33.5,4.5],[33.5,1.5]]]}},{"type":"Feature","id":2110,"properties":{"mascon_id":2110,"cells":36,"land_cells":36,"land_fraction":1.0},"geometry":{"type":"Polygon","coordinates":[[[36.5,1.5],[39.5,1.5],[39.5,4.5],[36.5,4.5],[36.5,1.5]]]}},{"type":"Feature","id":2111,"properties":{"mascon_id":2111,"cells":36,"land_cells":36,"land_fraction":1.0},"geometry":{"type":"Polygon","coordinates":[[[39.5,1.5],[42.5,1.5],[42.5,4.5],[39.5,4.5],[39.5,1.5]]]}},{"type":"Feature","id":2112,"properties":{"mascon_id":2112,"cells":36,"land_cells":35,"land_fraction":0.972},"geometry":{"type":"Polygon","coordinates":[[[42.5,1.5],[45.5,1.5],[45.5,4.5],[42.5,4.5],[42.5,1.5]]]}},{"type":"Feature","id":2113,"properties":{"mascon_id":2113,"cells":36,"land_cells":14,"land_fraction":0.389},"geometry":{"type":"Polygon","coordinates":[[[45.5,1.5],[48.5,1.5],[48.5,4.5],[45.5,4.5],[45.5,1.5]]]}},{"type":"Feature","id":2129,"properties":{"mascon_id":2129,"cells":36,"land_cells":3,"land_fraction":0.083},"geometry":{"type":"Polygon","coordinates":[[[94.0,1.5],[97.0,1.5],[97.0,4.5],[94.0,4.5],[94.0,1.5]]]}},{"type":"Feature","id":2130,"properties":{"mascon_id":2130,"cells":36,"land_cells":24,"land_fraction":0.667},"geometry":{"type":"Polygon","coordinates":[[[97.0,1.5],[100.0,1.5],[100.0,4.5],[97.0,4.5],[97.0,1.5]]]}},{"type":"Feature","id":2131,"properties":{"mascon_id":2131,"cells":36,"land_cells":22,"land_fraction":0.611},"geometry":{"type":"Polygon","coordinates":[[[100.0,1.5],[103.0,1.5],[103.0,4.5],[100.0,4.5],[100.0,1.5]]]}},{"type":"Feature","id":2132,"properties":{"mascon_id":2132,"cells":36,"land_cells":8,"land_fraction":0.222},"geometry":{"type":"Polygon","coordinates":[[[103.0,1.5],[106.0,1.5],[106.0,4.5],[103.0,4.5],[103.0,1.5]]]}},{"type":"Feature","id":2134,"properties":{"mascon_id":2134,"cells":36,"land_cells":6,"land_fraction":0.167},"geometry":{"type":"Polygon","coordinates":[[[109.0,1.5],[112.0,1.5],[112.0,4.5],[109.0,4.5],[109.0,1.5]]]}},{"type":"Feature","id":2135,"properties":{"mascon_id":2135,"cells":36,"land_cells":27,"land_fraction":0.75},"geometry":{"type":"Polygon","coordinates":[[[112.0,1.5],[115.0,1.5],[115.0,4.5],[112.0,4.5],[112.0,1.5]]]}},{"type":"Feature","id":2136,"properties":{"mascon_id":2136,"cells":36,"land_cells":34,"land_fraction":0.944},"geometry":{"type":"Polygon","coordinates":[[[115.0,1.5],[118.0,1.5],[118.0,4.5],[115.0,4.5],[115.0,1.5]]]}},{"type":"Feature","id":2190,"properties":{"mascon_id":2190,"cells":36,"land_cells":1,"land_fraction":0.028},"geometry":{"type":"Polygon","coordinates":[[[-81.5,1.5],[-78.5,1.5],[-78.5,4.5],[-81.5,4.5],[-81.5,1.5]]]}},{"type":"Feature","id":2191,"properties":{"mascon_id":2191,"cells":36,"land_cells":28,"land_fraction":0.778},"geometry":{"type":"Polygon","coordinates":[[[-78.5,1.5],[-75.5,1.5],[-75.5,4.5],[-78.5,4.5],[-78.5,1.5]]]}},{"type":"Feature","id":2192,"properties":{"mascon_id":2192,"cells":36,"land_cells":36,"land_fraction":1.0},"geometry":{"type":"Polygon","coordinates":[[[-75.5,1.5],[-72.5,1.5],[-72.5,4.5],[-75.5,4.5],[-75.5,1.5]]]}},{"type":"Feature","id":2193,"properties":{"mascon_id":2193,"cells":36,"land_cells":36,"land_fraction":1.0},"geometry":{"type":"Polygon","coordinates":[[[-72.5,1.5],[-69.5,1.5],[-69.5,4.5],[-72.5,4.5],[-72.5,1.5]]]}},{"type":"Feature","id":2194,"properties":{"mascon_id":2194,"cells":36,"land_cells":36,"land_fraction":1.0},"geometry":{"type":"Polygon","coordinates":[[[-69.5,1.5],[-66.5,1.5],[-66.5,4.5],[-69.5,4.5],[-69.5,1.5]]]}},{"type":"Feature","id":2195,"properties":{"mascon_id":2195,"cells":36,"land_cells":36,"land_fraction":1.0},"geometry":{"type":"Polygon","coordinates":[[[-66.5,1.5],[-63.5,1.5],[-63.5,4.5],[-66.5,4.5],[-66.5,1.5]]]}},{"type":"Feature","id":2196,"properties":{"mascon_id":2196,"cells":36,"land_cells":36,"land_fraction":1.0},"geometry":{"type":"Polygon","coordinates":[[[-63.5,1.5],[-60.5,1.5],[-60.5,4.5],[-63.5,4.5],[-63.5,1.5]]]}},{"type":"Feature","id":2197,"properties":{"mascon_id":2197,"cells":36,"land_cells":36,"land_fraction":1.0},"geometry":{"type":"Polygon","coordinates":[[[-60.5,1.5],[-57.5,1.5],[-57.5,4.5],[-60.5,4.5],[-60.5,1.5]]]}},{"type":"Feature","id":2198,"properties":{"mascon_id":2198,"cells":36,"land_cells":36,"land_fraction":1.0},"geometry":{"type":"Polygon","coordinates":[[[-57.5,1.5],[-54.5,1.5],[-54.5,4.5],[-57.5,4.5],[-57.5,1.5]]]}},{"type":"Feature","id":2199,"properties":{"mascon_id":2199,"cells":36,"land_cells":36,"land_fraction":1.0},"geometry":{"type":"Polygon","coordinates":[[[-54.5,1.5],[-51.5,1.5],[-51.5,4.5],[-54.5,4.5],[-54.5,1.5]]]}},{"type":"Feature","id":2200,"properties":{"mascon_id":2200,"cells":36,"land_cells":8,"land_fraction":0.222},"geometry":{"type":"Polygon","coordinates":[[[-51.5,1.5],[-48.5,1.5],[-48.5,4.5],[-51.5,4.5],[-51.5,1.5]]]}},{"type":"Feature","id":2220,"properties":{"mascon_id":2220,"cells":36,"land_cells":32,"land_fraction":0.889},"geometry":{"type":"Polygon","coordinates":[[[9.0,-1.5],[12.0,-1.5],[12.0,1.5],[9.0,1.5],[9.0,-1.5]]]}},{"type":"Feature","id":2221,"properties":{"mascon_id":2221,"cells":36,"land_cells":36,"land_fraction":1.0},"geometry":{"type":"Polygon","coordinates":[[[12.0,-1.5],[15.0,-1.5],[15.0,1.5],[12.0,1.5],[12.0,-1.5]]]}},{"type":"Feature","id":2222,"properties":{"mascon_id":2222,"cells":36,"land_cells":36,"land_fraction":1.0},"geometry":{"type":"Polygon","coordinates":[[[15.0,-1.5],[18.0,-1.5],[18.0,1.5],[15.0,1.5],[15.0,-1.5]]]}},{"type":"Feature","id":2223,"properties":{"mascon_id":2223,"cells":36,"land_cells":36,"land_fraction":1.0},"geometry":{"type":"Polygon","coordinates":[[[18.0,-1.5],[21.0,-1.5],[21.0,1.5],[18.0,1.5],[18.0,-1.5]]]}},{"type":"Feature","id":2224,"properties":{"mascon_id":2224,"cells":36,"land_cells":36,"land_fraction":1.0},"geometry":{"type":"Polygon","coordinates":[[[21.0,-1.5],[24.0,-1.5],[24.0,1.5],[21.0,1.5],[21.0,-1.5]]]}},{"type":"Feature","id":2225,"properties":{"mascon_id":2225,"cells":36,"land_cells":36,"land_fraction":1.0},"geometry":{"type":"Polygon","coordinates":[[[24.0,-1.5],[27.0,-1.5],[27.0,1.5],[24.0,1.5],[24.0,-1.5]]]}},{"type":"Feature","id":2226,"properties":{"mascon_id":2226,"cells":36,"land_cells":36,"land_fraction":1.0},"geometry":{"type":"Polygon","coordinates":[[[27.0,-1.5],[30.0,-1.5],[30.0,1.5],[27.0,1.5],[27.0,-1.5]]]}},{"type":"Feature","id":2227,"properties":{"mascon_id":2227,"cells":42,"land_cells":42,"land_fraction":1.0},"geometry":{"type":"Polygon","coordinates":[[[30.0,-1.5],[33.5,-1.5],[33.5,1.5],[30.0,1.5],[30.0,-1.5]]]}},{"type":"Feature","id":2228,"properties":{"mascon_id":2228,"cells":36,"land_cells":36,"land_fraction":1.0},"geometry":{"type":"Polygon","coordinates":[[[33.5,-1.5],[36.5,-1.5],[36.5,1.5],[33.5,1.5],[33.5,-1.5]]]}},{"type":"Feature","id":2229,"properties":{"mascon_id":2229,"cells":36,"land_cells":36,"land_fraction":1.0},"geometry":{"type":"Polygon","coordinates":[[[36.5,-1.5],[39.5,-1.5],[39.5,1.5],[36.5,1.5],[36.5,-1.5]]]}},{"type":"Feature","id":2230,"properties":{"mascon_id":2230,"cells":36,"land_cells":34,"land_fraction":0.944},"geometry":{"type":"Polygon","coordinates":[[[39.5,-1.5],[42.5,-1.5],[42.5,1.5],[39.5,1.5],[39.5,-1.5]]]}},{"type":"Feature","id":2231,"properties":{"mascon_id":2231,"cells":36,"land_cells":6,"land_fraction":0.167},"geometry":{"type":"Polygon","coordinates":[[[42.5,-1.5],[45.5,-1.5],[45.5,1.5],[42.5,1.5],[42.5,-1.5]]]}},{"type":"Feature","id":2249,"properties":{"mascon_id":2249,"cells":36,"land_cells":5,"land_fraction":0.139},"geometry":{"type":"Polygon","coordinates":[[[97.0,-1.5],[100.0,-1.5],[100.0,1.5],[97.0,1.5],[97.0,-1.5]]]}},{"type":"Feature","id":2250,"properties":{"mascon_id":2250,"cells":36,"land_cells":34,"land_fraction":0.944},"geometry":{"type":"Polygon","coordinates":[[[100.0,-1.5],[103.0,-1.5],[103.0,1.5],[100.0,1.5],[100.0,-1.5]]]}},{"type":"Feature","id":2251,"properties":{"mascon_id":2251,"cells":36,"land_cells":6,"land_fraction":0.167},"geometry":{"type":"Polygon","coordinates":[[[103.0,-1.5],[106.0,-1.5],[106.0,1.5],[103.0,1.5],[103.0,-1.5]]]}},{"type":"Feature","id":2253,"properties":{"mascon_id":2253,"cells":36,"land_cells":33,"land_fraction":0.917},"geometry":{"type":"Polygon","coordinates":[[[109.0,-1.5],[112.0,-1.5],[112.0,1.5],[109.0,1.5],[109.0,-1.5]]]}},{"type":"Feature","id":2254,"properties":{"mascon_id":2254,"cells":36,"land_cells":36,"land_fraction":1.0},"geometry":{"type":"Polygon","coordinates":[[[112.0,-1.5],[115.0,-1.5],[115.0,1.5],[112.0,1.5],[112.0,-1.5]]]}},{"type":"Feature","id":2255,"properties":{"mascon_id":2255,"cells":36,"land_cells":31,"land_fraction":0.861},"geometry":{"type":"Polygon","coordinates":[[[115.0,-1.5],[118.0,-1.5],[118.0,1.5],[115.0,1.5],[115.0,-1.5]]]}},{"type":"Feature","id":2256,"properties":{"mascon_id":2256,"cells":36,"land_cells":6,"land_fraction":0.167},"geometry":{"type":"Polygon","coordinates":[[[118.0,-1.5],[121.0,-1.5],[121.0,1.5],[118.0,1.5],[118.0,-1.5]]]}},{"type":"Feature","id":2257,"properties":{"mascon_id":2257,"cells":36,"land_cells":10,"land_fraction":0.278},"geometry":{"type":"Polygon","coordinates":[[[121.0,-1.5],[124.0,-1.5],[124.0,1.5],[121.0,1.5],[121.0,-1.5]]]}},{"type":"Feature","id":2258,"properties":{"mascon_id":2258,"cells":36,"land_cells":2,"land_fraction":0.056},"geometry":{"type":"Polygon","coordinates":[[[124.0,-1.5],[127.0,-1.5],[127.0,1.5],[124.0,1.5],[124.0,-1.5]]]}},{"type":"Feature","id":2260,"properties":{"mascon_id":2260,"cells":36,"land_cells":7,"land_fraction":0.194},"geometry":{"type":"Polygon","coordinates":[[[130.0,-1.5],[133.0,-1.5],[133.0,1.5],[130.0,1.5],[130.0,-1.5]]]}},{"type":"Feature","id":2261,"properties":{"mascon_id":2261,"cells":36,"land_cells":4,"land_fraction":0.111},"geometry":{"type":"Polygon","coordinates":[[[133.0,-1.5],[136.0,-1.5],[136.0,1.5],[133.0,1.5],[133.0,-1.5]]]}},{"type":"Feature","id":2309,"properties":{"mascon_id":2309,"cells":36,"land_cells":20,"land_fraction":0.556},"geometry":{"type":"Polygon","coordinates":[[[-81.5,-1.5],[-78.5,-1.5],[-78.5,1.5],[-81.5,1.5],[-81.5,-1.5]]]}},{"type":"Feature","id":2310,"properties":{"mascon_id":2310,"cells":36,"land_cells":36,"land_fraction":1.0},"geometry":{"type":"Polygon","coordinates":[[[-78.5,-1.5],[-75.5,-1.5],[-75.5,1.5],[-78.5,1.5],[-78.5,-1.5]]]}},{"type":"Feature","id":2311,"properties":{"mascon_id":2311,"cells":36,"land_cells":36,"land_fraction":1.0},"geometry":{"type":"Polygon","coordinates":[[[-75.5,-1.5],[-72.5,-1.5],[-72.5,1.5],[-75.5,1.5],[-75.5,-1.5]]]}},{"type":"Feature","id":2312,"properties":{"mascon_id":2312,"cells":36,"land_cells":36,"land_fraction":1.0},"geometry":{"type":"Polygon","coordinates":[[[-72.5,-1.5],[-69.5,-1.5],[-69.5,1.5],[-72.5,1.5],[-72.5,-1.5]]]}},{"type":"Feature","id":2313,"properties":{"mascon_id":2313,"cells":36,"land_cells":36,"land_fraction":1.0},"geometry":{"type":"Polygon","coordinates":[[[-69.5,-1.5],[-66.5,-1.5],[-66.5,1.5],[-69.5,1.5],[-69.5,-1.5]]]}},{"type":"Feature","id":2314,"properties":{"mascon_id":2314,"cells":36,"land_cells":36,"land_fraction":1.0},"geometry":{"type":"Polygon","coordinates":[[[-66.5,-1.5],[-63.5,-1.5],[-63.5,1.5],[-66.5,1.5],[-66.5,-1.5]]]}},{"type":"Feature","id":2315,"properties":{"mascon_id":2315,"cells":36,"land_cells":36,"land_fraction":1.0},"geometry":{"type":"Polygon","coordinates":[[[-63.5,-1.5],[-60.5,-1.5],[-60.5,1.5],[-63.5,1.5],[-63.5,-1.5]]]}},{"type":"Feature","id":2316,"properties":{"mascon_id":2316,"cells":36,"land_cells":36,"land_fraction":1.0},"geometry":{"type":"Polygon","coordinates":[[[-60.5,-1.5],[-57.5,-1.5],[-57.5,1.5],[-60.5,1.5],[-60.5,-1.5]]]}},{"type":"Feature","id":2317,"properties":{"mascon_id":2317,"cells":36,"land_cells":36,"land_fraction":1.0},"geometry":{"type":"Polygon","coordinates":[[[-57.5,-1.5],[-54.5,-1.5],[-54.5,1.5],[-57.5,1.5],[-57.5,-1.5]]]}},{"type":"Feature","id":2318,"properties":{"mascon_id":2318,"cells":36,"land_cells":36,"land_fraction":1.0},"geometry":{"type":"Polygon","coordinates":[[[-54.5,-1.5],[-51.5,-1.5],[-51.5,1.5],[-54.5,1.5],[-54.5,-1.5]]]}},{"type":"Feature","id":2319,"properties":{"mascon_id":2319,"cells":36,"land_cells":27,"land_fraction":0.75},"geometry":{"type":"Polygon","coordinates":[[[-51.5,-1.5],[-48.5,-1.5],[-48.5,1.5],[-51.5,1.5],[-51.5,-1.5]]]}},{"type":"Feature","id":2320,"properties":{"mascon_id":2320,"cells":36,"land_cells":8,"land_fraction":0.222},"geometry":{"type":"Polygon","coordinates":[[[-48.5,-1.5],[-45.5,-1.5],[-45.5,1.5],[-48.5,1.5],[-48.5,-1.5]]]}},{"type":"Feature","id":2339,"properties":{"mascon_id":2339,"cells":36,"land_cells":20,"land_fraction":0.556},"geometry":{"type":"Polygon","coordinates":[[[9.0,-4.5],[12.0,-4.5],[12.0,-1.5],[9.0,-1.5],[9.0,-4.5]]]}},{"type":"Feature","id":2340,"properties":{"mascon_id":2340,"cells":36,"land_cells":36,"land_fraction":1.0},"geometry":{"type":"Polygon","coordinates":[[[12.0,-4.5],[15.0,-4.5],[15.0,-1.5],[12.0,-1.5],[12.0,-4.5]]]}},{"type":"Feature","id":2341,"properties":{"mascon_id":2341,"cells":36,"land_cells":36,"land_fraction":1.0},"geometry":{"type":"Polygon","coordinates":[[[15.0,-4.5],[18.0,-4.5],[18.0,-1.5],[15.0,-1.5],[15.0,-4.5]]]}},{"type":"Feature","id":2342,"properties":{"mascon_id":2342,"cells":36,"land_cells":36,"land_fraction":1.0},"geometry":{"type":"Polygon","coordinates":[[[18.0,-4.5],[21.0,-4.5],[21.0,-1.5],[18.0,-1.5],[18.0,-4.5]]]}},{"type":"Feature","id":2343,"properties":{"mascon_id":2343,"cells":36,"land_cells":36,"land_fraction":1.0},"geometry":{"type":"Polygon","coordinates":[[[21.0,-4.5],[24.0,-4.5],[24.0,-1.5],[21.0,-1.5],[21.0,-4.5]]]}},{"type":"Feature","id":2344,"properties":{"mascon_id":2344,"cells":36,"land_cells":36,"land_fraction":1.0},"geometry":{"type":"Polygon","coordinates":[[[24.0,-4.5],[27.0,-4.5],[27.0,-1.5],[24.0,-1.5],[24.0,-4.5]]]}},{"type":"Feature","id":2345,"properties":{"mascon_id":2345,"cells":36,"land_cells":36,"land_fraction":1.0},"geometry":{"type":"Polygon","coordinates":[[[27.0,-4.5],[30.0,-4.5],[30.0,-1.5],[27.0,-1.5],[27.0,-4.5]]]}},{"type":"Feature","id":2346,"properties":{"mascon_id":2346,"cells":42,"land_cells":42,"land_fraction":1.0},"geometry":{"type":"Polygon","coordinates":[[[30.0,-4.5],[33.5,-4.5],[33.5,-1.5],[30.0,-1.5],[30.0,-4.5]]]}},{"type":"Feature","id":2347,"properties":{"mascon_id":2347,"cells":36,"land_cells":36,"land_fraction":1.0},"geometry":{"type":"Polygon","coordinates":[[[33.5,-4.5],[36.5,-4.5],[36.5,-1.5],[33.5,-1.5],[33.5,-4.5]]]}},{"type":"Feature","id":2348,"properties":{"mascon_id":2348,"cells":36,"land_cells":36,"land_fraction":1.0},"geometry":{"type":"Polygon","coordinates":[[[36.5,-4.5],[39.5,-4.5],[39.5,-1.5],[36.5,-1.5],[36.5,-4.5]]]}},{"type":"Feature","id":2349,"properties":{"mascon_id":2349,"cells":36,"land_cells":10,"land_fraction":0.278},"geometry":{"type":"Polygon","coordinates":[[[39.5,-4.5],[42.5,-4.5],[42.5,-1.5],[39.5,-1.5],[39.5,-4.5]]]}},{"type":"Feature","id":2369,"properties":{"mascon_id":2369,"cells":36,"land_cells":18,"land_fraction":0.5},"geometry":{"type":"Polygon","coordinates":[[[100.0,-4.5],[103.0,-4.5],[103.0,-1.5],[100.0,-1.5],[100.0,-4.5]]]}},{"type":"Feature","id":2370,"properties":{"mascon_id":2370,"cells":36,"land_cells":33,"land_fraction":0.917},"geometry":{"type":"Polygon","coordinates":[[[103.0,-4.5],[106.0,-4.5],[106.0,-1.5],[103.0,-1.5],[103.0,-4.5]]]}},{"type":"Feature","id":2371,"properties":{"mascon_id":2371,"cells":36,"land_cells":1,"land_fraction":0.028},"geometry":{"type":"Polygon","coordinates":[[[106.0,-4.5],[109.0,-4.5],[109.0,-1.5],[106.0,-1.5],[106.0,-4.5]]]}},{"type":"Feature","id":2372,"properties":{"mascon_id":2372,"cells":36,"land_cells":11,"land_fraction":0.306},"geometry":{"type":"Polygon","coordinates":[[[109.0,-4.5],[112.0,-4.5],[112.0,-1.5],[109.0,-1.5],[109.0,-4.5]]]}},{"type":"Feature","id":2373,"properties":{"mascon_id":2373,"cells":36,"land_cells":24,"land_fraction":0.667},"geometry":{"type":"Polygon","coordinates":[[[112.0,-4.5],[115.0,-4.5],[115.0,-1.5],[112.0,-1.5],[112.0,-4.5]]]}},{"type":"Feature","id":2374,"properties":{"mascon_id":2374,"cells":36,"land_cells":13,"land_fraction":0.361},"geometry":{"type":"Polygon","coordinates":[[[115.0,-4.5],[118.0,-4.5],[118.0,-1.5],[115.0,-1.5],[115.0,-4.5]]]}},{"type":"Feature","id":2375,"properties":{"mascon_id":2375,"cells":36,"land_cells":17,"land_fraction":0.472},"geometry":{"type":"Polygon","coordinates":[[[118.0,-4.5],[121.0,-4.5],[121.0,-1.5],[118.0,-1.5],[118.0,-4.5]]]}},{"type":"Feature","id":2376,"properties":{"mascon_id":2376,"cells":36,"land_cells":14,"land_fraction":0.389},"geometry":{"type":"Polygon","coordinates":[[[121.0,-4.5],[124.0,-4.5],[124.0,-1.5],[121.0,-1.5],[121.0,-4.5]]]}},{"type":"Feature","id":2379,"properties":{"mascon_id":2379,"cells":36,"land_cells":6,"land_fraction":0.167},"geometry":{"type":"Polygon","coordinates":[[[130.0,-4.5],[133.0,-4.5],[133.0,-1.5],[130.0,-1.5],[130.0,-4.5]]]}},{"type":"Feature","id":2380,"properties":{"mascon_id":2380,"cells":36,"land_cells":19,"land_fraction":0.528},"geometry":{"type":"Polygon","coordinates":[[[133.0,-4.5],[136.0,-4.5],[136.0,-1.5],[133.0,-1.5],[133.0,-4.5]]]}},{"type":"Feature","id":2381,"properties":{"mascon_id":2381,"cells":36,"land_cells":31,"land_fraction":0.861},"geometry":{"type":"Polygon","coordinates":[[[136.0,-4.5],[139.0,-4.5],[139.0,-1.5],[136.0,-1.5],[136.0,-4.5]]]}},{"type":"Feature","id":2382,"properties":{"mascon_id":2382,"cells":36,"land_cells":24,"land_fraction":0.667},"geometry":{"type":"Polygon","coordinates":[[[139.0,-4.5],[142.0,-4.5],[142.0,-1.5],[139.0,-1.5],[139.0,-4.5]]]}},{"type":"Feature","id":2383,"properties":{"mascon_id":2383,"cells":36,"land_cells":11,"land_fraction":0.306},"geometry":{"type":"Polygon","coordinates":[[[142.0,-4.5],[145.0,-4.5],[145.0,-1.5],[142.0,-1.5],[142.0,-4.5]]]}},{"type":"Feature","id":2386,"properties":{"mascon_id":2386,"cells":36,"land_cells":1,"land_fraction":0.028},"geometry":{"type":"Polygon","coordinates":[[[151.5,-4.5],[154.5,-4.5],[154.5,-1.5],[151.5,-1.5],[151.5,-4.5]]]}},{"type":"Feature","id":2428,"properties":{"mascon_id":2428,"cells":36,"land_cells":25,"land_fraction":0.694},"geometry":{"type":"Polygon","coordinates":[[[-81.5,-4.5],[-78.5,-4.5],[-78.5,-1.5],[-81.5,-1.5],[-81.5,-4.5]]]}},{"type":"Feature","id":2429,"properties":{"mascon_id":2429,"cells":36,"land_cells":36,"land_fraction":1.0},"geometry":{"type":"Polygon","coordinates":[[[-78.5,-4.5],[-75.5,-4.5],[-75.5,-1.5],[-78.5,-1.5],[-78.5,-4.5]]]}},{"type":"Feature","id":2430,"properties":{"mascon_id":2430,"cells":36,"land_cells":36,"land_fraction":1.0},"geometry":{"type":"Polygon","coordinates":[[[-75.5,-4.5],[-72.5,-4.5],[-72.5,-1.5],[-75.5,-1.5],[-75.5,-4.5]]]}},{"type":"Feature","id":2431,"properties":{"mascon_id":2431,"cells":36,"land_cells":36,"land_fraction":1.0},"geometry":{"type":"Polygon","coordinates":[[[-72.5,-4.5],[-69.5,-4.5],[-69.5,-1.5],[-72.5,-1.5],[-72.5,-4.5]]]}},{"type":"Feature","id":2432,"properties":{"mascon_id":2432,"cells":36,"land_cells":36,"land_fraction":1.0},"geometry":{"type":"Polygon","coordinates":[[[-69.5,-4.5],[-66.5,-4.5],[-66.5,-1.5],[-69.5,-1.5],[-69.5,-4.5]]]}},{"type":"Feature","id":2433,"properties":{"mascon_id":2433,"cells":36,"land_cells":36,"land_fraction":1.0},"geometry":{"type":"Polygon","coordinates":[[[-66.5,-4.5],[-63.5,-4.5],[-63.5,-1.5],[-66.5,-1.5],[-66.5,-4.5]]]}},{"type":"Feature","id":2434,"properties":{"mascon_id":2434,"cells":36,"land_cells":36,"land_fraction":1.0},"geometry":{"type":"Polygon","coordinates":[[[-63.5,-4.5],[-60.5,-4.5],[-60.5,-1.5],[-63.5,-1.5],[-63.5,-4.5]]]}},{"type":"Feature","id":2435,"properties":{"mascon_id":2435,"cells":36,"land_cells":36,"land_fraction":1.0},"geometry":{"type":"Polygon","coordinates":[[[-60.5,-4.5],[-57.5,-4.5],[-57.5,-1.5],[-60.5,-1.5],[-60.5,-4.5]]]}},{"type":"Feature","id":2436,"properties":{"mascon_id":2436,"cells":36,"land_cells":36,"land_fraction":1.0},"geometry":{"type":"Polygon","coordinates":[[[-57.5,-4.5],[-54.5,-4.5],[-54.5,-1.5],[-57.5,-1.5],[-57.5,-4.5]]]}},{"type":"Feature","id":2437,"properties":{"mascon_id":2437,"cells":36,"land_cells":36,"land_fraction":1.0},"geometry":{"type":"Polygon","coordinates":[[[-54.5,-4.5],[-51.5,-4.5],[-51.5,-1.5],[-54.5,-1.5],[-54.5,-4.5]]]}},{"type":"Feature","id":2438,"properties":{"mascon_id":2438,"cells":36,"land_cells":36,"land_fraction":1.0},"geometry":{"type":"Polygon","coordinates":[[[-51.5,-4.5],[-48.5,-4.5],[-48.5,-1.5],[-51.5,-1.5],[-51.5,-4.5]]]}},{"type":"Feature","id":2439,"properties":{"mascon_id":2439,"cells":36,"land_cells":36,"land_fraction":1.0},"geometry":{"type":"Polygon","coordinates":[[[-48.5,-4.5],[-45.5,-4.5],[-45.5,-1.5],[-48.5,-1.5],[-48.5,-4.5]]]}},{"type":"Feature","id":2440,"properties":{"mascon_id":2440,"cells":36,"land_cells":28,"land_fraction":0.778},"geometry":{"type":"Polygon","coordinates":[[[-45.5,-4.5],[-42.5,-4.5],[-42.5,-1.5],[-45.5,-1.5],[-45.5,-4.5]]]}},{"type":"Feature","id":2441,"properties":{"mascon_id":2441,"cells":36,"land_cells":19,"land_fraction":0.528},"geometry":{"type":"Polygon","coordinates":[[[-42.5,-4.5],[-39.5,-4.5],[-39.5,-1.5],[-42.5,-1.5],[-42.5,-4.5]]]}},{"type":"Feature","id":2442,"properties":{"mascon_id":2442,"cells":36,"land_cells":5,"land_fraction":0.139},"geometry":{"type":"Polygon","coordinates":[[[-39.5,-4.5],[-36.5,-4.5],[-36.5,-1.5],[-39.5,-1.5],[-39.5,-4.5]]]}},{"type":"Feature","id":2459,"properties":{"mascon_id":2459,"cells":36,"land_cells":32,"land_fraction":0.889},"geometry":{"type":"Polygon","coordinates":[[[12.0,-7.5],[15.0,-7.5],[15.0,-4.5],[12.0,-4.5],[12.0,-7.5]]]}},{"type":"Feature","id":2460,"properties":{"mascon_id":2460,"cells":36,"land_cells":36,"land_fraction":1.0},"geometry":{"type":"Polygon","coordinates":[[[15.0,-7.5],[18.0,-7.5],[18.0,-4.5],[15.0,-4.5],[15.0,-7.5]]]}},{"type":"Feature","id":2461,"properties":{"mascon_id":2461,"cells":36,"land_cells":36,"land_fraction":1.0},"geometry":{"type":"Polygon","coordinates":[[[18.0,-7.5],[21.0,-7.5],[21.0,-4.5],[18.0,-4.5],[18.0,-7.5]]]}},{"type":"Feature","id":2462,"properties":{"mascon_id":2462,"cells":36,"land_cells":36,"land_fraction":1.0},"geometry":{"type":"Polygon","coordinates":[[[21.0,-7.5],[24.0,-7.5],[24.0,-4.5],[21.0,-4.5],[21.0,-7.5]]]}},{"type":"Feature","id":2463,"properties":{"mascon_id":2463,"cells":36,"land_cells":36,"land_fraction":1.0},"geometry":{"type":"Polygon","coordinates":[[[24.0,-7.5],[27.0,-7.5],[27.0,-4.5],[24.0,-4.5],[24.0,-7.5]]]}},{"type":"Feature","id":2464,"properties":{"mascon_id":2464,"cells":36,"land_cells":36,"land_fraction":1.0},"geometry":{"type":"Polygon","coordinates":[[[27.0,-7.5],[30.0,-7.5],[30.0,-4.5],[27.0,-4.5],[27.0,-7.5]]]}},{"type":"Feature","id":2465,"properties":{"mascon_id":2465,"cells":42,"land_cells":42,"land_fraction":1.0},"geometry":{"type":"Polygon","coordinates":[[[30.0,-7.5],[33.5,-7.5],[33.5,-4.5],[30.0,-4.5],[30.0,-7.5]]]}},{"type":"Feature","id":2466,"properties":{"mascon_id":2466,"cells":36,"land_cells":36,"land_fraction":1.0},"geometry":{"type":"Polygon","coordinates":[[[33.5,-7.5],[36.5,-7.5],[36.5,-4.5],[33.5,-4.5],[33.5,-7.5]]]}},{"type":"Feature","id":2467,"properties":{"mascon_id":2467,"cells":36,"land_cells":33,"land_fraction":0.917},"geometry":{"type":"Polygon","coordinates":[[[36.5,-7.5],[39.5,-7.5],[39.5,-4.5],[36.5,-4.5],[36.5,-7.5]]]}},{"type":"Feature","id":2489,"properties":{"mascon_id":2489,"cells":36,"land_cells":10,"land_fraction":0.278},"geometry":{"type":"Polygon","coordinates":[[[103.0,-7.5],[106.0,-7.5],[106.0,-4.5],[103.0,-4.5],[103.0,-7.5]]]}},{"type":"Feature","id":2490,"properties":{"mascon_id":2490,"cells":36,"land_cells":14,"land_fraction":0.389},"geometry":{"type":"Polygon","coordinates":[[[106.0,-7.5],[109.0,-7.5],[109.0,-4.5],[106.0,-4.5],[106.0,-7.5]]]}},{"type":"Feature","id":2491,"properties":{"mascon_id":2491,"cells":36,"land_cells":9,"land_fraction":0.25},"geometry":{"type":"Polygon","coordinates":[[[109.0,-7.5],[112.0,-7.5],[112.0,-4.5],[109.0,-4.5],[109.0,-7.5]]]}},{"type":"Feature","id":2492,"properties":{"mascon_id":2492,"cells":36,"land_cells":2,"land_fraction":0.056},"geometry":{"type":"Polygon","coordinates":[[[112.0,-7.5],[115.0,-7.5],[115.0,-4.5],[112.0,-4.5],[112.0,-7.5]]]}},{"type":"Feature","id":2494,"properties":{"mascon_id":2494,"cells":36,"land_cells":4,"land_fraction":0.111},"geometry":{"type":"Polygon","coordinates":[[[118.0,-7.5],[121.0,-7.5],[121.0,-4.5],[118.0,-4.5],[118.0,-7.5]]]}},{"type":"Feature","id":2495,"properties":{"mascon_id":2495,"cells":36,"land_cells":3,"land_fraction":0.083},"geometry":{"type":"Polygon","coordinates":[[[121.0,-7.5],[124.0,-7.5],[124.0,-4.5],[121.0,-4.5],[121.0,-7.5]]]}},{"type":"Feature","id":2500,"properties":{"mascon_id":2500,"cells":36,"land_cells":13,"land_fraction":0.361},"geometry":{"type":"Polygon","coordinates":[[[136.0,-7.5],[139.0,-7.5],[139.0,-4.5],[136.0,-4.5],[136.0,-7.5]]]}},{"type":"Feature","id":2501,"properties":{"mascon_id":2501,"cells":36,"land_cells":36,"land_fraction":1.0},"geometry":{"type":"Polygon","coordinates":[[[139.0,-7.5],[142.0,-7.5],[142.0,-4.5],[139.0,-4.5],[139.0,-7.5]]]}},{"type":"Feature","id":2502,"properties":{"mascon_id":2502,"cells":36,"land_cells":36,"land_fraction":1.0},"geometry":{"type":"Polygon","coordinates":[[[142.0,-7.5],[145.0,-7.5],[145.0,-4.5],[142.0,-4.5],[142.0,-7.5]]]}},{"type":"Feature","id":2503,"properties":{"mascon_id":2503,"cells":36,"land_cells":19,"land_fraction":0.528},"geometry":{"type":"Polygon","coordinates":[[[145.0,-7.5],[148.0,-7.5],[148.0,-4.5],[145.0,-4.5],[145.0,-7.5]]]}},{"type":"Feature","id":2504,"properties":{"mascon_id":2504,"cells":42,"land_cells":9,"land_fraction":0.214},"geometry":{"type":"Polygon","coordinates":[[[148.0,-7.5],[151.5,-7.5],[151.5,-4.5],[148.0,-4.5],[148.0,-7.5]]]}},{"type":"Feature","id":2505,"properties":{"mascon_id":2505,"cells":36,"land_cells":3,"land_fraction":0.083},"geometry":{"type":"Polygon","coordinates":[[[151.5,-7.5],[154.5,-7.5],[154.5,-4.5],[151.5,-4.5],[151.5,-7.5]]]}},{"type":"Feature","id":2547,"properties":{"mascon_id":2547,"cells":36,"land_cells":25,"land_fraction":0.694},"geometry":{"type":"Polygon","coordinates":[[[-81.5,-7.5],[-78.5,-7.5],[-78.5,-4.5],[-81.5,-4.5],[-81.5,-7.5]]]}},{"type":"Feature","id":2548,"properties":{"mascon_id":2548,"cells":36,"land_cells":36,"land_fraction":1.0},"geometry":{"type":"Polygon","coordinates":[[[-78.5,-7.5],[-75.5,-7.5],[-75.5,-4.5],[-78.5,-4.5],[-78.5,-7.5]]]}},{"type":"Feature","id":2549,"properties":{"mascon_id":2549,"cells":36,"land_cells":36,"land_fraction":1.0},"geometry":{"type":"Polygon","coordinates":[[[-75.5,-7.5],[-72.5,-7.5],[-72.5,-4.5],[-75.5,-4.5],[-75.5,-7.5]]]}},{"type":"Feature","id":2550,"properties":{"mascon_id":2550,"cells":36,"land_cells":36,"land_fraction":1.0},"geometry":{"type":"Polygon","coordinates":[[[-72.5,-7.5],[-69.5,-7.5],[-69.5,-4.5],[-72.5,-4.5],[-72.5,-7.5]]]}},{"type":"Feature","id":2551,"properties":{"mascon_id":2551,"cells":36,"land_cells":36,"land_fraction":1.0},"geometry":{"type":"Polygon","coordinates":[[[-69.5,-7.5],[-66.5,-7.5],[-66.5,-4.5],[-69.5,-4.5],[-69.5,-7.5]]]}},{"type":"Feature","id":2552,"properties":{"mascon_id":2552,"cells":36,"land_cells":36,"land_fraction":1.0},"geometry":{"type":"Polygon","coordinates":[[[-66.5,-7.5],[-63.5,-7.5],[-63.5,-4.5],[-66.5,-4.5],[-66.5,-7.5]]]}},{"type":"Feature","id":2553,"properties":{"mascon_id":2553,"cells":36,"land_cells":36,"land_fraction":1.0},"geometry":{"type":"Polygon","coordinates":[[[-63.5,-7.5],[-60.5,-7.5],[-60.5,-4.5],[-63.5,-4.5],[-63.5,-7.5]]]}},{"type":"Feature","id":2554,"properties":{"mascon_id":2554,"cells":36,"land_cells":36,"land_fraction":1.0},"geometry":{"type":"Polygon","coordinates":[[[-60.5,-7.5],[-57.5,-7.5],[-57.5,-4.5],[-60.5,-4.5],[-60.5,-7.5]]]}},{"type":"Feature","id":2555,"properties":{"mascon_id":2555,"cells":36,"land_cells":36,"land_fraction":1.0},"geometry":{"type":"Polygon","coordinates":[[[-57.5,-7.5],[-54.5,-7.5],[-54.5,-4.5],[-57.5,-4.5],[-57.5,-7.5]]]}},{"type":"Feature","id":2556,"properties":{"mascon_id":2556,"cells":36,"land_cells":36,"land_fraction":1.0},"geometry":{"type":"Polygon","coordinates":[[[-54.5,-7.5],[-51.5,-7.5],[-51.5,-4.5],[-54.5,-4.5],[-54.5,-7.5]]]}},{"type":"Feature","id":2557,"properties":{"mascon_id":2557,"cells":36,"land_cells":36,"land_fraction":1.0},"geometry":{"type":"Polygon","coordinates":[[[-51.5,-7.5],[-48.5,-7.5],[-48.5,-4.5],[-51.5,-4.5],[-51.5,-7.5]]]}},{"type":"Feature","id":2558,"properties":{"mascon_id":2558,"cells":36,"land_cells":36,"land_fraction":1.0},"geometry":{"type":"Polygon","coordinates":[[[-48.5,-7.5],[-45.5,-7.5],[-45.5,-4.5],[-48.5,-4.5],[-48.5,-7.5]]]}},{"type":"Feature","id":2559,"properties":{"mascon_id":2559,"cells":36,"land_cells":36,"land_fraction":1.0},"geometry":{"type":"Polygon","coordinates":[[[-45.5,-7.5],[-42.5,-7.5],[-42.5,-4.5],[-45.5,-4.5],[-45.5,-7.5]]]}},{"type":"Feature","id":2560,"properties":{"mascon_id":2560,"cells":36,"land_cells":36,"land_fraction":1.0},"geometry":{"type":"Polygon","coordinates":[[[-42.5,-7.5],[-39.5,-7.5],[-39.5,-4.5],[-42.5,-4.5],[-42.5,-7.5]]]}},{"type":"Feature","id":2561,"properties":{"mascon_id":2561,"cells":36,"land_cells":34,"land_fraction":0.944},"geometry":{"type":"Polygon","coordinates":[[[-39.5,-7.5],[-36.5,-7.5],[-36.5,-4.5],[-39.5,-4.5],[-39.5,-7.5]]]}},{"type":"Feature","id":2562,"properties":{"mascon_id":2562,"cells":36,"land_cells":14,"land_fraction":0.389},"geometry":{"type":"Polygon","coordinates":[[[-36.5,-7.5],[-33.5,-7.5],[-33.5,-4.5],[-36.5,-4.5],[-36.5,-7.5]]]}},{"type":"Feature","id":2578,"properties":{"mascon_id":2578,"cells":36,"land_cells":20,"land_fraction":0.556},"geometry":{"type":"Polygon","coordinates":[[[12.0,-10.5],[15.0,-10.5],[15.0,-7.5],[12.0,-7.5],[12.0,-10.5]]]}},{"type":"Feature","id":2579,"properties":{"mascon_id":2579,"cells":42,"land_cells":42,"land_fraction":1.0},"geometry":{"type":"Polygon","coordinates":[[[15.0,-10.5],[18.5,-10.5],[18.5,-7.5],[15.0,-7.5],[15.0,-10.5]]]}},{"type":"Feature","id":2580,"properties":{"mascon_id":2580,"cells":36,"land_cells":36,"land_fraction":1.0},"geometry":{"type":"Polygon","coordinates":[[[18.5,-10.5],[21.5,-10.5],[21.5,-7.5],[18.5,-7.5],[18.5,-10.5]]]}},{"type":"Feature","id":2581,"properties":{"mascon_id":2581,"cells":36,"land_cells":36,"land_fraction":1.0},"geometry":{"type":"Polygon","coordinates":[[[21.5,-10.5],[24.5,-10.5],[24.5,-7.5],[21.5,-7.5],[21.5,-10.5]]]}},{"type":"Feature","id":2582,"properties":{"mascon_id":2582,"cells":36,"land_cells":36,"land_fraction":1.0},"geometry":{"type":"Polygon","coordinates":[[[24.5,-10.5],[27.5,-10.5],[27.5,-7.5],[24.5,-7.5],[24.5,-10.5]]]}},{"type":"Feature","id":2583,"properties":{"mascon_id":2583,"cells":36,"land_cells":36,"land_fraction":1.0},"geometry":{"type":"Polygon","coordinates":[[[27.5,-10.5],[30.5,-10.5],[30.5,-7.5],[27.5,-7.5],[27.5,-10.5]]]}},{"type":"Feature","id":2584,"properties":{"mascon_id":2584,"cells":36,"land_cells":36,"land_fraction":1.0},"geometry":{"type":"Polygon","coordinates":[[[30.5,-10.5],[33.5,-10.5],[33.5,-7.5],[30.5,-7.5],[30.5,-10.5]]]}},{"type":"Feature","id":2585,"properties":{"mascon_id":2585,"cells":36,"land_cells":36,"land_fraction":1.0},"geometry":{"type":"Polygon","coordinates":[[[33.5,-10.5],[36.5,-10.5],[36.5,-7.5],[33.5,-7.5],[33.5,-10.5]]]}},{"type":"Feature","id":2586,"properties":{"mascon_id":2586,"cells":36,"land_cells":36,"land_fraction":1.0},"geometry":{"type":"Polygon","coordinates":[[[36.5,-10.5],[39.5,-10.5],[39.5,-7.5],[36.5,-7.5],[36.5,-10.5]]]}},{"type":"Feature","id":2587,"properties":{"mascon_id":2587,"cells":36,"land_cells":1,"land_fraction":0.028},"geometry":{"type":"Polygon","coordinates":[[[39.5,-10.5],[42.5,-10.5],[42.5,-7.5],[39.5,-7.5],[39.5,-10.5]]]}},{"type":"Feature","id":2609,"properties":{"mascon_id":2609,"cells":36,"land_cells":2,"land_fraction":0.056},"geometry":{"type":"Polygon","coordinates":[[[107.0,-10.5],[110.0,-10.5],[110.0,-7.5],[107.0,-7.5],[107.0,-10.5]]]}},{"type":"Feature","id":2610,"properties":{"mascon_id":2610,"cells":36,"land_cells":10,"land_fraction":0.278},"geometry":{"type":"Polygon","coordinates":[[[110.0,-10.5],[113.0,-10.5],[113.0,-7.5],[110.0,-7.5],[110.0,-10.5]]]}},{"type":"Feature","id":2611,"properties":{"mascon_id":2611,"cells":36,"land_cells":8,"land_fraction":0.222},"geometry":{"type":"Polygon","coordinates":[[[113.0,-10.5],[116.0,-10.5],[116.0,-7.5],[113.0,-7.5],[113.0,-10.5]]]}},{"type":"Feature","id":2614,"properties":{"mascon_id":2614,"cells":36,"land_cells":5,"land_fraction":0.139},"geometry":{"type":"Polygon","coordinates":[[[122.0,-10.5],[125.0,-10.5],[125.0,-7.5],[122.0,-7.5],[122.0,-10.5]]]}},{"type":"Feature","id":2615,"properties":{"mascon_id":2615,"cells":36,"land_cells":5,"land_fraction":0.139},"geometry":{"type":"Polygon","coordinates":[[[125.0,-10.5],[128.0,-10.5],[128.0,-7.5],[125.0,-7.5],[125.0,-10.5]]]}},{"type":"Feature","id":2619,"properties":{"mascon_id":2619,"cells":36,"land_cells":8,"land_fraction":0.222},"geometry":{"type":"Polygon","coordinates":[[[137.5,-10.5],[140.5,-10.5],[140.5,-7.5],[137.5,-7.5],[137.5,-10.5]]]}},{"type":"Feature","id":2620,"properties":{"mascon_id":2620,"cells":36,"land_cells":19,"land_fraction":0.528},"geometry":{"type":"Polygon","coordinates":[[[140.5,-10.5],[143.5,-10.5],[143.5,-7.5],[140.5,-7.5],[140.5,-10.5]]]}},{"type":"Feature","id":2621,"properties":{"mascon_id":2621,"cells":36,"land_cells":5,"land_fraction":0.139},"geometry":{"type":"Polygon","coordinates":[[[143.5,-10.5],[146.5,-10.5],[146.5,-7.5],[143.5,-7.5],[143.5,-10.5]]]}},{"type":"Feature","id":2622,"properties":{"mascon_id":2622,"cells":36,"land_cells":18,"land_fraction":0.5},"geometry":{"type":"Polygon","coordinates":[[[146.5,-10.5],[149.5,-10.5],[149.5,-7.5],[146.5,-7.5],[146.5,-10.5]]]}},{"type":"Feature","id":2623,"properties":{"mascon_id":2623,"cells":36,"land_cells":3,"land_fraction":0.083},"geometry":{"type":"Polygon","coordinates":[[[149.5,-10.5],[152.5,-10.5],[152.5,-7.5],[149.5,-7.5],[149.5,-10.5]]]}},{"type":"Feature","id":2666,"properties":{"mascon_id":2666,"cells":36,"land_cells":26,"land_fraction":0.722},"geometry":{"type":"Polygon","coordinates":[[[-79.5,-10.5],[-76.5,-10.5],[-76.5,-7.5],[-79.5,-7.5],[-79.5,-10.5]]]}},{"type":"Feature","id":2667,"properties":{"mascon_id":2667,"cells":42,"land_cells":42,"land_fraction":1.0},"geometry":{"type":"Polygon","coordinates":[[[-76.5,-10.5],[-73.0,-10.5],[-73.0,-7.5],[-76.5,-7.5],[-76.5,-10.5]]]}},{"type":"Feature","id":2668,"properties":{"mascon_id":2668,"cells":36,"land_cells":36,"land_fraction":1.0},"geometry":{"type":"Polygon","coordinates":[[[-73.0,-10.5],[-70.0,-10.5],[-70.0,-7.5],[-73.0,-7.5],[-73.0,-10.5]]]}},{"type":"Feature","id":2669,"properties":{"mascon_id":2669,"cells":36,"land_cells":36,"land_fraction":1.0},"geometry":{"type":"Polygon","coordinates":[[[-70.0,-10.5],[-67.0,-10.5],[-67.0,-7.5],[-70.0,-7.5],[-70.0,-10.5]]]}},{"type":"Feature","id":2670,"properties":{"mascon_id":2670,"cells":36,"land_cells":36,"land_fraction":1.0},"geometry":{"type":"Polygon","coordinates":[[[-67.0,-10.5],[-64.0,-10.5],[-64.0,-7.5],[-67.0,-7.5],[-67.0,-10.5]]]}},{"type":"Feature","id":2671,"properties":{"mascon_id":2671,"cells":36,"land_cells":36,"land_fraction":1.0},"geometry":{"type":"Polygon","coordinates":[[[-64.0,-10.5],[-61.0,-10.5],[-61.0,-7.5],[-64.0,-7.5],[-64.0,-10.5]]]}},{"type":"Feature","id":2672,"properties":{"mascon_id":2672,"cells":36,"land_cells":36,"land_fraction":1.0},"geometry":{"type":"Polygon","coordinates":[[[-61.0,-10.5],[-58.0,-10.5],[-58.0,-7.5],[-61.0,-7.5],[-61.0,-10.5]]]}},{"type":"Feature","id":2673,"properties":{"mascon_id":2673,"cells":36,"land_cells":36,"land_fraction":1.0},"geometry":{"type":"Polygon","coordinates":[[[-58.0,-10.5],[-55.0,-10.5],[-55.0,-7.5],[-58.0,-7.5],[-58.0,-10.5]]]}},{"type":"Feature","id":2674,"properties":{"mascon_id":2674,"cells":36,"land_cells":36,"land_fraction":1.0},"geometry":{"type":"Polygon","coordinates":[[[-55.0,-10.5],[-52.0,-10.5],[-52.0,-7.5],[-55.0,-7.5],[-55.0,-10.5]]]}},{"type":"Feature","id":2675,"properties":{"mascon_id":2675,"cells":36,"land_cells":36,"land_fraction":1.0},"geometry":{"type":"Polygon","coordinates":[[[-52.0,-10.5],[-49.0,-10.5],[-49.0,-7.5],[-52.0,-7.5],[-52.0,-10.5]]]}},{"type":"Feature","id":2676,"properties":{"mascon_id":2676,"cells":36,"land_cells":36,"land_fraction":1.0},"geometry":{"type":"Polygon","coordinates":[[[-49.0,-10.5],[-46.0,-10.5],[-46.0,-7.5],[-49.0,-7.5],[-49.0,-10.5]]]}},{"type":"Feature","id":2677,"properties":{"mascon_id":2677,"cells":42,"land_cells":42,"land_fraction":1.0},"geometry":{"type":"Polygon","coordinates":[[[-46.0,-10.5],[-42.5,-10.5],[-42.5,-7.5],[-46.0,-7.5],[-46.0,-10.5]]]}},{"type":"Feature","id":2678,"properties":{"mascon_id":2678,"cells":36,"land_cells":36,"land_fraction":1.0},"geometry":{"type":"Polygon","coordinates":[[[-42.5,-10.5],[-39.5,-10.5],[-39.5,-7.5],[-42.5,-7.5],[-42.5,-10.5]]]}},{"type":"Feature","id":2679,"properties":{"mascon_id":2679,"cells":36,"land_cells":36,"land_fraction":1.0},"geometry":{"type":"Polygon","coordinates":[[[-39.5,-10.5],[-36.5,-10.5],[-36.5,-7.5],[-39.5,-7.5],[-39.5,-10.5]]]}},{"type":"Feature","id":2680,"properties":{"mascon_id":2680,"cells":36,"land_cells":13,"land_fraction":0.361},"geometry":{"type":"Polygon","coordinates":[[[-36.5,-10.5],[-33.5,-10.5],[-33.5,-7.5],[-36.5,-7.5],[-36.5,-10.5]]]}},{"type":"Feature","id":2696,"properties":{"mascon_id":2696,"cells":36,"land_cells":24,"land_fraction":0.667},"geometry":{"type":"Polygon","coordinates":[[[12.5,-13.5],[15.5,-13.5],[15.5,-10.5],[12.5,-10.5],[12.5,-13.5]]]}},{"type":"Feature","id":2697,"properties":{"mascon_id":2697,"cells":36,"land_cells":36,"land_fraction":1.0},"geometry":{"type":"Polygon","coordinates":[[[15.5,-13.5],[18.5,-13.5],[18.5,-10.5],[15.5,-10.5],[15.5,-13.5]]]}},{"type":"Feature","id":2698,"properties":{"mascon_id":2698,"cells":36,"land_cells":36,"land_fraction":1.0},"geometry":{"type":"Polygon","coordinates":[[[18.5,-13.5],[21.5,-13.5],[21.5,-10.5],[18.5,-10.5],[18.5,-13.5]]]}},{"type":"Feature","id":2699,"properties":{"mascon_id":2699,"cells":36,"land_cells":36,"land_fraction":1.0},"geometry":{"type":"Polygon","coordinates":[[[21.5,-13.5],[24.5,-13.5],[24.5,-10.5],[21.5,-10.5],[21.5,-13.5]]]}},{"type":"Feature","id":2700,"properties":{"mascon_id":2700,"cells":36,"land_cells":36,"land_fraction":1.0},"geometry":{"type":"Polygon","coordinates":[[[24.5,-13.5],[27.5,-13.5],[27.5,-10.5],[24.5,-10.5],[24.5,-13.5]]]}},{"type":"Feature","id":2701,"properties":{"mascon_id":2701,"cells":42,"land_cells":42,"land_fraction":1.0},"geometry":{"type":"Polygon","coordinates":[[[27.5,-13.5],[31.0,-13.5],[31.0,-10.5],[27.5,-10.5],[27.5,-13.5]]]}},{"type":"Feature","id":2702,"properties":{"mascon_id":2702,"cells":36,"land_cells":36,"land_fraction":1.0},"geometry":{"type":"Polygon","coordinates":[[[31.0,-13.5],[34.0,-13.5],[34.0,-10.5],[31.0,-10.5],[31.0,-13.5]]]}},{"type":"Feature","id":2703,"properties":{"mascon_id":2703,"cells":36,"land_cells":36,"land_fraction":1.0},"geometry":{"type":"Polygon","coordinates":[[[34.0,-13.5],[37.0,-13.5],[37.0,-10.5],[34.0,-10.5],[34.0,-13.5]]]}},{"type":"Feature","id":2704,"properties":{"mascon_id":2704,"cells":36,"land_cells":36,"land_fraction":1.0},"geometry":{"type":"Polygon","coordinates":[[[37.0,-13.5],[40.0,-13.5],[40.0,-10.5],[37.0,-10.5],[37.0,-13.5]]]}},{"type":"Feature","id":2705,"properties":{"mascon_id":2705,"cells":36,"land_cells":6,"land_fraction":0.167},"geometry":{"type":"Polygon","coordinates":[[[40.0,-13.5],[43.0,-13.5],[43.0,-10.5],[40.0,-10.5],[40.0,-13.5]]]}},{"type":"Feature","id":2708,"properties":{"mascon_id":2708,"cells":42,"land_cells":4,"land_fraction":0.095},"geometry":{"type":"Polygon","coordinates":[[[49.0,-13.5],[52.5,-13.5],[52.5,-10.5],[49.0,-10.5],[49.0,-13.5]]]}},{"type":"Feature","id":2734,"properties":{"mascon_id":2734,"cells":42,"land_cells":12,"land_fraction":0.286},"geometry":{"type":"Polygon","coordinates":[[[129.0,-13.5],[132.5,-13.5],[132.5,-10.5],[129.0,-10.5],[129.0,-13.5]]]}},{"type":"Feature","id":2735,"properties":{"mascon_id":2735,"cells":36,"land_cells":20,"land_fraction":0.556},"geometry":{"type":"Polygon","coordinates":[[[132.5,-13.5],[135.5,-13.5],[135.5,-10.5],[132.5,-10.5],[132.5,-13.5]]]}},{"type":"Feature","id":2736,"properties":{"mascon_id":2736,"cells":36,"land_cells":5,"land_fraction":0.139},"geometry":{"type":"Polygon","coordinates":[[[135.5,-13.5],[138.5,-13.5],[138.5,-10.5],[135.5,-10.5],[135.5,-13.5]]]}},{"type":"Feature","id":2738,"properties":{"mascon_id":2738,"cells":36,"land_cells":14,"land_fraction":0.389},"geometry":{"type":"Polygon","coordinates":[[[141.5,-13.5],[144.5,-13.5],[144.5,-10.5],[141.5,-10.5],[141.5,-13.5]]]}},{"type":"Feature","id":2783,"properties":{"mascon_id":2783,"cells":36,"land_cells":3,"land_fraction":0.083},"geometry":{"type":"Polygon","coordinates":[[[-80.0,-13.5],[-77.0,-13.5],[-77.0,-10.5],[-80.0,-10.5],[-80.0,-13.5]]]}},{"type":"Feature","id":2784,"properties":{"mascon_id":2784,"cells":36,"land_cells":34,"land_fraction":0.944},"geometry":{"type":"Polygon","coordinates":[[[-77.0,-13.5],[-74.0,-13.5],[-74.0,-10.5],[-77.0,-10.5],[-77.0,-13.5]]]}},{"type":"Feature","id":2785,"properties":{"mascon_id":2785,"cells":36,"land_cells":36,"land_fraction":1.0},"geometry":{"type":"Polygon","coordinates":[[[-74.0,-13.5],[-71.0,-13.5],[-71.0,-10.5],[-74.0,-10.5],[-74.0,-13.5]]]}},{"type":"Feature","id":2786,"properties":{"mascon_id":2786,"cells":42,"land_cells":42,"land_fraction":1.0},"geometry":{"type":"Polygon","coordinates":[[[-71.0,-13.5],[-67.5,-13.5],[-67.5,-10.5],[-71.0,-10.5],[-71.0,-13.5]]]}},{"type":"Feature","id":2787,"properties":{"mascon_id":2787,"cells":36,"land_cells":36,"land_fraction":1.0},"geometry":{"type":"Polygon","coordinates":[[[-67.5,-13.5],[-64.5,-13.5],[-64.5,-10.5],[-67.5,-10.5],[-67.5,-13.5]]]}},{"type":"Feature","id":2788,"properties":{"mascon_id":2788,"cells":36,"land_cells":36,"land_fraction":1.0},"geometry":{"type":"Polygon","coordinates":[[[-64.5,-13.5],[-61.5,-13.5],[-61.5,-10.5],[-64.5,-10.5],[-64.5,-13.5]]]}},{"type":"Feature","id":2789,"properties":{"mascon_id":2789,"cells":36,"land_cells":36,"land_fraction":1.0},"geometry":{"type":"Polygon","coordinates":[[[-61.5,-13.5],[-58.5,-13.5],[-58.5,-10.5],[-61.5,-10.5],[-61.5,-13.5]]]}},{"type":"Feature","id":2790,"properties":{"mascon_id":2790,"cells":36,"land_cells":36,"land_fraction":1.0},"geometry":{"type":"Polygon","coordinates":[[[-58.5,-13.5],[-55.5,-13.5],[-55.5,-10.5],[-58.5,-10.5],[-58.5,-13.5]]]}},{"type":"Feature","id":2791,"properties":{"mascon_id":2791,"cells":36,"land_cells":36,"land_fraction":1.0},"geometry":{"type":"Polygon","coordinates":[[[-55.5,-13.5],[-52.5,-13.5],[-52.5,-10.5],[-55.5,-10.5],[-55.5,-13.5]]]}},{"type":"Feature","id":2792,"properties":{"mascon_id":2792,"cells":42,"land_cells":42,"land_fraction":1.0},"geometry":{"type":"Polygon","coordinates":[[[-52.5,-13.5],[-49.0,-13.5],[-49.0,-10.5],[-52.5,-10.5],[-52.5,-13.5]]]}},{"type":"Feature","id":2793,"properties":{"mascon_id":2793,"cells":36,"land_cells":36,"land_fraction":1.0},"geometry":{"type":"Polygon","coordinates":[[[-49.0,-13.5],[-46.0,-13.5],[-46.0,-10.5],[-49.0,-10.5],[-49.0,-13.5]]]}},{"type":"Feature","id":2794,"properties":{"mascon_id":2794,"cells":36,"land_cells":36,"land_fraction":1.0},"geometry":{"type":"Polygon","coordinates":[[[-46.0,-13.5],[-43.0,-13.5],[-43.0,-10.5],[-46.0,-10.5],[-46.0,-13.5]]]}},{"type":"Feature","id":2795,"properties":{"mascon_id":2795,"cells":36,"land_cells":36,"land_fraction":1.0},"geometry":{"type":"Polygon","coordinates":[[[-43.0,-13.5],[-40.0,-13.5],[-40.0,-10.5],[-43.0,-10.5],[-43.0,-13.5]]]}},{"type":"Feature","id":2796,"properties":{"mascon_id":2796,"cells":36,"land_cells":27,"land_fraction":0.75},"geometry":{"type":"Polygon","coordinates":[[[-40.0,-13.5],[-37.0,-13.5],[-37.0,-10.5],[-40.0,-10.5],[-40.0,-13.5]]]}},{"type":"Feature","id":2812,"properties":{"mascon_id":2812,"cells":36,"land_cells":3,"land_fraction":0.083},"geometry":{"type":"Polygon","coordinates":[[[9.5,-16.5],[12.5,-16.5],[12.5,-13.5],[9.5,-13.5],[9.5,-16.5]]]}},{"type":"Feature","id":2813,"properties":{"mascon_id":2813,"cells":36,"land_cells":36,"land_fraction":1.0},"geometry":{"type":"Polygon","coordinates":[[[12.5,-16.5],[15.5,-16.5],[15.5,-13.5],[12.5,-13.5],[12.5,-16.5]]]}},{"type":"Feature","id":2814,"properties":{"mascon_id":2814,"cells":42,"land_cells":42,"land_fraction":1.0},"geometry":{"type":"Polygon","coordinates":[[[15.5,-16.5],[19.0,-16.5],[19.0,-13.5],[15.5,-13.5],[15.5,-16.5]]]}},{"type":"Feature","id":2815,"properties":{"mascon_id":2815,"cells":36,"land_cells":36,"land_fraction":1.0},"geometry":{"type":"Polygon","coordinates":[[[19.0,-16.5],[22.0,-16.5],[22.0,-13.5],[19.0,-13.5],[19.0,-16.5]]]}},{"type":"Feature","id":2816,"properties":{"mascon_id":2816,"cells":36,"land_cells":36,"land_fraction":1.0},"geometry":{"type":"Polygon","coordinates":[[[22.0,-16.5],[25.0,-16.5],[25.0,-13.5],[22.0,-13.5],[22.0,-16.5]]]}},{"type":"Feature","id":2817,"properties":{"mascon_id":2817,"cells":36,"land_cells":36,"land_fraction":1.0},"geometry":{"type":"Polygon","coordinates":[[[25.0,-16.5],[28.0,-16.5],[28.0,-13.5],[25.0,-13.5],[25.0,-16.5]]]}},{"type":"Feature","id":2818,"properties":{"mascon_id":2818,"cells":42,"land_cells":42,"land_fraction":1.0},"geometry":{"type":"Polygon","coordinates":[[[28.0,-16.5],[31.5,-16.5],[31.5,-13.5],[28.0,-13.5],[28.0,-16.5]]]}},{"type":"Feature","id":2819,"properties":{"mascon_id":2819,"cells":36,"land_cells":36,"land_fraction":1.0},"geometry":{"type":"Polygon","coordinates":[[[31.5,-16.5],[34.5,-16.5],[34.5,-13.5],[31.5,-13.5],[31.5,-16.5]]]}},{"type":"Feature","id":2820,"properties":{"mascon_id":2820,"cells":36,"land_cells":36,"land_fraction":1.0},"geometry":{"type":"Polygon","coordinates":[[[34.5,-16.5],[37.5,-16.5],[37.5,-13.5],[34.5,-13.5],[34.5,-16.5]]]}},{"type":"Feature","id":2821,"properties":{"mascon_id":2821,"cells":36,"land_cells":35,"land_fraction":0.972},"geometry":{"type":"Polygon","coordinates":[[[37.5,-16.5],[40.5,-16.5],[40.5,-13.5],[37.5,-13.5],[37.5,-16.5]]]}},{"type":"Feature","id":2822,"properties":{"mascon_id":2822,"cells":42,"land_cells":1,"land_fraction":0.024},"geometry":{"type":"Polygon","coordinates":[[[40.5,-16.5],[44.0,-16.5],[44.0,-13.5],[40.5,-13.5],[40.5,-16.5]]]}},{"type":"Feature","id":2823,"properties":{"mascon_id":2823,"cells":36,"land_cells":7,"land_fraction":0.194},"geometry":{"type":"Polygon","coordinates":[[[44.0,-16.5],[47.0,-16.5],[47.0,-13.5],[44.0,-13.5],[44.0,-16.5]]]}},{"type":"Feature","id":2824,"properties":{"mascon_id":2824,"cells":36,"land_cells":30,"land_fraction":0.833},"geometry":{"type":"Polygon","coordinates":[[[47.0,-16.5],[50.0,-16.5],[50.0,-13.5],[47.0,-13.5],[47.0,-16.5]]]}},{"type":"Feature","id":2825,"properties":{"mascon_id":2825,"cells":36,"land_cells":2,"land_fraction":0.056},"geometry":{"type":"Polygon","coordinates":[[[50.0,-16.5],[53.0,-16.5],[53.0,-13.5],[50.0,-13.5],[50.0,-16.5]]]}},{"type":"Feature","id":2848,"properties":{"mascon_id":2848,"cells":36,"land_cells":2,"land_fraction":0.056},"geometry":{"type":"Polygon","coordinates":[[[122.0,-16.5],[125.0,-16.5],[125.0,-13.5],[122.0,-13.5],[122.0,-16.5]]]}},{"type":"Feature","id":2849,"properties":{"mascon_id":2849,"cells":42,"land_cells":30,"land_fraction":0.714},"geometry":{"type":"Polygon","coordinates":[[[125.0,-16.5],[128.5,-16.5],[128.5,-13.5],[125.0,-13.5],[125.0,-16.5]]]}},{"type":"Feature","id":2850,"properties":{"mascon_id":2850,"cells":36,"land_cells":29,"land_fraction":0.806},"geometry":{"type":"Polygon","coordinates":[[[128.5,-16.5],[131.5,-16.5],[131.5,-13.5],[128.5,-13.5],[128.5,-16.5]]]}},{"type":"Feature","id":2851,"properties":{"mascon_id":2851,"cells":36,"land_cells":36,"land_fraction":1.0},"geometry":{"type":"Polygon","coordinates":[[[131.5,-16.5],[134.5,-16.5],[134.5,-13.5],[131.5,-13.5],[131.5,-16.5]]]}},{"type":"Feature","id":2852,"properties":{"mascon_id":2852,"cells":36,"land_cells":21,"land_fraction":0.583},"geometry":{"type":"Polygon","coordinates":[[[134.5,-16.5],[137.5,-16.5],[137.5,-13.5],[134.5,-13.5],[134.5,-16.5]]]}},{"type":"Feature","id":2854,"properties":{"mascon_id":2854,"cells":36,"land_cells":28,"land_fraction":0.778},"geometry":{"type":"Polygon","coordinates":[[[141.0,-16.5],[144.0,-16.5],[144.0,-13.5],[141.0,-13.5],[141.0,-16.5]]]}},{"type":"Feature","id":2855,"properties":{"mascon_id":2855,"cells":36,"land_cells":11,"land_fraction":0.306},"geometry":{"type":"Polygon","coordinates":[[[144.0,-16.5],[147.0,-16.5],[147.0,-13.5],[144.0,-13.5],[144.0,-16.5]]]}},{"type":"Feature","id":2899,"properties":{"mascon_id":2899,"cells":42,"land_cells":6,"land_fraction":0.143},"geometry":{"type":"Polygon","coordinates":[[[-78.5,-16.5],[-75.0,-16.5],[-75.0,-13.5],[-78.5,-13.5],[-78.5,-16.5]]]}},{"type":"Feature","id":2900,"properties":{"mascon_id":2900,"cells":36,"land_cells":32,"land_fraction":0.889},"geometry":{"type":"Polygon","coordinates":[[[-75.0,-16.5],[-72.0,-16.5],[-72.0,-13.5],[-75.0,-13.5],[-75.0,-16.5]]]}},{"type":"Feature","id":2901,"properties":{"mascon_id":2901,"cells":36,"land_cells":36,"land_fraction":1.0},"geometry":{"type":"Polygon","coordinates":[[[-72.0,-16.5],[-69.0,-16.5],[-69.0,-13.5],[-72.0,-13.5],[-72.0,-16.5]]]}},{"type":"Feature","id":2902,"properties":{"mascon_id":2902,"cells":42,"land_cells":42,"land_fraction":1.0},"geometry":{"type":"Polygon","coordinates":[[[-69.0,-16.5],[-65.5,-16.5],[-65.5,-13.5],[-69.0,-13.5],[-69.0,-16.5]]]}},{"type":"Feature","id":2903,"properties":{"mascon_id":2903,"cells":36,"land_cells":36,"land_fraction":1.0},"geometry":{"type":"Polygon","coordinates":[[[-65.5,-16.5],[-62.5,-16.5],[-62.5,-13.5],[-65.5,-13.5],[-65.5,-16.5]]]}},{"type":"Feature","id":2904,"properties":{"mascon_id":2904,"cells":36,"land_cells":36,"land_fraction":1.0},"geometry":{"type":"Polygon","coordinates":[[[-62.5,-16.5],[-59.5,-16.5],[-59.5,-13.5],[-62.5,-13.5],[-62.5,-16.5]]]}},{"type":"Feature","id":2905,"properties":{"mascon_id":2905,"cells":36,"land_cells":36,"land_fraction":1.0},"geometry":{"type":"Polygon","coordinates":[[[-59.5,-16.5],[-56.5,-16.5],[-56.5,-13.5],[-59.5,-13.5],[-59.5,-16.5]]]}},{"type":"Feature","id":2906,"properties":{"mascon_id":2906,"cells":42,"land_cells":42,"land_fraction":1.0},"geometry":{"type":"Polygon","coordinates":[[[-56.5,-16.5],[-53.0,-16.5],[-53.0,-13.5],[-56.5,-13.5],[-56.5,-16.5]]]}},{"type":"Feature","id":2907,"properties":{"mascon_id":2907,"cells":36,"land_cells":36,"land_fraction":1.0},"geometry":{"type":"Polygon","coordinates":[[[-53.0,-16.5],[-50.0,-16.5],[-50.0,-13.5],[-53.0,-13.5],[-53.0,-16.5]]]}},{"type":"Feature","id":2908,"properties":{"mascon_id":2908,"cells":36,"land_cells":36,"land_fraction":1.0},"geometry":{"type":"Polygon","coordinates":[[[-50.0,-16.5],[-47.0,-16.5],[-47.0,-13.5],[-50.0,-13.5],[-50.0,-16.5]]]}},{"type":"Feature","id":2909,"properties":{"mascon_id":2909,"cells":36,"land_cells":36,"land_fraction":1.0},"geometry":{"type":"Polygon","coordinates":[[[-47.0,-16.5],[-44.0,-16.5],[-44.0,-13.5],[-47.0,-13.5],[-47.0,-16.5]]]}},{"type":"Feature","id":2910,"properties":{"mascon_id":2910,"cells":42,"land_cells":42,"land_fraction":1.0},"geometry":{"type":"Polygon","coordinates":[[[-44.0,-16.5],[-40.5,-16.5],[-40.5,-13.5],[-44.0,-13.5],[-44.0,-16.5]]]}},{"type":"Feature","id":2911,"properties":{"mascon_id":2911,"cells":36,"land_cells":18,"land_fraction":0.5},"geometry":{"type":"Polygon","coordinates":[[[-40.5,-16.5],[-37.5,-16.5],[-37.5,-13.5],[-40.5,-13.5],[-40.5,-16.5]]]}},{"type":"Feature","id":2927,"properties":{"mascon_id":2927,"cells":36,"land_cells":4,"land_fraction":0.111},"geometry":{"type":"Polygon","coordinates":[[[9.5,-19.5],[12.5,-19.5],[12.5,-16.5],[9.5,-16.5],[9.5,-19.5]]]}},{"type":"Feature","id":2928,"properties":{"mascon_id":2928,"cells":42,"land_cells":42,"land_fraction":1.0},"geometry":{"type":"Polygon","coordinates":[[[12.5,-19.5],[16.0,-19.5],[16.0,-16.5],[12.5,-16.5],[12.5,-19.5]]]}},{"type":"Feature","id":2929,"properties":{"mascon_id":2929,"cells":36,"land_cells":36,"land_fraction":1.0},"geometry":{"type":"Polygon","coordinates":[[[16.0,-19.5],[19.0,-19.5],[19.0,-16.5],[16.0,-16.5],[16.0,-19.5]]]}},{"type":"Feature","id":2930,"properties":{"mascon_id":2930,"cells":36,"land_cells":36,"land_fraction":1.0},"geometry":{"type":"Polygon","coordinates":[[[19.0,-19.5],[22.0,-19.5],[22.0,-16.5],[19.0,-16.5],[19.0,-19.5]]]}},{"type":"Feature","id":2931,"properties":{"mascon_id":2931,"cells":42,"land_cells":42,"land_fraction":1.0},"geometry":{"type":"Polygon","coordinates":[[[22.0,-19.5],[25.5,-19.5],[25.5,-16.5],[22.0,-16.5],[22.0,-19.5]]]}},{"type":"Feature","id":2932,"properties":{"mascon_id":2932,"cells":36,"land_cells":36,"land_fraction":1.0},"geometry":{"type":"Polygon","coordinates":[[[25.5,-19.5],[28.5,-19.5],[28.5,-16.5],[25.5,-16.5],[25.5,-19.5]]]}},{"type":"Feature","id":2933,"properties":{"mascon_id":2933,"cells":36,"land_cells":36,"land_fraction":1.0},"geometry":{"type":"Polygon","coordinates":[[[28.5,-19.5],[31.5,-19.5],[31.5,-16.5],[28.5,-16.5],[28.5,-19.5]]]}},{"type":"Feature","id":2934,"properties":{"mascon_id":2934,"cells":36,"land_cells":36,"land_fraction":1.0},"geometry":{"type":"Polygon","coordinates":[[[31.5,-19.5],[34.5,-19.5],[34.5,-16.5],[31.5,-16.5],[31.5,-19.5]]]}},{"type":"Feature","id":2935,"properties":{"mascon_id":2935,"cells":42,"land_cells":30,"land_fraction":0.714},"geometry":{"type":"Polygon","coordinates":[[[34.5,-19.5],[38.0,-19.5],[38.0,-16.5],[34.5,-16.5],[34.5,-19.5]]]}},{"type":"Feature","id":2936,"properties":{"mascon_id":2936,"cells":36,"land_cells":3,"land_fraction":0.083},"geometry":{"type":"Polygon","coordinates":[[[38.0,-19.5],[41.0,-19.5],[41.0,-16.5],[38.0,-16.5],[38.0,-19.5]]]}},{"type":"Feature","id":2938,"properties":{"mascon_id":2938,"cells":42,"land_cells":40,"land_fraction":0.952},"geometry":{"type":"Polygon","coordinates":[[[44.0,-19.5],[47.5,-19.5],[47.5,-16.5],[44.0,-16.5],[44.0,-19.5]]]}},{"type":"Feature","id":2939,"properties":{"mascon_id":2939,"cells":36,"land_cells":23,"land_fraction":0.639},"geometry":{"type":"Polygon","coordinates":[[[47.5,-19.5],[50.5,-19.5],[50.5,-16.5],[47.5,-16.5],[47.5,-19.5]]]}},{"type":"Feature","id":2962,"properties":{"mascon_id":2962,"cells":36,"land_cells":13,"land_fraction":0.361},"geometry":{"type":"Polygon","coordinates":[[[120.0,-19.5],[123.0,-19.5],[123.0,-16.5],[120.0,-16.5],[120.0,-19.5]]]}},{"type":"Feature","id":2963,"properties":{"mascon_id":2963,"cells":42,"land_cells":41,"land_fraction":0.976},"geometry":{"type":"Polygon","coordinates":[[[123.0,-19.5],[126.5,-19.5],[126.5,-16.5],[123.0,-16.5],[123.0,-19.5]]]}},{"type":"Feature","id":2964,"properties":{"mascon_id":2964,"cells":36,"land_cells":36,"land_fraction":1.0},"geometry":{"type":"Polygon","coordinates":[[[126.5,-19.5],[129.5,-19.5],[129.5,-16.5],[126.5,-16.5],[126.5,-19.5]]]}},{"type":"Feature","id":2965,"properties":{"mascon_id":2965,"cells":36,"land_cells":36,"land_fraction":1.0},"geometry":{"type":"Polygon","coordinates":[[[129.5,-19.5],[132.5,-19.5],[132.5,-16.5],[129.5,-16.5],[129.5,-19.5]]]}},{"type":"Feature","id":2966,"properties":{"mascon_id":2966,"cells":42,"land_cells":42,"land_fraction":1.0},"geometry":{"type":"Polygon","coordinates":[[[132.5,-19.5],[136.0,-19.5],[136.0,-16.5],[132.5,-16.5],[132.5,-19.5]]]}},{"type":"Feature","id":2967,"properties":{"mascon_id":2967,"cells":36,"land_cells":35,"land_fraction":0.972},"geometry":{"type":"Polygon","coordinates":[[[136.0,-19.5],[139.0,-19.5],[139.0,-16.5],[136.0,-16.5],[136.0,-19.5]]]}},{"type":"Feature","id":2968,"properties":{"mascon_id":2968,"cells":36,"land_cells":29,"land_fraction":0.806},"geometry":{"type":"Polygon","coordinates":[[[139.0,-19.5],[142.0,-19.5],[142.0,-16.5],[139.0,-16.5],[139.0,-19.5]]]}},{"type":"Feature","id":2969,"properties":{"mascon_id":2969,"cells":42,"land_cells":42,"land_fraction":1.0},"geometry":{"type":"Polygon","coordinates":[[[142.0,-19.5],[145.5,-19.5],[145.5,-16.5],[142.0,-16.5],[142.0,-19.5]]]}},{"type":"Feature","id":2970,"properties":{"mascon_id":2970,"cells":36,"land_cells":8,"land_fraction":0.222},"geometry":{"type":"Polygon","coordinates":[[[145.5,-19.5],[148.5,-19.5],[148.5,-16.5],[145.5,-16.5],[145.5,-19.5]]]}},{"type":"Feature","id":3015,"properties":{"mascon_id":3015,"cells":36,"land_cells":19,"land_fraction":0.528},"geometry":{"type":"Polygon","coordinates":[[[-72.5,-19.5],[-69.5,-19.5],[-69.5,-16.5],[-72.5,-16.5],[-72.5,-19.5]]]}},{"type":"Feature","id":3016,"properties":{"mascon_id":3016,"cells":36,"land_cells":36,"land_fraction":1.0},"geometry":{"type":"Polygon","coordinates":[[[-69.5,-19.5],[-66.5,-19.5],[-66.5,-16.5],[-69.5,-16.5],[-69.5,-19.5]]]}},{"type":"Feature","id":3017,"properties":{"mascon_id":3017,"cells":42,"land_cells":42,"land_fraction":1.0},"geometry":{"type":"Polygon","coordinates":[[[-66.5,-19.5],[-63.0,-19.5],[-63.0,-16.5],[-66.5,-16.5],[-66.5,-19.5]]]}},{"type":"Feature","id":3018,"properties":{"mascon_id":3018,"cells":36,"land_cells":36,"land_fraction":1.0},"geometry":{"type":"Polygon","coordinates":[[[-63.0,-19.5],[-60.0,-19.5],[-60.0,-16.5],[-63.0,-16.5],[-63.0,-19.5]]]}},{"type":"Feature","id":3019,"properties":{"mascon_id":3019,"cells":36,"land_cells":36,"land_fraction":1.0},"geometry":{"type":"Polygon","coordinates":[[[-60.0,-19.5],[-57.0,-19.5],[-57.0,-16.5],[-60.0,-16.5],[-60.0,-19.5]]]}},{"type":"Feature","id":3020,"properties":{"mascon_id":3020,"cells":42,"land_cells":42,"land_fraction":1.0},"geometry":{"type":"Polygon","coordinates":[[[-57.0,-19.5],[-53.5,-19.5],[-53.5,-16.5],[-57.0,-16.5],[-57.0,-19.5]]]}},{"type":"Feature","id":3021,"properties":{"mascon_id":3021,"cells":36,"land_cells":36,"land_fraction":1.0},"geometry":{"type":"Polygon","coordinates":[[[-53.5,-19.5],[-50.5,-19.5],[-50.5,-16.5],[-53.5,-16.5],[-53.5,-19.5]]]}},{"type":"Feature","id":3022,"properties":{"mascon_id":3022,"cells":36,"land_cells":36,"land_fraction":1.0},"geometry":{"type":"Polygon","coordinates":[[[-50.5,-19.5],[-47.5,-19.5],[-47.5,-16.5],[-50.5,-16.5],[-50.5,-19.5]]]}},{"type":"Feature","id":3023,"properties":{"mascon_id":3023,"cells":42,"land_cells":42,"land_fraction":1.0},"geometry":{"type":"Polygon","coordinates":[[[-47.5,-19.5],[-44.0,-19.5],[-44.0,-16.5],[-47.5,-16.5],[-47.5,-19.5]]]}},{"type":"Feature","id":3024,"properties":{"mascon_id":3024,"cells":36,"land_cells":36,"land_fraction":1.0},"geometry":{"type":"Polygon","coordinates":[[[-44.0,-19.5],[-41.0,-19.5],[-41.0,-16.5],[-44.0,-16.5],[-44.0,-19.5]]]}},{"type":"Feature","id":3025,"properties":{"mascon_id":3025,"cells":36,"land_cells":20,"land_fraction":0.556},"geometry":{"type":"Polygon","coordinates":[[[-41.0,-19.5],[-38.0,-19.5],[-38.0,-16.5],[-41.0,-16.5],[-41.0,-19.5]]]}},{"type":"Feature","id":3042,"properties":{"mascon_id":3042,"cells":36,"land_cells":29,"land_fraction":0.806},"geometry":{"type":"Polygon","coordinates":[[[13.0,-22.5],[16.0,-22.5],[16.0,-19.5],[13.0,-19.5],[13.0,-22.5]]]}},{"type":"Feature","id":3043,"properties":{"mascon_id":3043,"cells":42,"land_cells":42,"land_fraction":1.0},"geometry":{"type":"Polygon","coordinates":[[[16.0,-22.5],[19.5,-22.5],[19.5,-19.5],[16.0,-19.5],[16.0,-22.5]]]}},{"type":"Feature","id":3044,"properties":{"mascon_id":3044,"cells":36,"land_cells":36,"land_fraction":1.0},"geometry":{"type":"Polygon","coordinates":[[[19.5,-22.5],[22.5,-22.5],[22.5,-19.5],[19.5,-19.5],[19.5,-22.5]]]}},{"type":"Feature","id":3045,"properties":{"mascon_id":3045,"cells":36,"land_cells":36,"land_fraction":1.0},"geometry":{"type":"Polygon","coordinates":[[[22.5,-22.5],[25.5,-22.5],[25.5,-19.5],[22.5,-19.5],[22.5,-22.5]]]}},{"type":"Feature","id":3046,"properties":{"mascon_id":3046,"cells":42,"land_cells":42,"land_fraction":1.0},"geometry":{"type":"Polygon","coordinates":[[[25.5,-22.5],[29.0,-22.5],[29.0,-19.5],[25.5,-19.5],[25.5,-22.5]]]}},{"type":"Feature","id":3047,"properties":{"mascon_id":3047,"cells":36,"land_cells":36,"land_fraction":1.0},"geometry":{"type":"Polygon","coordinates":[[[29.0,-22.5],[32.0,-22.5],[32.0,-19.5],[29.0,-19.5],[29.0,-22.5]]]}},{"type":"Feature","id":3048,"properties":{"mascon_id":3048,"cells":42,"land_cells":37,"land_fraction":0.881},"geometry":{"type":"Polygon","coordinates":[[[32.0,-22.5],[35.5,-22.5],[35.5,-19.5],[32.0,-19.5],[32.0,-22.5]]]}},{"type":"Feature","id":3051,"properties":{"mascon_id":3051,"cells":36,"land_cells":13,"land_fraction":0.361},"geometry":{"type":"Polygon","coordinates":[[[42.0,-22.5],[45.0,-22.5],[45.0,-19.5],[42.0,-19.5],[42.0,-22.5]]]}},{"type":"Feature","id":3052,"properties":{"mascon_id":3052,"cells":36,"land_cells":36,"land_fraction":1.0},"geometry":{"type":"Polygon","coordinates":[[[45.0,-22.5],[48.0,-22.5],[48.0,-19.5],[45.0,-19.5],[45.0,-22.5]]]}},{"type":"Feature","id":3053,"properties":{"mascon_id":3053,"cells":42,"land_cells":5,"land_fraction":0.119},"geometry":{"type":"Polygon","coordinates":[[[48.0,-22.5],[51.5,-22.5],[51.5,-19.5],[48.0,-19.5],[48.0,-22.5]]]}},{"type":"Feature","id":3073,"properties":{"mascon_id":3073,"cells":36,"land_cells":3,"land_fraction":0.083},"geometry":{"type":"Polygon","coordinates":[[[112.5,-22.5],[115.5,-22.5],[115.5,-19.5],[112.5,-19.5],[112.5,-22.5]]]}},{"type":"Feature","id":3074,"properties":{"mascon_id":3074,"cells":42,"land_cells":26,"land_fraction":0.619},"geometry":{"type":"Polygon","coordinates":[[[115.5,-22.5],[119.0,-22.5],[119.0,-19.5],[115.5,-19.5],[115.5,-22.5]]]}},{"type":"Feature","id":3075,"properties":{"mascon_id":3075,"cells":36,"land_cells":33,"land_fraction":0.917},"geometry":{"type":"Polygon","coordinates":[[[119.0,-22.5],[122.0,-22.5],[122.0,-19.5],[119.0,-19.5],[119.0,-22.5]]]}},{"type":"Feature","id":3076,"properties":{"mascon_id":3076,"cells":42,"land_cells":42,"land_fraction":1.0},"geometry":{"type":"Polygon","coordinates":[[[122.0,-22.5],[125.5,-22.5],[125.5,-19.5],[122.0,-19.5],[122.0,-22.5]]]}},{"type":"Feature","id":3077,"properties":{"mascon_id":3077,"cells":36,"land_cells":36,"land_fraction":1.0},"geometry":{"type":"Polygon","coordinates":[[[125.5,-22.5],[128.5,-22.5],[128.5,-19.5],[125.5,-19.5],[125.5,-22.5]]]}},{"type":"Feature","id":3078,"properties":{"mascon_id":3078,"cells":42,"land_cells":42,"land_fraction":1.0},"geometry":{"type":"Polygon","coordinates":[[[128.5,-22.5],[132.0,-22.5],[132.0,-19.5],[128.5,-19.5],[128.5,-22.5]]]}},{"type":"Feature","id":3079,"properties":{"mascon_id":3079,"cells":36,"land_cells":36,"land_fraction":1.0},"geometry":{"type":"Polygon","coordinates":[[[132.0,-22.5],[135.0,-22.5],[135.0,-19.5],[132.0,-19.5],[132.0,-22.5]]]}},{"type":"Feature","id":3080,"properties":{"mascon_id":3080,"cells":36,"land_cells":36,"land_fraction":1.0},"geometry":{"type":"Polygon","coordinates":[[[135.0,-22.5],[138.0,-22.5],[138.0,-19.5],[135.0,-19.5],[135.0,-22.5]]]}},{"type":"Feature","id":3081,"properties":{"mascon_id":3081,"cells":42,"land_cells":42,"land_fraction":1.0},"geometry":{"type":"Polygon","coordinates":[[[138.0,-22.5],[141.5,-22.5],[141.5,-19.5],[138.0,-19.5],[138.0,-22.5]]]}},{"type":"Feature","id":3082,"properties":{"mascon_id":3082,"cells":36,"land_cells":36,"land_fraction":1.0},"geometry":{"type":"Polygon","coordinates":[[[141.5,-22.5],[144.5,-22.5],[144.5,-19.5],[141.5,-19.5],[141.5,-22.5]]]}},{"type":"Feature","id":3083,"properties":{"mascon_id":3083,"cells":42,"land_cells":41,"land_fraction":0.976},"geometry":{"type":"Polygon","coordinates":[[[144.5,-22.5],[148.0,-22.5],[148.0,-19.5],[144.5,-19.5],[144.5,-22.5]]]}},{"type":"Feature","id":3084,"properties":{"mascon_id":3084,"cells":36,"land_cells":11,"land_fraction":0.306},"geometry":{"type":"Polygon","coordinates":[[[148.0,-22.5],[151.0,-22.5],[151.0,-19.5],[148.0,-19.5],[148.0,-22.5]]]}},{"type":"Feature","id":3128,"properties":{"mascon_id":3128,"cells":36,"land_cells":30,"land_fraction":0.833},"geometry":{"type":"Polygon","coordinates":[[[-70.5,-22.5],[-67.5,-22.5],[-67.5,-19.5],[-70.5,-19.5],[-70.5,-22.5]]]}},{"type":"Feature","id":3129,"properties":{"mascon_id":3129,"cells":36,"land_cells":36,"land_fraction":1.0},"geometry":{"type":"Polygon","coordinates":[[[-67.5,-22.5],[-64.5,-22.5],[-64.5,-19.5],[-67.5,-19.5],[-67.5,-22.5]]]}},{"type":"Feature","id":3130,"properties":{"mascon_id":3130,"cells":42,"land_cells":42,"land_fraction":1.0},"geometry":{"type":"Polygon","coordinates":[[[-64.5,-22.5],[-61.0,-22.5],[-61.0,-19.5],[-64.5,-19.5],[-64.5,-22.5]]]}},{"type":"Feature","id":3131,"properties":{"mascon_id":3131,"cells":36,"land_cells":36,"land_fraction":1.0},"geometry":{"type":"Polygon","coordinates":[[[-61.0,-22.5],[-58.0,-22.5],[-58.0,-19.5],[-61.0,-19.5],[-61.0,-22.5]]]}},{"type":"Feature","id":3132,"properties":{"mascon_id":3132,"cells":42,"land_cells":42,"land_fraction":1.0},"geometry":{"type":"Polygon","coordinates":[[[-58.0,-22.5],[-54.5,-22.5],[-54.5,-19.5],[-58.0,-19.5],[-58.0,-22.5]]]}},{"type":"Feature","id":3133,"properties":{"mascon_id":3133,"cells":36,"land_cells":36,"land_fraction":1.0},"geometry":{"type":"Polygon","coordinates":[[[-54.5,-22.5],[-51.5,-22.5],[-51.5,-19.5],[-54.5,-19.5],[-54.5,-22.5]]]}},{"type":"Feature","id":3134,"properties":{"mascon_id":3134,"cells":42,"land_cells":42,"land_fraction":1.0},"geometry":{"type":"Polygon","coordinates":[[[-51.5,-22.5],[-48.0,-22.5],[-48.0,-19.5],[-51.5,-19.5],[-51.5,-22.5]]]}},{"type":"Feature","id":3135,"properties":{"mascon_id":3135,"cells":36,"land_cells":36,"land_fraction":1.0},"geometry":{"type":"Polygon","coordinates":[[[-48.0,-22.5],[-45.0,-22.5],[-45.0,-19.5],[-48.0,-19.5],[-48.0,-22.5]]]}},{"type":"Feature","id":3136,"properties":{"mascon_id":3136,"cells":36,"land_cells":36,"land_fraction":1.0},"geometry":{"type":"Polygon","coordinates":[[[-45.0,-22.5],[-42.0,-22.5],[-42.0,-19.5],[-45.0,-19.5],[-45.0,-22.5]]]}},{"type":"Feature","id":3137,"properties":{"mascon_id":3137,"cells":42,"land_cells":16,"land_fraction":0.381},"geometry":{"type":"Polygon","coordinates":[[[-42.0,-22.5],[-38.5,-22.5],[-38.5,-19.5],[-42.0,-19.5],[-42.0,-22.5]]]}},{"type":"Feature","id":3154,"properties":{"mascon_id":3154,"cells":42,"land_cells":23,"land_fraction":0.548},"geometry":{"type":"Polygon","coordinates":[[[13.0,-25.5],[16.5,-25.5],[16.5,-22.5],[13.0,-22.5],[13.0,-25.5]]]}},{"type":"Feature","id":3155,"properties":{"mascon_id":3155,"cells":42,"land_cells":42,"land_fraction":1.0},"geometry":{"type":"Polygon","coordinates":[[[16.5,-25.5],[20.0,-25.5],[20.0,-22.5],[16.5,-22.5],[16.5,-25.5]]]}},{"type":"Feature","id":3156,"properties":{"mascon_id":3156,"cells":36,"land_cells":36,"land_fraction":1.0},"geometry":{"type":"Polygon","coordinates":[[[20.0,-25.5],[23.0,-25.5],[23.0,-22.5],[20.0,-22.5],[20.0,-25.5]]]}},{"type":"Feature","id":3157,"properties":{"mascon_id":3157,"cells":42,"land_cells":42,"land_fraction":1.0},"geometry":{"type":"Polygon","coordinates":[[[23.0,-25.5],[26.5,-25.5],[26.5,-22.5],[23.0,-22.5],[23.0,-25.5]]]}},{"type":"Feature","id":3158,"properties":{"mascon_id":3158,"cells":36,"land_cells":36,"land_fraction":1.0},"geometry":{"type":"Polygon","coordinates":[[[26.5,-25.5],[29.5,-25.5],[29.5,-22.5],[26.5,-22.5],[26.5,-25.5]]]}},{"type":"Feature","id":3159,"properties":{"mascon_id":3159,"cells":42,"land_cells":42,"land_fraction":1.0},"geometry":{"type":"Polygon","coordinates":[[[29.5,-25.5],[33.0,-25.5],[33.0,-22.5],[29.5,-22.5],[29.5,-25.5]]]}},{"type":"Feature","id":3160,"properties":{"mascon_id":3160,"cells":42,"land_cells":25,"land_fraction":0.595},"geometry":{"type":"Polygon","coordinates":[[[33.0,-25.5],[36.5,-25.5],[36.5,-22.5],[33.0,-22.5],[33.0,-25.5]]]}},{"type":"Feature","id":3163,"properties":{"mascon_id":3163,"cells":36,"land_cells":27,"land_fraction":0.75},"geometry":{"type":"Polygon","coordinates":[[[43.0,-25.5],[46.0,-25.5],[46.0,-22.5],[43.0,-22.5],[43.0,-25.5]]]}},{"type":"Feature","id":3164,"properties":{"mascon_id":3164,"cells":42,"land_cells":15,"land_fraction":0.357},"geometry":{"type":"Polygon","coordinates":[[[46.0,-25.5],[49.5,-25.5],[49.5,-22.5],[46.0,-22.5],[46.0,-25.5]]]}},{"type":"Feature","id":3184,"properties":{"mascon_id":3184,"cells":36,"land_cells":22,"land_fraction":0.611},"geometry":{"type":"Polygon","coordinates":[[[112.5,-25.5],[115.5,-25.5],[115.5,-22.5],[112.5,-22.5],[112.5,-25.5]]]}},{"type":"Feature","id":3185,"properties":{"mascon_id":3185,"cells":42,"land_cells":42,"land_fraction":1.0},"geometry":{"type":"Polygon","coordinates":[[[115.5,-25.5],[119.0,-25.5],[119.0,-22.5],[115.5,-22.5],[115.5,-25.5]]]}},{"type":"Feature","id":3186,"properties":{"mascon_id":3186,"cells":36,"land_cells":36,"land_fraction":1.0},"geometry":{"type":"Polygon","coordinates":[[[119.0,-25.5],[122.0,-25.5],[122.0,-22.5],[119.0,-22.5],[119.0,-25.5]]]}},{"type":"Feature","id":3187,"properties":{"mascon_id":3187,"cells":42,"land_cells":42,"land_fraction":1.0},"geometry":{"type":"Polygon","coordinates":[[[122.0,-25.5],[125.5,-25.5],[125.5,-22.5],[122.0,-22.5],[122.0,-25.5]]]}},{"type":"Feature","id":3188,"properties":{"mascon_id":3188,"cells":42,"land_cells":42,"land_fraction":1.0},"geometry":{"type":"Polygon","coordinates":[[[125.5,-25.5],[129.0,-25.5],[129.0,-22.5],[125.5,-22.5],[125.5,-25.5]]]}},{"type":"Feature","id":3189,"properties":{"mascon_id":3189,"cells":36,"land_cells":36,"land_fraction":1.0},"geometry":{"type":"Polygon","coordinates":[[[129.0,-25.5],[132.0,-25.5],[132.0,-22.5],[129.0,-22.5],[129.0,-25.5]]]}},{"type":"Feature","id":3190,"properties":{"mascon_id":3190,"cells":42,"land_cells":42,"land_fraction":1.0},"geometry":{"type":"Polygon","coordinates":[[[132.0,-25.5],[135.5,-25.5],[135.5,-22.5],[132.0,-22.5],[132.0,-25.5]]]}},{"type":"Feature","id":3191,"properties":{"mascon_id":3191,"cells":36,"land_cells":36,"land_fraction":1.0},"geometry":{"type":"Polygon","coordinates":[[[135.5,-25.5],[138.5,-25.5],[138.5,-22.5],[135.5,-22.5],[135.5,-25.5]]]}},{"type":"Feature","id":3192,"properties":{"mascon_id":3192,"cells":42,"land_cells":42,"land_fraction":1.0},"geometry":{"type":"Polygon","coordinates":[[[138.5,-25.5],[142.0,-25.5],[142.0,-22.5],[138.5,-22.5],[138.5,-25.5]]]}},{"type":"Feature","id":3193,"properties":{"mascon_id":3193,"cells":42,"land_cells":42,"land_fraction":1.0},"geometry":{"type":"Polygon","coordinates":[[[142.0,-25.5],[145.5,-25.5],[145.5,-22.5],[142.0,-22.5],[142.0,-25.5]]]}},{"type":"Feature","id":3194,"properties":{"mascon_id":3194,"cells":36,"land_cells":36,"land_fraction":1.0},"geometry":{"type":"Polygon","coordinates":[[[145.5,-25.5],[148.5,-25.5],[148.5,-22.5],[145.5,-22.5],[145.5,-25.5]]]}},{"type":"Feature","id":3195,"properties":{"mascon_id":3195,"cells":42,"land_cells":37,"land_fraction":0.881},"geometry":{"type":"Polygon","coordinates":[[[148.5,-25.5],[152.0,-25.5],[152.0,-22.5],[148.5,-22.5],[148.5,-25.5]]]}},{"type":"Feature","id":3196,"properties":{"mascon_id":3196,"cells":36,"land_cells":2,"land_fraction":0.056},"geometry":{"type":"Polygon","coordinates":[[[152.0,-25.5],[155.0,-25.5],[155.0,-22.5],[152.0,-22.5],[152.0,-25.5]]]}},{"type":"Feature","id":3237,"properties":{"mascon_id":3237,"cells":36,"land_cells":12,"land_fraction":0.333},"geometry":{"type":"Polygon","coordinates":[[[-72.5,-25.5],[-69.5,-25.5],[-69.5,-22.5],[-72.5,-22.5],[-72.5,-25.5]]]}},{"type":"Feature","id":3238,"properties":{"mascon_id":3238,"cells":42,"land_cells":42,"land_fraction":1.0},"geometry":{"type":"Polygon","coordinates":[[[-69.5,-25.5],[-66.0,-25.5],[-66.0,-22.5],[-69.5,-22.5],[-69.5,-25.5]]]}},{"type":"Feature","id":3239,"properties":{"mascon_id":3239,"cells":36,"land_cells":36,"land_fraction":1.0},"geometry":{"type":"Polygon","coordinates":[[[-66.0,-25.5],[-63.0,-25.5],[-63.0,-22.5],[-66.0,-22.5],[-66.0,-25.5]]]}},{"type":"Feature","id":3240,"properties":{"mascon_id":3240,"cells":42,"land_cells":42,"land_fraction":1.0},"geometry":{"type":"Polygon","coordinates":[[[-63.0,-25.5],[-59.5,-25.5],[-59.5,-22.5],[-63.0,-22.5],[-63.0,-25.5]]]}},{"type":"Feature","id":3241,"properties":{"mascon_id":3241,"cells":42,"land_cells":42,"land_fraction":1.0},"geometry":{"type":"Polygon","coordinates":[[[-59.5,-25.5],[-56.0,-25.5],[-56.0,-22.5],[-59.5,-22.5],[-59.5,-25.5]]]}},{"type":"Feature","id":3242,"properties":{"mascon_id":3242,"cells":36,"land_cells":36,"land_fraction":1.0},"geometry":{"type":"Polygon","coordinates":[[[-56.0,-25.5],[-53.0,-25.5],[-53.0,-22.5],[-56.0,-22.5],[-56.0,-25.5]]]}},{"type":"Feature","id":3243,"properties":{"mascon_id":3243,"cells":42,"land_cells":42,"land_fraction":1.0},"geometry":{"type":"Polygon","coordinates":[[[-53.0,-25.5],[-49.5,-25.5],[-49.5,-22.5],[-53.0,-22.5],[-53.0,-25.5]]]}},{"type":"Feature","id":3244,"properties":{"mascon_id":3244,"cells":42,"land_cells":33,"land_fraction":0.786},"geometry":{"type":"Polygon","coordinates":[[[-49.5,-25.5],[-46.0,-25.5],[-46.0,-22.5],[-49.5,-22.5],[-49.5,-25.5]]]}},{"type":"Feature","id":3245,"properties":{"mascon_id":3245,"cells":36,"land_cells":10,"land_fraction":0.278},"geometry":{"type":"Polygon","coordinates":[[[-46.0,-25.5],[-43.0,-25.5],[-43.0,-22.5],[-46.0,-22.5],[-46.0,-25.5]]]}},{"type":"Feature","id":3246,"properties":{"mascon_id":3246,"cells":42,"land_cells":2,"land_fraction":0.048},"geometry":{"type":"Polygon","coordinates":[[[-43.0,-25.5],[-39.5,-25.5],[-39.5,-22.5],[-43.0,-22.5],[-43.0,-25.5]]]}},{"type":"Feature","id":3263,"properties":{"mascon_id":3263,"cells":42,"land_cells":20,"land_fraction":0.476},"geometry":{"type":"Polygon","coordinates":[[[13.5,-28.5],[17.0,-28.5],[17.0,-25.5],[13.5,-25.5],[13.5,-28.5]]]}},{"type":"Feature","id":3264,"properties":{"mascon_id":3264,"cells":42,"land_cells":42,"land_fraction":1.0},"geometry":{"type":"Polygon","coordinates":[[[17.0,-28.5],[20.5,-28.5],[20.5,-25.5],[17.0,-25.5],[17.0,-28.5]]]}},{"type":"Feature","id":3265,"properties":{"mascon_id":3265,"cells":42,"land_cells":42,"land_fraction":1.0},"geometry":{"type":"Polygon","coordinates":[[[20.5,-28.5],[24.0,-28.5],[24.0,-25.5],[20.5,-25.5],[20.5,-28.5]]]}},{"type":"Feature","id":3266,"properties":{"mascon_id":3266,"cells":36,"land_cells":36,"land_fraction":1.0},"geometry":{"type":"Polygon","coordinates":[[[24.0,-28.5],[27.0,-28.5],[27.0,-25.5],[24.0,-25.5],[24.0,-28.5]]]}},{"type":"Feature","id":3267,"properties":{"mascon_id":3267,"cells":42,"land_cells":42,"land_fraction":1.0},"geometry":{"type":"Polygon","coordinates":[[[27.0,-28.5],[30.5,-28.5],[30.5,-25.5],[27.0,-25.5],[27.0,-28.5]]]}},{"type":"Feature","id":3268,"properties":{"mascon_id":3268,"cells":42,"land_cells":27,"land_fraction":0.643},"geometry":{"type":"Polygon","coordinates":[[[30.5,-28.5],[34.0,-28.5],[34.0,-25.5],[30.5,-25.5],[30.5,-28.5]]]}},{"type":"Feature","id":3292,"properties":{"mascon_id":3292,"cells":42,"land_cells":18,"land_fraction":0.429},"geometry":{"type":"Polygon","coordinates":[[[112.0,-28.5],[115.5,-28.5],[115.5,-25.5],[112.0,-25.5],[112.0,-28.5]]]}},{"type":"Feature","id":3293,"properties":{"mascon_id":3293,"cells":42,"land_cells":42,"land_fraction":1.0},"geometry":{"type":"Polygon","coordinates":[[[115.5,-28.5],[119.0,-28.5],[119.0,-25.5],[115.5,-25.5],[115.5,-28.5]]]}},{"type":"Feature","id":3294,"properties":{"mascon_id":3294,"cells":42,"land_cells":42,"land_fraction":1.0},"geometry":{"type":"Polygon","coordinates":[[[119.0,-28.5],[122.5,-28.5],[122.5,-25.5],[119.0,-25.5],[119.0,-28.5]]]}},{"type":"Feature","id":3295,"properties":{"mascon_id":3295,"cells":36,"land_cells":36,"land_fraction":1.0},"geometry":{"type":"Polygon","coordinates":[[[122.5,-28.5],[125.5,-28.5],[125.5,-25.5],[122.5,-25.5],[122.5,-28.5]]]}},{"type":"Feature","id":3296,"properties":{"mascon_id":3296,"cells":42,"land_cells":42,"land_fraction":1.0},"geometry":{"type":"Polygon","coordinates":[[[125.5,-28.5],[129.0,-28.5],[129.0,-25.5],[125.5,-25.5],[125.5,-28.5]]]}},{"type":"Feature","id":3297,"properties":{"mascon_id":3297,"cells":42,"land_cells":42,"land_fraction":1.0},"geometry":{"type":"Polygon","coordinates":[[[129.0,-28.5],[132.5,-28.5],[132.5,-25.5],[129.0,-25.5],[129.0,-28.5]]]}},{"type":"Feature","id":3298,"properties":{"mascon_id":3298,"cells":42,"land_cells":42,"land_fraction":1.0},"geometry":{"type":"Polygon","coordinates":[[[132.5,-28.5],[136.0,-28.5],[136.0,-25.5],[132.5,-25.5],[132.5,-28.5]]]}},{"type":"Feature","id":3299,"properties":{"mascon_id":3299,"cells":36,"land_cells":36,"land_fraction":1.0},"geometry":{"type":"Polygon","coordinates":[[[136.0,-28.5],[139.0,-28.5],[139.0,-25.5],[136.0,-25.5],[136.0,-28.5]]]}},{"type":"Feature","id":3300,"properties":{"mascon_id":3300,"cells":42,"land_cells":42,"land_fraction":1.0},"geometry":{"type":"Polygon","coordinates":[[[139.0,-28.5],[142.5,-28.5],[142.5,-25.5],[139.0,-25.5],[139.0,-28.5]]]}},{"type":"Feature","id":3301,"properties":{"mascon_id":3301,"cells":42,"land_cells":42,"land_fraction":1.0},"geometry":{"type":"Polygon","coordinates":[[[142.5,-28.5],[146.0,-28.5],[146.0,-25.5],[142.5,-25.5],[142.5,-28.5]]]}},{"type":"Feature","id":3302,"properties":{"mascon_id":3302,"cells":42,"land_cells":42,"land_fraction":1.0},"geometry":{"type":"Polygon","coordinates":[[[146.0,-28.5],[149.5,-28.5],[149.5,-25.5],[146.0,-25.5],[146.0,-28.5]]]}},{"type":"Feature","id":3303,"properties":{"mascon_id":3303,"cells":42,"land_cells":42,"land_fraction":1.0},"geometry":{"type":"Polygon","coordinates":[[[149.5,-28.5],[153.0,-28.5],[153.0,-25.5],[149.5,-25.5],[149.5,-28.5]]]}},{"type":"Feature","id":3304,"properties":{"mascon_id":3304,"cells":36,"land_cells":2,"land_fraction":0.056},"geometry":{"type":"Polygon","coordinates":[[[153.0,-28.5],[156.0,-28.5],[156.0,-25.5],[153.0,-25.5],[153.0,-28.5]]]}},{"type":"Feature","id":3344,"properties":{"mascon_id":3344,"cells":42,"land_cells":34,"land_fraction":0.81},"geometry":{"type":"Polygon","coordinates":[[[-71.5,-28.5],[-68.0,-28.5],[-68.0,-25.5],[-71.5,-25.5],[-71.5,-28.5]]]}},{"type":"Feature","id":3345,"properties":{"mascon_id":3345,"cells":42,"land_cells":42,"land_fraction":1.0},"geometry":{"type":"Polygon","coordinates":[[[-68.0,-28.5],[-64.5,-28.5],[-64.5,-25.5],[-68.0,-25.5],[-68.0,-28.5]]]}},{"type":"Feature","id":3346,"properties":{"mascon_id":3346,"cells":42,"land_cells":42,"land_fraction":1.0},"geometry":{"type":"Polygon","coordinates":[[[-64.5,-28.5],[-61.0,-28.5],[-61.0,-25.5],[-64.5,-25.5],[-64.5,-28.5]]]}},{"type":"Feature","id":3347,"properties":{"mascon_id":3347,"cells":42,"land_cells":42,"land_fraction":1.0},"geometry":{"type":"Polygon","coordinates":[[[-61.0,-28.5],[-57.5,-28.5],[-57.5,-25.5],[-61.0,-25.5],[-61.0,-28.5]]]}},{"type":"Feature","id":3348,"properties":{"mascon_id":3348,"cells":36,"land_cells":36,"land_fraction":1.0},"geometry":{"type":"Polygon","coordinates":[[[-57.5,-28.5],[-54.5,-28.5],[-54.5,-25.5],[-57.5,-25.5],[-57.5,-28.5]]]}},{"type":"Feature","id":3349,"properties":{"mascon_id":3349,"cells":42,"land_cells":42,"land_fraction":1.0},"geometry":{"type":"Polygon","coordinates":[[[-54.5,-28.5],[-51.0,-28.5],[-51.0,-25.5],[-54.5,-25.5],[-54.5,-28.5]]]}},{"type":"Feature","id":3350,"properties":{"mascon_id":3350,"cells":42,"land_cells":30,"land_fraction":0.714},"geometry":{"type":"Polygon","coordinates":[[[-51.0,-28.5],[-47.5,-28.5],[-47.5,-25.5],[-51.0,-25.5],[-51.0,-28.5]]]}},{"type":"Feature","id":3369,"properties":{"mascon_id":3369,"cells":42,"land_cells":4,"land_fraction":0.095},"geometry":{"type":"Polygon","coordinates":[[[14.0,-31.5],[17.5,-31.5],[17.5,-28.5],[14.0,-28.5],[14.0,-31.5]]]}},{"type":"Feature","id":3370,"properties":{"mascon_id":3370,"cells":42,"land_cells":41,"land_fraction":0.976},"geometry":{"type":"Polygon","coordinates":[[[17.5,-31.5],[21.0,-31.5],[21.0,-28.5],[17.5,-28.5],[17.5,-31.5]]]}},{"type":"Feature","id":3371,"properties":{"mascon_id":3371,"cells":42,"land_cells":42,"land_fraction":1.0},"geometry":{"type":"Polygon","coordinates":[[[21.0,-31.5],[24.5,-31.5],[24.5,-28.5],[21.0,-28.5],[21.0,-31.5]]]}},{"type":"Feature","id":3372,"properties":{"mascon_id":3372,"cells":42,"land_cells":42,"land_fraction":1.0},"geometry":{"type":"Polygon","coordinates":[[[24.5,-31.5],[28.0,-31.5],[28.0,-28.5],[24.5,-28.5],[24.5,-31.5]]]}},{"type":"Feature","id":3373,"properties":{"mascon_id":3373,"cells":42,"land_cells":35,"land_fraction":0.833},"geometry":{"type":"Polygon","coordinates":[[[28.0,-31.5],[31.5,-31.5],[31.5,-28.5],[28.0,-28.5],[28.0,-31.5]]]}},{"type":"Feature","id":3374,"properties":{"mascon_id":3374,"cells":42,"land_cells":1,"land_fraction":0.024},"geometry":{"type":"Polygon","coordinates":[[[31.5,-31.5],[35.0,-31.5],[35.0,-28.5],[31.5,-28.5],[31.5,-31.5]]]}},{"type":"Feature","id":3397,"properties":{"mascon_id":3397,"cells":42,"land_cells":6,"land_fraction":0.143},"geometry":{"type":"Polygon","coordinates":[[[112.0,-31.5],[115.5,-31.5],[115.5,-28.5],[112.0,-28.5],[112.0,-31.5]]]}},{"type":"Feature","id":3398,"properties":{"mascon_id":3398,"cells":42,"land_cells":42,"land_fraction":1.0},"geometry":{"type":"Polygon","coordinates":[[[115.5,-31.5],[119.0,-31.5],[119.0,-28.5],[115.5,-28.5],[115.5,-31.5]]]}},{"type":"Feature","id":3399,"properties":{"mascon_id":3399,"cells":42,"land_cells":42,"land_fraction":1.0},"geometry":{"type":"Polygon","coordinates":[[[119.0,-31.5],[122.5,-31.5],[122.5,-28.5],[119.0,-28.5],[119.0,-31.5]]]}},{"type":"Feature","id":3400,"properties":{"mascon_id":3400,"cells":42,"land_cells":42,"land_fraction":1.0},"geometry":{"type":"Polygon","coordinates":[[[122.5,-31.5],[126.0,-31.5],[126.0,-28.5],[122.5,-28.5],[122.5,-31.5]]]}},{"type":"Feature","id":3401,"properties":{"mascon_id":3401,"cells":42,"land_cells":42,"land_fraction":1.0},"geometry":{"type":"Polygon","coordinates":[[[126.0,-31.5],[129.5,-31.5],[129.5,-28.5],[126.0,-28.5],[126.0,-31.5]]]}},{"type":"Feature","id":3402,"properties":{"mascon_id":3402,"cells":42,"land_cells":42,"land_fraction":1.0},"geometry":{"type":"Polygon","coordinates":[[[129.5,-31.5],[133.0,-31.5],[133.0,-28.5],[129.5,-28.5],[129.5,-31.5]]]}},{"type":"Feature","id":3403,"properties":{"mascon_id":3403,"cells":42,"land_cells":42,"land_fraction":1.0},"geometry":{"type":"Polygon","coordinates":[[[133.0,-31.5],[136.5,-31.5],[136.5,-28.5],[133.0,-28.5],[133.0,-31.5]]]}},{"type":"Feature","id":3404,"properties":{"mascon_id":3404,"cells":42,"land_cells":42,"land_fraction":1.0},"geometry":{"type":"Polygon","coordinates":[[[136.5,-31.5],[140.0,-31.5],[140.0,-28.5],[136.5,-28.5],[136.5,-31.5]]]}},{"type":"Feature","id":3405,"properties":{"mascon_id":3405,"cells":42,"land_cells":42,"land_fraction":1.0},"geometry":{"type":"Polygon","coordinates":[[[140.0,-31.5],[143.5,-31.5],[143.5,-28.5],[140.0,-28.5],[140.0,-31.5]]]}},{"type":"Feature","id":3406,"properties":{"mascon_id":3406,"cells":42,"land_cells":42,"land_fraction":1.0},"geometry":{"type":"Polygon","coordinates":[[[143.5,-31.5],[147.0,-31.5],[147.0,-28.5],[143.5,-28.5],[143.5,-31.5]]]}},{"type":"Feature","id":3407,"properties":{"mascon_id":3407,"cells":42,"land_cells":42,"land_fraction":1.0},"geometry":{"type":"Polygon","coordinates":[[[147.0,-31.5],[150.5,-31.5],[150.5,-28.5],[147.0,-28.5],[147.0,-31.5]]]}},{"type":"Feature","id":3408,"properties":{"mascon_id":3408,"cells":42,"land_cells":33,"land_fraction":0.786},"geometry":{"type":"Polygon","coordinates":[[[150.5,-31.5],[154.0,-31.5],[154.0,-28.5],[150.5,-28.5],[150.5,-31.5]]]}},{"type":"Feature","id":3447,"properties":{"mascon_id":3447,"cells":42,"land_cells":18,"land_fraction":0.429},"geometry":{"type":"Polygon","coordinates":[[[-73.5,-31.5],[-70.0,-31.5],[-70.0,-28.5],[-73.5,-28.5],[-73.5,-31.5]]]}},{"type":"Feature","id":3448,"properties":{"mascon_id":3448,"cells":42,"land_cells":42,"land_fraction":1.0},"geometry":{"type":"Polygon","coordinates":[[[-70.0,-31.5],[-66.5,-31.5],[-66.5,-28.5],[-70.0,-28.5],[-70.0,-31.5]]]}},{"type":"Feature","id":3449,"properties":{"mascon_id":3449,"cells":42,"land_cells":42,"land_fraction":1.0},"geometry":{"type":"Polygon","coordinates":[[[-66.5,-31.5],[-63.0,-31.5],[-63.0,-28.5],[-66.5,-28.5],[-66.5,-31.5]]]}},{"type":"Feature","id":3450,"properties":{"mascon_id":3450,"cells":42,"land_cells":42,"land_fraction":1.0},"geometry":{"type":"Polygon","coordinates":[[[-63.0,-31.5],[-59.5,-31.5],[-59.5,-28.5],[-63.0,-28.5],[-63.0,-31.5]]]}},{"type":"Feature","id":3451,"properties":{"mascon_id":3451,"cells":42,"land_cells":42,"land_fraction":1.0},"geometry":{"type":"Polygon","coordinates":[[[-59.5,-31.5],[-56.0,-31.5],[-56.0,-28.5],[-59.5,-28.5],[-59.5,-31.5]]]}},{"type":"Feature","id":3452,"properties":{"mascon_id":3452,"cells":42,"land_cells":42,"land_fraction":1.0},"geometry":{"type":"Polygon","coordinates":[[[-56.0,-31.5],[-52.5,-31.5],[-52.5,-28.5],[-56.0,-28.5],[-56.0,-31.5]]]}},{"type":"Feature","id":3453,"properties":{"mascon_id":3453,"cells":42,"land_cells":27,"land_fraction":0.643},"geometry":{"type":"Polygon","coordinates":[[[-52.5,-31.5],[-49.0,-31.5],[-49.0,-28.5],[-52.5,-28.5],[-52.5,-31.5]]]}},{"type":"Feature","id":3473,"properties":{"mascon_id":3473,"cells":42,"land_cells":38,"land_fraction":0.905},"geometry":{"type":"Polygon","coordinates":[[[18.0,-34.5],[21.5,-34.5],[21.5,-31.5],[18.0,-31.5],[18.0,-34.5]]]}},{"type":"Feature","id":3474,"properties":{"mascon_id":3474,"cells":42,"land_cells":36,"land_fraction":0.857},"geometry":{"type":"Polygon","coordinates":[[[21.5,-34.5],[25.0,-34.5],[25.0,-31.5],[21.5,-31.5],[21.5,-34.5]]]}},{"type":"Feature","id":3475,"properties":{"mascon_id":3475,"cells":48,"land_cells":30,"land_fraction":0.625},"geometry":{"type":"Polygon","coordinates":[[[25.0,-34.5],[29.0,-34.5],[29.0,-31.5],[25.0,-31.5],[25.0,-34.5]]]}},{"type":"Feature","id":3476,"properties":{"mascon_id":3476,"cells":42,"land_cells":1,"land_fraction":0.024},"geometry":{"type":"Polygon","coordinates":[[[29.0,-34.5],[32.5,-34.5],[32.5,-31.5],[29.0,-31.5],[29.0,-34.5]]]}},{"type":"Feature","id":3500,"properties":{"mascon_id":3500,"cells":48,"land_cells":44,"land_fraction":0.917},"geometry":{"type":"Polygon","coordinates":[[[115.0,-34.5],[119.0,-34.5],[119.0,-31.5],[115.0,-31.5],[115.0,-34.5]]]}},{"type":"Feature","id":3501,"properties":{"mascon_id":3501,"cells":42,"land_cells":36,"land_fraction":0.857},"geometry":{"type":"Polygon","coordinates":[[[119.0,-34.5],[122.5,-34.5],[122.5,-31.5],[119.0,-31.5],[119.0,-34.5]]]}},{"type":"Feature","id":3502,"properties":{"mascon_id":3502,"cells":42,"land_cells":24,"land_fraction":0.571},"geometry":{"type":"Polygon","coordinates":[[[122.5,-34.5],[126.0,-34.5],[126.0,-31.5],[122.5,-31.5],[122.5,-34.5]]]}},{"type":"Feature","id":3503,"properties":{"mascon_id":3503,"cells":42,"land_cells":9,"land_fraction":0.214},"geometry":{"type":"Polygon","coordinates":[[[126.0,-34.5],[129.5,-34.5],[129.5,-31.5],[126.0,-31.5],[126.0,-34.5]]]}},{"type":"Feature","id":3504,"properties":{"mascon_id":3504,"cells":42,"land_cells":2,"land_fraction":0.048},"geometry":{"type":"Polygon","coordinates":[[[129.5,-34.5],[133.0,-34.5],[133.0,-31.5],[129.5,-31.5],[129.5,-34.5]]]}},{"type":"Feature","id":3505,"properties":{"mascon_id":3505,"cells":48,"land_cells":32,"land_fraction":0.667},"geometry":{"type":"Polygon","coordinates":[[[133.0,-34.5],[137.0,-34.5],[137.0,-31.5],[133.0,-31.5],[133.0,-34.5]]]}},{"type":"Feature","id":3506,"properties":{"mascon_id":3506,"cells":42,"land_cells":38,"land_fraction":0.905},"geometry":{"type":"Polygon","coordinates":[[[137.0,-34.5],[140.5,-34.5],[140.5,-31.5],[137.0,-31.5],[137.0,-34.5]]]}},{"type":"Feature","id":3507,"properties":{"mascon_id":3507,"cells":42,"land_cells":42,"land_fraction":1.0},"geometry":{"type":"Polygon","coordinates":[[[140.5,-34.5],[144.0,-34.5],[144.0,-31.5],[140.5,-31.5],[140.5,-34.5]]]}},{"type":"Feature","id":3508,"properties":{"mascon_id":3508,"cells":42,"land_cells":42,"land_fraction":1.0},"geometry":{"type":"Polygon","coordinates":[[[144.0,-34.5],[147.5,-34.5],[147.5,-31.5],[144.0,-31.5],[144.0,-34.5]]]}},{"type":"Feature","id":3509,"properties":{"mascon_id":3509,"cells":42,"land_cells":42,"land_fraction":1.0},"geometry":{"type":"Polygon","coordinates":[[[147.5,-34.5],[151.0,-34.5],[151.0,-31.5],[147.5,-31.5],[147.5,-34.5]]]}},{"type":"Feature","id":3510,"properties":{"mascon_id":3510,"cells":48,"land_cells":11,"land_fraction":0.229},"geometry":{"type":"Polygon","coordinates":[[[151.0,-34.5],[155.0,-34.5],[155.0,-31.5],[151.0,-31.5],[151.0,-34.5]]]}},{"type":"Feature","id":3548,"properties":{"mascon_id":3548,"cells":42,"land_cells":37,"land_fraction":0.881},"geometry":{"type":"Polygon","coordinates":[[[-72.0,-34.5],[-68.5,-34.5],[-68.5,-31.5],[-72.0,-31.5],[-72.0,-34.5]]]}},{"type":"Feature","id":3549,"properties":{"mascon_id":3549,"cells":42,"land_cells":42,"land_fraction":1.0},"geometry":{"type":"Polygon","coordinates":[[[-68.5,-34.5],[-65.0,-34.5],[-65.0,-31.5],[-68.5,-31.5],[-68.5,-34.5]]]}},{"type":"Feature","id":3550,"properties":{"mascon_id":3550,"cells":48,"land_cells":48,"land_fraction":1.0},"geometry":{"type":"Polygon","coordinates":[[[-65.0,-34.5],[-61.0,-34.5],[-61.0,-31.5],[-65.0,-31.5],[-65.0,-34.5]]]}},{"type":"Feature","id":3551,"properties":{"mascon_id":3551,"cells":42,"land_cells":41,"land_fraction":0.976},"geometry":{"type":"Polygon","coordinates":[[[-61.0,-34.5],[-57.5,-34.5],[-57.5,-31.5],[-61.0,-31.5],[-61.0,-34.5]]]}},{"type":"Feature","id":3552,"properties":{"mascon_id":3552,"cells":42,"land_cells":42,"land_fraction":1.0},"geometry":{"type":"Polygon","coordinates":[[[-57.5,-34.5],[-54.0,-34.5],[-54.0,-31.5],[-57.5,-31.5],[-57.5,-34.5]]]}},{"type":"Feature","id":3553,"properties":{"mascon_id":3553,"cells":42,"land_cells":15,"land_fraction":0.357},"geometry":{"type":"Polygon","coordinates":[[[-54.0,-34.5],[-50.5,-34.5],[-50.5,-31.5],[-54.0,-31.5],[-54.0,-34.5]]]}},{"type":"Feature","id":3573,"properties":{"mascon_id":3573,"cells":48,"land_cells":1,"land_fraction":0.021},"geometry":{"type":"Polygon","coordinates":[[[18.5,-37.5],[22.5,-37.5],[22.5,-34.5],[18.5,-34.5],[18.5,-37.5]]]}},{"type":"Feature","id":3599,"properties":{"mascon_id":3599,"cells":48,"land_cells":5,"land_fraction":0.104},"geometry":{"type":"Polygon","coordinates":[[[115.0,-37.5],[119.0,-37.5],[119.0,-34.5],[115.0,-34.5],[115.0,-37.5]]]}},{"type":"Feature","id":3604,"properties":{"mascon_id":3604,"cells":48,"land_cells":1,"land_fraction":0.021},"geometry":{"type":"Polygon","coordinates":[[[133.5,-37.5],[137.5,-37.5],[137.5,-34.5],[133.5,-34.5],[133.5,-37.5]]]}},{"type":"Feature","id":3605,"properties":{"mascon_id":3605,"cells":42,"land_cells":22,"land_fraction":0.524},"geometry":{"type":"Polygon","coordinates":[[[137.5,-37.5],[141.0,-37.5],[141.0,-34.5],[137.5,-34.5],[137.5,-37.5]]]}},{"type":"Feature","id":3606,"properties":{"mascon_id":3606,"cells":42,"land_cells":42,"land_fraction":1.0},"geometry":{"type":"Polygon","coordinates":[[[141.0,-37.5],[144.5,-37.5],[144.5,-34.5],[141.0,-34.5],[141.0,-37.5]]]}},{"type":"Feature","id":3607,"properties":{"mascon_id":3607,"cells":48,"land_cells":48,"land_fraction":1.0},"geometry":{"type":"Polygon","coordinates":[[[144.5,-37.5],[148.5,-37.5],[148.5,-34.5],[144.5,-34.5],[144.5,-37.5]]]}},{"type":"Feature","id":3608,"properties":{"mascon_id":3608,"cells":42,"land_cells":22,"land_fraction":0.524},"geometry":{"type":"Polygon","coordinates":[[[148.5,-37.5],[152.0,-37.5],[152.0,-34.5],[148.5,-34.5],[148.5,-37.5]]]}},{"type":"Feature","id":3614,"properties":{"mascon_id":3614,"cells":48,"land_cells":5,"land_fraction":0.104},"geometry":{"type":"Polygon","coordinates":[[[170.5,-37.5],[174.5,-37.5],[174.5,-34.5],[170.5,-34.5],[170.5,-37.5]]]}},{"type":"Feature","id":3615,"properties":{"mascon_id":3615,"cells":42,"land_cells":4,"land_fraction":0.095},"geometry":{"type":"Polygon","coordinates":[[[174.5,-37.5],[178.0,-37.5],[178.0,-34.5],[174.5,-34.5],[174.5,-37.5]]]}},{"type":"Feature","id":3645,"properties":{"mascon_id":3645,"cells":42,"land_cells":27,"land_fraction":0.643},"geometry":{"type":"Polygon","coordinates":[[[-74.0,-37.5],[-70.5,-37.5],[-70.5,-34.5],[-74.0,-34.5],[-74.0,-37.5]]]}},{"type":"Feature","id":3646,"properties":{"mascon_id":3646,"cells":42,"land_cells":42,"land_fraction":1.0},"geometry":{"type":"Polygon","coordinates":[[[-70.5,-37.5],[-67.0,-37.5],[-67.0,-34.5],[-70.5,-34.5],[-70.5,-37.5]]]}},{"type":"Feature","id":3647,"properties":{"mascon_id":3647,"cells":48,"land_cells":48,"land_fraction":1.0},"geometry":{"type":"Polygon","coordinates":[[[-67.0,-37.5],[-63.0,-37.5],[-63.0,-34.5],[-67.0,-34.5],[-67.0,-37.5]]]}},{"type":"Feature","id":3648,"properties":{"mascon_id":3648,"cells":42,"land_cells":42,"land_fraction":1.0},"geometry":{"type":"Polygon","coordinates":[[[-63.0,-37.5],[-59.5,-37.5],[-59.5,-34.5],[-63.0,-34.5],[-63.0,-37.5]]]}},{"type":"Feature","id":3649,"properties":{"mascon_id":3649,"cells":48,"land_cells":29,"land_fraction":0.604},"geometry":{"type":"Polygon","coordinates":[[[-59.5,-37.5],[-55.5,-37.5],[-55.5,-34.5],[-59.5,-34.5],[-59.5,-37.5]]]}},{"type":"Feature","id":3650,"properties":{"mascon_id":3650,"cells":42,"land_cells":2,"land_fraction":0.048},"geometry":{"type":"Polygon","coordinates":[[[-55.5,-37.5],[-52.0,-37.5],[-52.0,-34.5],[-55.5,-34.5],[-55.5,-37.5]]]}},{"type":"Feature","id":3701,"properties":{"mascon_id":3701,"cells":42,"land_cells":8,"land_fraction":0.19},"geometry":{"type":"Polygon","coordinates":[[[139.5,-40.5],[143.0,-40.5],[143.0,-37.5],[139.5,-37.5],[139.5,-40.5]]]}},{"type":"Feature","id":3702,"properties":{"mascon_id":3702,"cells":48,"land_cells":16,"land_fraction":0.333},"geometry":{"type":"Polygon","coordinates":[[[143.0,-40.5],[147.0,-40.5],[147.0,-37.5],[143.0,-37.5],[143.0,-40.5]]]}},{"type":"Feature","id":3703,"properties":{"mascon_id":3703,"cells":48,"land_cells":6,"land_fraction":0.125},"geometry":{"type":"Polygon","coordinates":[[[147.0,-40.5],[151.0,-40.5],[151.0,-37.5],[147.0,-37.5],[147.0,-40.5]]]}},{"type":"Feature","id":3710,"properties":{"mascon_id":3710,"cells":48,"land_cells":32,"land_fraction":0.667},"geometry":{"type":"Polygon","coordinates":[[[174.0,-40.5],[178.0,-40.5],[178.0,-37.5],[174.0,-37.5],[174.0,-40.5]]]}},{"type":"Feature","id":3711,"properties":{"mascon_id":3711,"cells":48,"land_cells":2,"land_fraction":0.042},"geometry":{"type":"MultiPolygon","coordinates":[[[[-180.0,-40.5],[-178.0,-40.5],[-178.0,-37.5],[-180.0,-37.5],[-180.0,-40.5]]],[[[178.0,-40.5],[180.0,-40.5],[180.0,-37.5],[178.0,-37.5],[178.0,-40.5]]]]}},{"type":"Feature","id":3739,"properties":{"mascon_id":3739,"cells":48,"land_cells":47,"land_fraction":0.979},"geometry":{"type":"Polygon","coordinates":[[[-73.5,-40.5],[-69.5,-40.5],[-69.5,-37.5],[-73.5,-37.5],[-73.5,-40.5]]]}},{"type":"Feature","id":3740,"properties":{"mascon_id":3740,"cells":42,"land_cells":42,"land_fraction":1.0},"geometry":{"type":"Polygon","coordinates":[[[-69.5,-40.5],[-66.0,-40.5],[-66.0,-37.5],[-69.5,-37.5],[-69.5,-40.5]]]}},{"type":"Feature","id":3741,"properties":{"mascon_id":3741,"cells":48,"land_cells":47,"land_fraction":0.979},"geometry":{"type":"Polygon","coordinates":[[[-66.0,-40.5],[-62.0,-40.5],[-62.0,-37.5],[-66.0,-37.5],[-66.0,-40.5]]]}},{"type":"Feature","id":3742,"properties":{"mascon_id":3742,"cells":48,"land_cells":21,"land_fraction":0.438},"geometry":{"type":"Polygon","coordinates":[[[-62.0,-40.5],[-58.0,-40.5],[-58.0,-37.5],[-62.0,-37.5],[-62.0,-40.5]]]}},{"type":"Feature","id":3743,"properties":{"mascon_id":3743,"cells":48,"land_cells":1,"land_fraction":0.021},"geometry":{"type":"Polygon","coordinates":[[[-58.0,-40.5],[-54.0,-40.5],[-54.0,-37.5],[-58.0,-37.5],[-58.0,-40.5]]]}},{"type":"Feature","id":3793,"properties":{"mascon_id":3793,"cells":48,"land_cells":3,"land_fraction":0.062},"geometry":{"type":"Polygon","coordinates":[[[141.5,-43.5],[145.5,-43.5],[145.5,-40.5],[141.5,-40.5],[141.5,-43.5]]]}},{"type":"Feature","id":3794,"properties":{"mascon_id":3794,"cells":48,"land_cells":24,"land_fraction":0.5},"geometry":{"type":"Polygon","coordinates":[[[145.5,-43.5],[149.5,-43.5],[149.5,-40.5],[145.5,-40.5],[145.5,-43.5]]]}},{"type":"Feature","id":3800,"properties":{"mascon_id":3800,"cells":48,"land_cells":26,"land_fraction":0.542},"geometry":{"type":"Polygon","coordinates":[[[170.0,-43.5],[174.0,-43.5],[174.0,-40.5],[170.0,-40.5],[170.0,-43.5]]]}},{"type":"Feature","id":3801,"properties":{"mascon_id":3801,"cells":48,"land_cells":5,"land_fraction":0.104},"geometry":{"type":"Polygon","coordinates":[[[174.0,-43.5],[178.0,-43.5],[178.0,-40.5],[174.0,-40.5],[174.0,-43.5]]]}},{"type":"Feature","id":3828,"properties":{"mascon_id":3828,"cells":48,"land_cells":10,"land_fraction":0.208},"geometry":{"type":"Polygon","coordinates":[[[-77.0,-43.5],[-73.0,-43.5],[-73.0,-40.5],[-77.0,-40.5],[-77.0,-43.5]]]}},{"type":"Feature","id":3829,"properties":{"mascon_id":3829,"cells":48,"land_cells":46,"land_fraction":0.958},"geometry":{"type":"Polygon","coordinates":[[[-73.0,-43.5],[-69.0,-43.5],[-69.0,-40.5],[-73.0,-40.5],[-73.0,-43.5]]]}},{"type":"Feature","id":3830,"properties":{"mascon_id":3830,"cells":54,"land_cells":50,"land_fraction":0.926},"geometry":{"type":"Polygon","coordinates":[[[-69.0,-43.5],[-64.5,-43.5],[-64.5,-40.5],[-69.0,-40.5],[-69.0,-43.5]]]}},{"type":"Feature","id":3831,"properties":{"mascon_id":3831,"cells":48,"land_cells":4,"land_fraction":0.083},"geometry":{"type":"Polygon","coordinates":[[[-64.5,-43.5],[-60.5,-43.5],[-60.5,-40.5],[-64.5,-40.5],[-64.5,-43.5]]]}},{"type":"Feature","id":3885,"properties":{"mascon_id":3885,"cells":48,"land_cells":1,"land_fraction":0.021},"geometry":{"type":"Polygon","coordinates":[[[163.0,-46.5],[167.0,-46.5],[167.0,-43.5],[163.0,-43.5],[163.0,-46.5]]]}},{"type":"Feature","id":3886,"properties":{"mascon_id":3886,"cells":54,"land_cells":39,"land_fraction":0.722},"geometry":{"type":"Polygon","coordinates":[[[167.0,-46.5],[171.5,-46.5],[171.5,-43.5],[167.0,-43.5],[167.0,-46.5]]]}},{"type":"Feature","id":3887,"properties":{"mascon_id":3887,"cells":48,"land_cells":3,"land_fraction":0.062},"geometry":{"type":"Polygon","coordinates":[[[171.5,-46.5],[175.5,-46.5],[175.5,-43.5],[171.5,-43.5],[171.5,-46.5]]]}},{"type":"Feature","id":3913,"properties":{"mascon_id":3913,"cells":48,"land_cells":12,"land_fraction":0.25},"geometry":{"type":"Polygon","coordinates":[[[-77.0,-46.5],[-73.0,-46.5],[-73.0,-43.5],[-77.0,-43.5],[-77.0,-46.5]]]}},{"type":"Feature","id":3914,"properties":{"mascon_id":3914,"cells":54,"land_cells":54,"land_fraction":1.0},"geometry":{"type":"Polygon","coordinates":[[[-73.0,-46.5],[-68.5,-46.5],[-68.5,-43.5],[-73.0,-43.5],[-73.0,-46.5]]]}},{"type":"Feature","id":3915,"properties":{"mascon_id":3915,"cells":48,"land_cells":25,"land_fraction":0.521},"geometry":{"type":"Polygon","coordinates":[[[-68.5,-46.5],[-64.5,-46.5],[-64.5,-43.5],[-68.5,-43.5],[-68.5,-46.5]]]}},{"type":"Feature","id":3994,"properties":{"mascon_id":3994,"cells":54,"land_cells":37,"land_fraction":0.685},"geometry":{"type":"Polygon","coordinates":[[[-76.5,-49.5],[-72.0,-49.5],[-72.0,-46.5],[-76.5,-46.5],[-76.5,-49.5]]]}},{"type":"Feature","id":3995,"properties":{"mascon_id":3995,"cells":54,"land_cells":54,"land_fraction":1.0},"geometry":{"type":"Polygon","coordinates":[[[-72.0,-49.5],[-67.5,-49.5],[-67.5,-46.5],[-72.0,-46.5],[-72.0,-49.5]]]}},{"type":"Feature","id":3996,"properties":{"mascon_id":3996,"cells":54,"land_cells":10,"land_fraction":0.185},"geometry":{"type":"Polygon","coordinates":[[[-67.5,-49.5],[-63.0,-49.5],[-63.0,-46.5],[-67.5,-46.5],[-67.5,-49.5]]]}},{"type":"Feature","id":4070,"properties":{"mascon_id":4070,"cells":60,"land_cells":33,"land_fraction":0.55},"geometry":{"type":"Polygon","coordinates":[[[-77.0,-52.5],[-72.0,-52.5],[-72.0,-49.5],[-77.0,-49.5],[-77.0,-52.5]]]}},{"type":"Feature","id":4071,"properties":{"mascon_id":4071,"cells":60,"land_cells":40,"land_fraction":0.667},"geometry":{"type":"Polygon","coordinates":[[[-72.0,-52.5],[-67.0,-52.5],[-67.0,-49.5],[-72.0,-49.5],[-72.0,-52.5]]]}},{"type":"Feature","id":4141,"properties":{"mascon_id":4141,"cells":60,"land_cells":9,"land_fraction":0.15},"geometry":{"type":"Polygon","coordinates":[[[-77.0,-55.5],[-72.0,-55.5],[-72.0,-52.5],[-77.0,-52.5],[-77.0,-55.5]]]}},{"type":"Feature","id":4142,"properties":{"mascon_id":4142,"cells":60,"land_cells":44,"land_fraction":0.733},"geometry":{"type":"Polygon","coordinates":[[[-72.0,-55.5],[-67.0,-55.5],[-67.0,-52.5],[-72.0,-52.5],[-72.0,-55.5]]]}},{"type":"Feature","id":4143,"properties":{"mascon_id":4143,"cells":66,"land_cells":3,"land_fraction":0.045},"geometry":{"type":"Polygon","coordinates":[[[-67.0,-55.5],[-61.5,-55.5],[-61.5,-52.5],[-67.0,-52.5],[-67.0,-55.5]]]}},{"type":"Feature","id":4324,"properties":{"mascon_id":4324,"cells":78,"land_cells":3,"land_fraction":0.038},"geometry":{"type":"Polygon","coordinates":[[[-66.5,-64.5],[-60.0,-64.5],[-60.0,-61.5],[-66.5,-61.5],[-66.5,-64.5]]]}},{"type":"Feature","id":4325,"properties":{"mascon_id":4325,"cells":78,"land_cells":10,"land_fraction":0.128},"geometry":{"type":"Polygon","coordinates":[[[-60.0,-64.5],[-53.5,-64.5],[-53.5,-61.5],[-60.0,-61.5],[-60.0,-64.5]]]}},{"type":"Feature","id":4340,"properties":{"mascon_id":4340,"cells":90,"land_cells":15,"land_fraction":0.167},"geometry":{"type":"Polygon","coordinates":[[[45.0,-67.5],[52.5,-67.5],[52.5,-64.5],[45.0,-64.5],[45.0,-67.5]]]}},{"type":"Feature","id":4341,"properties":{"mascon_id":4341,"cells":90,"land_cells":28,"land_fraction":0.311},"geometry":{"type":"Polygon","coordinates":[[[52.5,-67.5],[60.0,-67.5],[60.0,-64.5],[52.5,-64.5],[52.5,-67.5]]]}},{"type":"Feature","id":4344,"properties":{"mascon_id":4344,"cells":90,"land_cells":3,"land_fraction":0.033},"geometry":{"type":"Polygon","coordinates":[[[75.0,-67.5],[82.5,-67.5],[82.5,-64.5],[75.0,-64.5],[75.0,-67.5]]]}},{"type":"Feature","id":4345,"properties":{"mascon_id":4345,"cells":90,"land_cells":26,"land_fraction":0.289},"geometry":{"type":"Polygon","coordinates":[[[82.5,-67.5],[90.0,-67.5],[90.0,-64.5],[82.5,-64.5],[82.5,-67.5]]]}},{"type":"Feature","id":4346,"properties":{"mascon_id":4346,"cells":90,"land_cells":29,"land_fraction":0.322},"geometry":{"type":"Polygon","coordinates":[[[90.0,-67.5],[97.5,-67.5],[97.5,-64.5],[90.0,-64.5],[90.0,-67.5]]]}},{"type":"Feature","id":4347,"properties":{"mascon_id":4347,"cells":90,"land_cells":41,"land_fraction":0.456},"geometry":{"type":"Polygon","coordinates":[[[97.5,-67.5],[105.0,-67.5],[105.0,-64.5],[97.5,-64.5],[97.5,-67.5]]]}},{"type":"Feature","id":4348,"properties":{"mascon_id":4348,"cells":90,"land_cells":32,"land_fraction":0.356},"geometry":{"type":"Polygon","coordinates":[[[105.0,-67.5],[112.5,-67.5],[112.5,-64.5],[105.0,-64.5],[105.0,-67.5]]]}},{"type":"Feature","id":4349,"properties":{"mascon_id":4349,"cells":90,"land_cells":23,"land_fraction":0.256},"geometry":{"type":"Polygon","coordinates":[[[112.5,-67.5],[120.0,-67.5],[120.0,-64.5],[112.5,-64.5],[112.5,-67.5]]]}},{"type":"Feature","id":4350,"properties":{"mascon_id":4350,"cells":90,"land_cells":33,"land_fraction":0.367},"geometry":{"type":"Polygon","coordinates":[[[120.0,-67.5],[127.5,-67.5],[127.5,-64.5],[120.0,-64.5],[120.0,-67.5]]]}},{"type":"Feature","id":4351,"properties":{"mascon_id":4351,"cells":90,"land_cells":35,"land_fraction":0.389},"geometry":{"type":"Polygon","coordinates":[[[127.5,-67.5],[135.0,-67.5],[135.0,-64.5],[127.5,-64.5],[127.5,-67.5]]]}},{"type":"Feature","id":4352,"properties":{"mascon_id":4352,"cells":90,"land_cells":30,"land_fraction":0.333},"geometry":{"type":"Polygon","coordinates":[[[135.0,-67.5],[142.5,-67.5],[142.5,-64.5],[135.0,-64.5],[135.0,-67.5]]]}},{"type":"Feature","id":4353,"properties":{"mascon_id":4353,"cells":90,"land_cells":4,"land_fraction":0.044},"geometry":{"type":"Polygon","coordinates":[[[142.5,-67.5],[150.0,-67.5],[150.0,-64.5],[142.5,-64.5],[142.5,-67.5]]]}},{"type":"Feature","id":4372,"properties":{"mascon_id":4372,"cells":90,"land_cells":3,"land_fraction":0.033},"geometry":{"type":"Polygon","coordinates":[[[-75.0,-67.5],[-67.5,-67.5],[-67.5,-64.5],[-75.0,-64.5],[-75.0,-67.5]]]}},{"type":"Feature","id":4373,"properties":{"mascon_id":4373,"cells":90,"land_cells":38,"land_fraction":0.422},"geometry":{"type":"Polygon","coordinates":[[[-67.5,-67.5],[-60.0,-67.5],[-60.0,-64.5],[-67.5,-64.5],[-67.5,-67.5]]]}},{"type":"Feature","id":4374,"properties":{"mascon_id":4374,"cells":90,"land_cells":3,"land_fraction":0.033},"geometry":{"type":"Polygon","coordinates":[[[-60.0,-67.5],[-52.5,-67.5],[-52.5,-64.5],[-60.0,-64.5],[-60.0,-67.5]]]}},{"type":"Feature","id":4382,"properties":{"mascon_id":4382,"cells":102,"land_cells":2,"land_fraction":0.02},"geometry":{"type":"Polygon","coordinates":[[[0.0,-70.5],[8.5,-70.5],[8.5,-67.5],[0.0,-67.5],[0.0,-70.5]]]}},{"type":"Feature","id":4383,"properties":{"mascon_id":4383,"cells":102,"land_cells":5,"land_fraction":0.049},"geometry":{"type":"Polygon","coordinates":[[[8.5,-70.5],[17.0,-70.5],[17.0,-67.5],[8.5,-67.5],[8.5,-70.5]]]}},{"type":"Feature","id":4385,"properties":{"mascon_id":4385,"cells":108,"land_cells":16,"land_fraction":0.148},"geometry":{"type":"Polygon","coordinates":[[[25.5,-70.5],[34.5,-70.5],[34.5,-67.5],[25.5,-67.5],[25.5,-70.5]]]}},{"type":"Feature","id":4386,"properties":{"mascon_id":4386,"cells":102,"land_cells":46,"land_fraction":0.451},"geometry":{"type":"Polygon","coordinates":[[[34.5,-70.5],[43.0,-70.5],[43.0,-67.5],[34.5,-67.5],[34.5,-70.5]]]}},{"type":"Feature","id":4387,"properties":{"mascon_id":4387,"cells":102,"land_cells":97,"land_fraction":0.951},"geometry":{"type":"Polygon","coordinates":[[[43.0,-70.5],[51.5,-70.5],[51.5,-67.5],[43.0,-67.5],[43.0,-70.5]]]}},{"type":"Feature","id":4388,"properties":{"mascon_id":4388,"cells":102,"land_cells":102,"land_fraction":1.0},"geometry":{"type":"Polygon","coordinates":[[[51.5,-70.5],[60.0,-70.5],[60.0,-67.5],[51.5,-67.5],[51.5,-70.5]]]}},{"type":"Feature","id":4389,"properties":{"mascon_id":4389,"cells":102,"land_cells":98,"land_fraction":0.961},"geometry":{"type":"Polygon","coordinates":[[[60.0,-70.5],[68.5,-70.5],[68.5,-67.5],[60.0,-67.5],[60.0,-70.5]]]}},{"type":"Feature","id":4390,"properties":{"mascon_id":4390,"cells":102,"land_cells":23,"land_fraction":0.225},"geometry":{"type":"Polygon","coordinates":[[[68.5,-70.5],[77.0,-70.5],[77.0,-67.5],[68.5,-67.5],[68.5,-70.5]]]}},{"type":"Feature","id":4391,"properties":{"mascon_id":4391,"cells":102,"land_cells":87,"land_fraction":0.853},"geometry":{"type":"Polygon","coordinates":[[[77.0,-70.5],[85.5,-70.5],[85.5,-67.5],[77.0,-67.5],[77.0,-70.5]]]}},{"type":"Feature","id":4392,"properties":{"mascon_id":4392,"cells":108,"land_cells":108,"land_fraction":1.0},"geometry":{"type":"Polygon","coordinates":[[[85.5,-70.5],[94.5,-70.5],[94.5,-67.5],[85.5,-67.5],[85.5,-70.5]]]}},{"type":"Feature","id":4393,"properties":{"mascon_id":4393,"cells":102,"land_cells":102,"land_fraction":1.0},"geometry":{"type":"Polygon","coordinates":[[[94.5,-70.5],[103.0,-70.5],[103.0,-67.5],[94.5,-67.5],[94.5,-70.5]]]}},{"type":"Feature","id":4394,"properties":{"mascon_id":4394,"cells":102,"land_cells":102,"land_fraction":1.0},"geometry":{"type":"Polygon","coordinates":[[[103.0,-70.5],[111.5,-70.5],[111.5,-67.5],[103.0,-67.5],[103.0,-70.5]]]}},{"type":"Feature","id":4395,"properties":{"mascon_id":4395,"cells":102,"land_cells":102,"land_fraction":1.0},"geometry":{"type":"Polygon","coordinates":[[[111.5,-70.5],[120.0,-70.5],[120.0,-67.5],[111.5,-67.5],[111.5,-70.5]]]}},{"type":"Feature","id":4396,"properties":{"mascon_id":4396,"cells":102,"land_cells":102,"land_fraction":1.0},"geometry":{"type":"Polygon","coordinates":[[[120.0,-70.5],[128.5,-70.5],[128.5,-67.5],[120.0,-67.5],[120.0,-70.5]]]}},{"type":"Feature","id":4397,"properties":{"mascon_id":4397,"cells":102,"land_cells":102,"land_fraction":1.0},"geometry":{"type":"Polygon","coordinates":[[[128.5,-70.5],[137.0,-70.5],[137.0,-67.5],[128.5,-67.5],[128.5,-70.5]]]}},{"type":"Feature","id":4398,"properties":{"mascon_id":4398,"cells":102,"land_cells":101,"land_fraction":0.99},"geometry":{"type":"Polygon","coordinates":[[[137.0,-70.5],[145.5,-70.5],[145.5,-67.5],[137.0,-67.5],[137.0,-70.5]]]}},{"type":"Feature","id":4399,"properties":{"mascon_id":4399,"cells":108,"land_cells":78,"land_fraction":0.722},"geometry":{"type":"Polygon","coordinates":[[[145.5,-70.5],[154.5,-70.5],[154.5,-67.5],[145.5,-67.5],[145.5,-70.5]]]}},{"type":"Feature","id":4400,"properties":{"mascon_id":4400,"cells":102,"land_cells":31,"land_fraction":0.304},"geometry":{"type":"Polygon","coordinates":[[[154.5,-70.5],[163.0,-70.5],[163.0,-67.5],[154.5,-67.5],[154.5,-70.5]]]}},{"type":"Feature","id":4415,"properties":{"mascon_id":4415,"cells":102,"land_cells":21,"land_fraction":0.206},"geometry":{"type":"Polygon","coordinates":[[[-77.0,-70.5],[-68.5,-70.5],[-68.5,-67.5],[-77.0,-67.5],[-77.0,-70.5]]]}},{"type":"Feature","id":4416,"properties":{"mascon_id":4416,"cells":102,"land_cells":56,"land_fraction":0.549},"geometry":{"type":"Polygon","coordinates":[[[-68.5,-70.5],[-60.0,-70.5],[-60.0,-67.5],[-68.5,-67.5],[-68.5,-70.5]]]}},{"type":"Feature","id":4417,"properties":{"mascon_id":4417,"cells":102,"land_cells":4,"land_fraction":0.039},"geometry":{"type":"Polygon","coordinates":[[[-60.0,-70.5],[-51.5,-70.5],[-51.5,-67.5],[-60.0,-67.5],[-60.0,-70.5]]]}},{"type":"Feature","id":4424,"properties":{"mascon_id":4424,"cells":114,"land_cells":104,"land_fraction":0.912},"geometry":{"type":"Polygon","coordinates":[[[0.0,-73.5],[9.5,-73.5],[9.5,-70.5],[0.0,-70.5],[0.0,-73.5]]]}},{"type":"Feature","id":4425,"properties":{"mascon_id":4425,"cells":120,"land_cells":119,"land_fraction":0.992},"geometry":{"type":"Polygon","coordinates":[[[9.5,-73.5],[19.5,-73.5],[19.5,-70.5],[9.5,-70.5],[9.5,-73.5]]]}},{"type":"Feature","id":4426,"properties":{"mascon_id":4426,"cells":114,"land_cells":102,"land_fraction":0.895},"geometry":{"type":"Polygon","coordinates":[[[19.5,-73.5],[29.0,-73.5],[29.0,-70.5],[19.5,-70.5],[19.5,-73.5]]]}},{"type":"Feature","id":4427,"properties":{"mascon_id":4427,"cells":120,"land_cells":120,"land_fraction":1.0},"geometry":{"type":"Polygon","coordinates":[[[29.0,-73.5],[39.0,-73.5],[39.0,-70.5],[29.0,-70.5],[29.0,-73.5]]]}},{"type":"Feature","id":4428,"properties":{"mascon_id":4428,"cells":114,"land_cells":114,"land_fraction":1.0},"geometry":{"type":"Polygon","coordinates":[[[39.0,-73.5],[48.5,-73.5],[48.5,-70.5],[39.0,-70.5],[39.0,-73.5]]]}},{"type":"Feature","id":4429,"properties":{"mascon_id":4429,"cells":120,"land_cells":120,"land_fraction":1.0},"geometry":{"type":"Polygon","coordinates":[[[48.5,-73.5],[58.5,-73.5],[58.5,-70.5],[48.5,-70.5],[48.5,-73.5]]]}},{"type":"Feature","id":4430,"properties":{"mascon_id":4430,"cells":114,"land_cells":114,"land_fraction":1.0},"geometry":{"type":"Polygon","coordinates":[[[58.5,-73.5],[68.0,-73.5],[68.0,-70.5],[58.5,-70.5],[58.5,-73.5]]]}},{"type":"Feature","id":4431,"properties":{"mascon_id":4431,"cells":120,"land_cells":103,"land_fraction":0.858},"geometry":{"type":"Polygon","coordinates":[[[68.0,-73.5],[78.0,-73.5],[78.0,-70.5],[68.0,-70.5],[68.0,-73.5]]]}},{"type":"Feature","id":4432,"properties":{"mascon_id":4432,"cells":114,"land_cells":114,"land_fraction":1.0},"geometry":{"type":"Polygon","coordinates":[[[78.0,-73.5],[87.5,-73.5],[87.5,-70.5],[78.0,-70.5],[78.0,-73.5]]]}},{"type":"Feature","id":4433,"properties":{"mascon_id":4433,"cells":120,"land_cells":120,"land_fraction":1.0},"geometry":{"type":"Polygon","coordinates":[[[87.5,-73.5],[97.5,-73.5],[97.5,-70.5],[87.5,-70.5],[87.5,-73.5]]]}},{"type":"Feature","id":4434,"properties":{"mascon_id":4434,"cells":114,"land_cells":114,"land_fraction":1.0},"geometry":{"type":"Polygon","coordinates":[[[97.5,-73.5],[107.0,-73.5],[107.0,-70.5],[97.5,-70.5],[97.5,-73.5]]]}},{"type":"Feature","id":4435,"properties":{"mascon_id":4435,"cells":120,"land_cells":120,"land_fraction":1.0},"geometry":{"type":"Polygon","coordinates":[[[107.0,-73.5],[117.0,-73.5],[117.0,-70.5],[107.0,-70.5],[107.0,-73.5]]]}},{"type":"Feature","id":4436,"properties":{"mascon_id":4436,"cells":114,"land_cells":114,"land_fraction":1.0},"geometry":{"type":"Polygon","coordinates":[[[117.0,-73.5],[126.5,-73.5],[126.5,-70.5],[117.0,-70.5],[117.0,-73.5]]]}},{"type":"Feature","id":4437,"properties":{"mascon_id":4437,"cells":114,"land_cells":114,"land_fraction":1.0},"geometry":{"type":"Polygon","coordinates":[[[126.5,-73.5],[136.0,-73.5],[136.0,-70.5],[126.5,-70.5],[126.5,-73.5]]]}},{"type":"Feature","id":4438,"properties":{"mascon_id":4438,"cells":120,"land_cells":120,"land_fraction":1.0},"geometry":{"type":"Polygon","coordinates":[[[136.0,-73.5],[146.0,-73.5],[146.0,-70.5],[136.0,-70.5],[136.0,-73.5]]]}},{"type":"Feature","id":4439,"properties":{"mascon_id":4439,"cells":114,"land_cells":114,"land_fraction":1.0},"geometry":{"type":"Polygon","coordinates":[[[146.0,-73.5],[155.5,-73.5],[155.5,-70.5],[146.0,-70.5],[146.0,-73.5]]]}},{"type":"Feature","id":4440,"properties":{"mascon_id":4440,"cells":120,"land_cells":120,"land_fraction":1.0},"geometry":{"type":"Polygon","coordinates":[[[155.5,-73.5],[165.5,-73.5],[165.5,-70.5],[155.5,-70.5],[155.5,-73.5]]]}},{"type":"Feature","id":4441,"properties":{"mascon_id":4441,"cells":114,"land_cells":42,"land_fraction":0.368},"geometry":{"type":"Polygon","coordinates":[[[165.5,-73.5],[175.0,-73.5],[175.0,-70.5],[165.5,-70.5],[165.5,-73.5]]]}},{"type":"Feature","id":4448,"properties":{"mascon_id":4448,"cells":114,"land_cells":2,"land_fraction":0.018},"geometry":{"type":"Polygon","coordinates":[[[-126.5,-73.5],[-117.0,-73.5],[-117.0,-70.5],[-126.5,-70.5],[-126.5,-73.5]]]}},{"type":"Feature","id":4450,"properties":{"mascon_id":4450,"cells":114,"land_cells":19,"land_fraction":0.167},"geometry":{"type":"Polygon","coordinates":[[[-107.0,-73.5],[-97.5,-73.5],[-97.5,-70.5],[-107.0,-70.5],[-107.0,-73.5]]]}},{"type":"Feature","id":4451,"properties":{"mascon_id":4451,"cells":120,"land_cells":24,"land_fraction":0.2},"geometry":{"type":"Polygon","coordinates":[[[-97.5,-73.5],[-87.5,-73.5],[-87.5,-70.5],[-97.5,-70.5],[-97.5,-73.5]]]}},{"type":"Feature","id":4452,"properties":{"mascon_id":4452,"cells":114,"land_cells":20,"land_fraction":0.175},"geometry":{"type":"Polygon","coordinates":[[[-87.5,-73.5],[-78.0,-73.5],[-78.0,-70.5],[-87.5,-70.5],[-87.5,-73.5]]]}},{"type":"Feature","id":4453,"properties":{"mascon_id":4453,"cells":120,"land_cells":52,"land_fraction":0.433},"geometry":{"type":"Polygon","coordinates":[[[-78.0,-73.5],[-68.0,-73.5],[-68.0,-70.5],[-78.0,-70.5],[-78.0,-73.5]]]}},{"type":"Feature","id":4454,"properties":{"mascon_id":4454,"cells":114,"land_cells":78,"land_fraction":0.684},"geometry":{"type":"Polygon","coordinates":[[[-68.0,-73.5],[-58.5,-73.5],[-58.5,-70.5],[-68.0,-70.5],[-68.0,-73.5]]]}},{"type":"Feature","id":4459,"properties":{"mascon_id":4459,"cells":120,"land_cells":28,"land_fraction":0.233},"geometry":{"type":"Polygon","coordinates":[[[-19.5,-73.5],[-9.5,-73.5],[-9.5,-70.5],[-19.5,-70.5],[-19.5,-73.5]]]}},{"type":"Feature","id":4460,"properties":{"mascon_id":4460,"cells":114,"land_cells":82,"land_fraction":0.719},"geometry":{"type":"Polygon","coordinates":[[[-9.5,-73.5],[0.0,-73.5],[0.0,-70.5],[-9.5,-70.5],[-9.5,-73.5]]]}},{"type":"Feature","id":4461,"properties":{"mascon_id":4461,"cells":138,"land_cells":138,"land_fraction":1.0},"geometry":{"type":"Polygon","coordinates":[[[0.0,-76.5],[11.5,-76.5],[11.5,-73.5],[0.0,-73.5],[0.0,-76.5]]]}},{"type":"Feature","id":4462,"properties":{"mascon_id":4462,"cells":138,"land_cells":138,"land_fraction":1.0},"geometry":{"type":"Polygon","coordinates":[[[11.5,-76.5],[23.0,-76.5],[23.0,-73.5],[11.5,-73.5],[11.5,-76.5]]]}},{"type":"Feature","id":4463,"properties":{"mascon_id":4463,"cells":144,"land_cells":144,"land_fraction":1.0},"geometry":{"type":"Polygon","coordinates":[[[23.0,-76.5],[35.0,-76.5],[35.0,-73.5],[23.0,-73.5],[23.0,-76.5]]]}},{"type":"Feature","id":4464,"properties":{"mascon_id":4464,"cells":138,"land_cells":138,"land_fraction":1.0},"geometry":{"type":"Polygon","coordinates":[[[35.0,-76.5],[46.5,-76.5],[46.5,-73.5],[35.0,-73.5],[35.0,-76.5]]]}},{"type":"Feature","id":4465,"properties":{"mascon_id":4465,"cells":138,"land_cells":138,"land_fraction":1.0},"geometry":{"type":"Polygon","coordinates":[[[46.5,-76.5],[58.0,-76.5],[58.0,-73.5],[46.5,-73.5],[46.5,-76.5]]]}},{"type":"Feature","id":4466,"properties":{"mascon_id":4466,"cells":138,"land_cells":138,"land_fraction":1.0},"geometry":{"type":"Polygon","coordinates":[[[58.0,-76.5],[69.5,-76.5],[69.5,-73.5],[58.0,-73.5],[58.0,-76.5]]]}},{"type":"Feature","id":4467,"properties":{"mascon_id":4467,"cells":144,"land_cells":144,"land_fraction":1.0},"geometry":{"type":"Polygon","coordinates":[[[69.5,-76.5],[81.5,-76.5],[81.5,-73.5],[69.5,-73.5],[69.5,-76.5]]]}},{"type":"Feature","id":4468,"properties":{"mascon_id":4468,"cells":138,"land_cells":138,"land_fraction":1.0},"geometry":{"type":"Polygon","coordinates":[[[81.5,-76.5],[93.0,-76.5],[93.0,-73.5],[81.5,-73.5],[81.5,-76.5]]]}},{"type":"Feature","id":4469,"properties":{"mascon_id":4469,"cells":138,"land_cells":138,"land_fraction":1.0},"geometry":{"type":"Polygon","coordinates":[[[93.0,-76.5],[104.5,-76.5],[104.5,-73.5],[93.0,-73.5],[93.0,-76.5]]]}},{"type":"Feature","id":4470,"properties":{"mascon_id":4470,"cells":138,"land_cells":138,"land_fraction":1.0},"geometry":{"type":"Polygon","coordinates":[[[104.5,-76.5],[116.0,-76.5],[116.0,-73.5],[104.5,-73.5],[104.5,-76.5]]]}},{"type":"Feature","id":4471,"properties":{"mascon_id":4471,"cells":138,"land_cells":138,"land_fraction":1.0},"geometry":{"type":"Polygon","coordinates":[[[116.0,-76.5],[127.5,-76.5],[127.5,-73.5],[116.0,-73.5],[116.0,-76.5]]]}},{"type":"Feature","id":4472,"properties":{"mascon_id":4472,"cells":144,"land_cells":144,"land_fraction":1.0},"geometry":{"type":"Polygon","coordinates":[[[127.5,-76.5],[139.5,-76.5],[139.5,-73.5],[127.5,-73.5],[127.5,-76.5]]]}},{"type":"Feature","id":4473,"properties":{"mascon_id":4473,"cells":138,"land_cells":138,"land_fraction":1.0},"geometry":{"type":"Polygon","coordinates":[[[139.5,-76.5],[151.0,-76.5],[151.0,-73.5],[139.5,-73.5],[139.5,-76.5]]]}},{"type":"Feature","id":4474,"properties":{"mascon_id":4474,"cells":138,"land_cells":138,"land_fraction":1.0},"geometry":{"type":"Polygon","coordinates":[[[151.0,-76.5],[162.5,-76.5],[162.5,-73.5],[151.0,-73.5],[151.0,-76.5]]]}},{"type":"Feature","id":4475,"properties":{"mascon_id":4475,"cells":138,"land_cells":13,"land_fraction":0.094},"geometry":{"type":"Polygon","coordinates":[[[162.5,-76.5],[174.0,-76.5],[174.0,-73.5],[162.5,-73.5],[162.5,-76.5]]]}},{"type":"Feature","id":4479,"properties":{"mascon_id":4479,"cells":138,"land_cells":24,"land_fraction":0.174},"geometry":{"type":"Polygon","coordinates":[[[-151.0,-76.5],[-139.5,-76.5],[-139.5,-73.5],[-151.0,-73.5],[-151.0,-76.5]]]}},{"type":"Feature","id":4480,"properties":{"mascon_id":4480,"cells":138,"land_cells":77,"land_fraction":0.558},"geometry":{"type":"Polygon","coordinates":[[[-139.5,-76.5],[-128.0,-76.5],[-128.0,-73.5],[-139.5,-73.5],[-139.5,-76.5]]]}},{"type":"Feature","id":4481,"properties":{"mascon_id":4481,"cells":144,"land_cells":113,"land_fraction":0.785},"geometry":{"type":"Polygon","coordinates":[[[-128.0,-76.5],[-116.0,-76.5],[-116.0,-73.5],[-128.0,-73.5],[-128.0,-76.5]]]}},{"type":"Feature","id":4482,"properties":{"mascon_id":4482,"cells":138,"land_cells":93,"land_fraction":0.674},"geometry":{"type":"Polygon","coordinates":[[[-116.0,-76.5],[-104.5,-76.5],[-104.5,-73.5],[-116.0,-73.5],[-116.0,-76.5]]]}},{"type":"Feature","id":4483,"properties":{"mascon_id":4483,"cells":138,"land_cells":114,"land_fraction":0.826},"geometry":{"type":"Polygon","coordinates":[[[-104.5,-76.5],[-93.0,-76.5],[-93.0,-73.5],[-104.5,-73.5],[-104.5,-76.5]]]}},{"type":"Feature","id":4484,"properties":{"mascon_id":4484,"cells":138,"land_cells":138,"land_fraction":1.0},"geometry":{"type":"Polygon","coordinates":[[[-93.0,-76.5],[-81.5,-76.5],[-81.5,-73.5],[-93.0,-73.5],[-93.0,-76.5]]]}},{"type":"Feature","id":4485,"properties":{"mascon_id":4485,"cells":144,"land_cells":143,"land_fraction":0.993},"geometry":{"type":"Polygon","coordinates":[[[-81.5,-76.5],[-69.5,-76.5],[-69.5,-73.5],[-81.5,-73.5],[-81.5,-76.5]]]}},{"type":"Feature","id":4486,"properties":{"mascon_id":4486,"cells":138,"land_cells":71,"land_fraction":0.514},"geometry":{"type":"Polygon","coordinates":[[[-69.5,-76.5],[-58.0,-76.5],[-58.0,-73.5],[-69.5,-73.5],[-69.5,-76.5]]]}},{"type":"Feature","id":4489,"properties":{"mascon_id":4489,"cells":144,"land_cells":11,"land_fraction":0.076},"geometry":{"type":"Polygon","coordinates":[[[-35.0,-76.5],[-23.0,-76.5],[-23.0,-73.5],[-35.0,-73.5],[-35.0,-76.5]]]}},{"type":"Feature","id":4490,"properties":{"mascon_id":4490,"cells":138,"land_cells":91,"land_fraction":0.659},"geometry":{"type":"Polygon","coordinates":[[[-23.0,-76.5],[-11.5,-76.5],[-11.5,-73.5],[-23.0,-73.5],[-23.0,-76.5]]]}},{"type":"Feature","id":4491,"properties":{"mascon_id":4491,"cells":138,"land_cells":138,"land_fraction":1.0},"geometry":{"type":"Polygon","coordinates":[[[-11.5,-76.5],[0.0,-76.5],[0.0,-73.5],[-11.5,-73.5],[-11.5,-76.5]]]}},{"type":"Feature","id":4492,"properties":{"mascon_id":4492,"cells":180,"land_cells":180,"land_fraction":1.0},"geometry":{"type":"Polygon","coordinates":[[[0.0,-79.5],[15.0,-79.5],[15.0,-76.5],[0.0,-76.5],[0.0,-79.5]]]}},{"type":"Feature","id":4493,"properties":{"mascon_id":4493,"cells":180,"land_cells":180,"land_fraction":1.0},"geometry":{"type":"Polygon","coordinates":[[[15.0,-79.5],[30.0,-79.5],[30.0,-76.5],[15.0,-76.5],[15.0,-79.5]]]}},{"type":"Feature","id":4494,"properties":{"mascon_id":4494,"cells":180,"land_cells":180,"land_fraction":1.0},"geometry":{"type":"Polygon","coordinates":[[[30.0,-79.5],[45.0,-79.5],[45.0,-76.5],[30.0,-76.5],[30.0,-79.5]]]}},{"type":"Feature","id":4495,"properties":{"mascon_id":4495,"cells":180,"land_cells":180,"land_fraction":1.0},"geometry":{"type":"Polygon","coordinates":[[[45.0,-79.5],[60.0,-79.5],[60.0,-76.5],[45.0,-76.5],[45.0,-79.5]]]}},{"type":"Feature","id":4496,"properties":{"mascon_id":4496,"cells":180,"land_cells":180,"land_fraction":1.0},"geometry":{"type":"Polygon","coordinates":[[[60.0,-79.5],[75.0,-79.5],[75.0,-76.5],[60.0,-76.5],[60.0,-79.5]]]}},{"type":"Feature","id":4497,"properties":{"mascon_id":4497,"cells":180,"land_cells":180,"land_fraction":1.0},"geometry":{"type":"Polygon","coordinates":[[[75.0,-79.5],[90.0,-79.5],[90.0,-76.5],[75.0,-76.5],[75.0,-79.5]]]}},{"type":"Feature","id":4498,"properties":{"mascon_id":4498,"cells":180,"land_cells":180,"land_fraction":1.0},"geometry":{"type":"Polygon","coordinates":[[[90.0,-79.5],[105.0,-79.5],[105.0,-76.5],[90.0,-76.5],[90.0,-79.5]]]}},{"type":"Feature","id":4499,"properties":{"mascon_id":4499,"cells":180,"land_cells":180,"land_fraction":1.0},"geometry":{"type":"Polygon","coordinates":[[[105.0,-79.5],[120.0,-79.5],[120.0,-76.5],[105.0,-76.5],[105.0,-79.5]]]}},{"type":"Feature","id":4500,"properties":{"mascon_id":4500,"cells":180,"land_cells":180,"land_fraction":1.0},"geometry":{"type":"Polygon","coordinates":[[[120.0,-79.5],[135.0,-79.5],[135.0,-76.5],[120.0,-76.5],[120.0,-79.5]]]}},{"type":"Feature","id":4501,"properties":{"mascon_id":4501,"cells":180,"land_cells":180,"land_fraction":1.0},"geometry":{"type":"Polygon","coordinates":[[[135.0,-79.5],[150.0,-79.5],[150.0,-76.5],[135.0,-76.5],[135.0,-79.5]]]}},{"type":"Feature","id":4502,"properties":{"mascon_id":4502,"cells":180,"land_cells":158,"land_fraction":0.878},"geometry":{"type":"Polygon","coordinates":[[[150.0,-79.5],[165.0,-79.5],[165.0,-76.5],[150.0,-76.5],[150.0,-79.5]]]}},{"type":"Feature","id":4505,"properties":{"mascon_id":4505,"cells":180,"land_cells":57,"land_fraction":0.317},"geometry":{"type":"Polygon","coordinates":[[[-165.0,-79.5],[-150.0,-79.5],[-150.0,-76.5],[-165.0,-76.5],[-165.0,-79.5]]]}},{"type":"Feature","id":4506,"properties":{"mascon_id":4506,"cells":180,"land_cells":164,"land_fraction":0.911},"geometry":{"type":"Polygon","coordinates":[[[-150.0,-79.5],[-135.0,-79.5],[-135.0,-76.5],[-150.0,-76.5],[-150.0,-79.5]]]}},{"type":"Feature","id":4507,"properties":{"mascon_id":4507,"cells":180,"land_cells":180,"land_fraction":1.0},"geometry":{"type":"Polygon","coordinates":[[[-135.0,-79.5],[-120.0,-79.5],[-120.0,-76.5],[-135.0,-76.5],[-135.0,-79.5]]]}},{"type":"Feature","id":4508,"properties":{"mascon_id":4508,"cells":180,"land_cells":180,"land_fraction":1.0},"geometry":{"type":"Polygon","coordinates":[[[-120.0,-79.5],[-105.0,-79.5],[-105.0,-76.5],[-120.0,-76.5],[-120.0,-79.5]]]}},{"type":"Feature","id":4509,"properties":{"mascon_id":4509,"cells":180,"land_cells":180,"land_fraction":1.0},"geometry":{"type":"Polygon","coordinates":[[[-105.0,-79.5],[-90.0,-79.5],[-90.0,-76.5],[-105.0,-76.5],[-105.0,-79.5]]]}},{"type":"Feature","id":4510,"properties":{"mascon_id":4510,"cells":180,"land_cells":144,"land_fraction":0.8},"geometry":{"type":"Polygon","coordinates":[[[-90.0,-79.5],[-75.0,-79.5],[-75.0,-76.5],[-90.0,-76.5],[-90.0,-79.5]]]}},{"type":"Feature","id":4511,"properties":{"mascon_id":4511,"cells":180,"land_cells":13,"land_fraction":0.072},"geometry":{"type":"Polygon","coordinates":[[[-75.0,-79.5],[-60.0,-79.5],[-60.0,-76.5],[-75.0,-76.5],[-75.0,-79.5]]]}},{"type":"Feature","id":4512,"properties":{"mascon_id":4512,"cells":180,"land_cells":33,"land_fraction":0.183},"geometry":{"type":"Polygon","coordinates":[[[-60.0,-79.5],[-45.0,-79.5],[-45.0,-76.5],[-60.0,-76.5],[-60.0,-79.5]]]}},{"type":"Feature","id":4513,"properties":{"mascon_id":4513,"cells":180,"land_cells":59,"land_fraction":0.328},"geometry":{"type":"Polygon","coordinates":[[[-45.0,-79.5],[-30.0,-79.5],[-30.0,-76.5],[-45.0,-76.5],[-45.0,-79.5]]]}},{"type":"Feature","id":4514,"properties":{"mascon_id":4514,"cells":180,"land_cells":180,"land_fraction":1.0},"geometry":{"type":"Polygon","coordinates":[[[-30.0,-79.5],[-15.0,-79.5],[-15.0,-76.5],[-30.0,-76.5],[-30.0,-79.5]]]}},{"type":"Feature","id":4515,"properties":{"mascon_id":4515,"cells":180,"land_cells":180,"land_fraction":1.0},"geometry":{"type":"Polygon","coordinates":[[[-15.0,-79.5],[0.0,-79.5],[0.0,-76.5],[-15.0,-76.5],[-15.0,-79.5]]]}},{"type":"Feature","id":4516,"properties":{"mascon_id":4516,"cells":240,"land_cells":240,"land_fraction":1.0},"geometry":{"type":"Polygon","coordinates":[[[0.0,-82.5],[20.0,-82.5],[20.0,-79.5],[0.0,-79.5],[0.0,-82.5]]]}},{"type":"Feature","id":4517,"properties":{"mascon_id":4517,"cells":240,"land_cells":240,"land_fraction":1.0},"geometry":{"type":"Polygon","coordinates":[[[20.0,-82.5],[40.0,-82.5],[40.0,-79.5],[20.0,-79.5],[20.0,-82.5]]]}},{"type":"Feature","id":4518,"properties":{"mascon_id":4518,"cells":240,"land_cells":240,"land_fraction":1.0},"geometry":{"type":"Polygon","coordinates":[[[40.0,-82.5],[60.0,-82.5],[60.0,-79.5],[40.0,-79.5],[40.0,-82.5]]]}},{"type":"Feature","id":4519,"properties":{"mascon_id":4519,"cells":240,"land_cells":240,"land_fraction":1.0},"geometry":{"type":"Polygon","coordinates":[[[60.0,-82.5],[80.0,-82.5],[80.0,-79.5],[60.0,-79.5],[60.0,-82.5]]]}},{"type":"Feature","id":4520,"properties":{"mascon_id":4520,"cells":240,"land_cells":240,"land_fraction":1.0},"geometry":{"type":"Polygon","coordinates":[[[80.0,-82.5],[100.0,-82.5],[100.0,-79.5],[80.0,-79.5],[80.0,-82.5]]]}},{"type":"Feature","id":4521,"properties":{"mascon_id":4521,"cells":240,"land_cells":240,"land_fraction":1.0},"geometry":{"type":"Polygon","coordinates":[[[100.0,-82.5],[120.0,-82.5],[120.0,-79.5],[100.0,-79.5],[100.0,-82.5]]]}},{"type":"Feature","id":4522,"properties":{"mascon_id":4522,"cells":240,"land_cells":240,"land_fraction":1.0},"geometry":{"type":"Polygon","coordinates":[[[120.0,-82.5],[140.0,-82.5],[140.0,-79.5],[120.0,-79.5],[120.0,-82.5]]]}},{"type":"Feature","id":4523,"properties":{"mascon_id":4523,"cells":240,"land_cells":239,"land_fraction":0.996},"geometry":{"type":"Polygon","coordinates":[[[140.0,-82.5],[160.0,-82.5],[160.0,-79.5],[140.0,-79.5],[140.0,-82.5]]]}},{"type":"Feature","id":4524,"properties":{"mascon_id":4524,"cells":240,"land_cells":17,"land_fraction":0.071},"geometry":{"type":"Polygon","coordinates":[[[160.0,-82.5],[180.0,-82.5],[180.0,-79.5],[160.0,-79.5],[160.0,-82.5]]]}},{"type":"Feature","id":4525,"properties":{"mascon_id":4525,"cells":240,"land_cells":4,"land_fraction":0.017},"geometry":{"type":"Polygon","coordinates":[[[-180.0,-82.5],[-160.0,-82.5],[-160.0,-79.5],[-180.0,-79.5],[-180.0,-82.5]]]}},{"type":"Feature","id":4526,"properties":{"mascon_id":4526,"cells":240,"land_cells":150,"land_fraction":0.625},"geometry":{"type":"Polygon","coordinates":[[[-160.0,-82.5],[-140.0,-82.5],[-140.0,-79.5],[-160.0,-79.5],[-160.0,-82.5]]]}},{"type":"Feature","id":4527,"properties":{"mascon_id":4527,"cells":240,"land_cells":240,"land_fraction":1.0},"geometry":{"type":"Polygon","coordinates":[[[-140.0,-82.5],[-120.0,-82.5],[-120.0,-79.5],[-140.0,-79.5],[-140.0,-82.5]]]}},{"type":"Feature","id":4528,"properties":{"mascon_id":4528,"cells":240,"land_cells":240,"land_fraction":1.0},"geometry":{"type":"Polygon","coordinates":[[[-120.0,-82.5],[-100.0,-82.5],[-100.0,-79.5],[-120.0,-79.5],[-120.0,-82.5]]]}},{"type":"Feature","id":4529,"properties":{"mascon_id":4529,"cells":240,"land_cells":240,"land_fraction":1.0},"geometry":{"type":"Polygon","coordinates":[[[-100.0,-82.5],[-80.0,-82.5],[-80.0,-79.5],[-100.0,-79.5],[-100.0,-82.5]]]}},{"type":"Feature","id":4530,"properties":{"mascon_id":4530,"cells":240,"land_cells":118,"land_fraction":0.492},"geometry":{"type":"Polygon","coordinates":[[[-80.0,-82.5],[-60.0,-82.5],[-60.0,-79.5],[-80.0,-79.5],[-80.0,-82.5]]]}},{"type":"Feature","id":4531,"properties":{"mascon_id":4531,"cells":240,"land_cells":76,"land_fraction":0.317},"geometry":{"type":"Polygon","coordinates":[[[-60.0,-82.5],[-40.0,-82.5],[-40.0,-79.5],[-60.0,-79.5],[-60.0,-82.5]]]}},{"type":"Feature","id":4532,"properties":{"mascon_id":4532,"cells":240,"land_cells":190,"land_fraction":0.792},"geometry":{"type":"Polygon","coordinates":[[[-40.0,-82.5],[-20.0,-82.5],[-20.0,-79.5],[-40.0,-79.5],[-40.0,-82.5]]]}},{"type":"Feature","id":4533,"properties":{"mascon_id":4533,"cells":240,"land_cells":240,"land_fraction":1.0},"geometry":{"type":"Polygon","coordinates":[[[-20.0,-82.5],[0.0,-82.5],[0.0,-79.5],[-20.0,-79.5],[-20.0,-82.5]]]}},{"type":"Feature","id":4534,"properties":{"mascon_id":4534,"cells":360,"land_cells":360,"land_fraction":1.0},"geometry":{"type":"Polygon","coordinates":[[[0.0,-85.5],[30.0,-85.5],[30.0,-82.5],[0.0,-82.5],[0.0,-85.5]]]}},{"type":"Feature","id":4535,"properties":{"mascon_id":4535,"cells":360,"land_cells":360,"land_fraction":1.0},"geometry":{"type":"Polygon","coordinates":[[[30.0,-85.5],[60.0,-85.5],[60.0,-82.5],[30.0,-82.5],[30.0,-85.5]]]}},{"type":"Feature","id":4536,"properties":{"mascon_id":4536,"cells":360,"land_cells":360,"land_fraction":1.0},"geometry":{"type":"Polygon","coordinates":[[[60.0,-85.5],[90.0,-85.5],[90.0,-82.5],[60.0,-82.5],[60.0,-85.5]]]}},{"type":"Feature","id":4537,"properties":{"mascon_id":4537,"cells":360,"land_cells":360,"land_fraction":1.0},"geometry":{"type":"Polygon","coordinates":[[[90.0,-85.5],[120.0,-85.5],[120.0,-82.5],[90.0,-82.5],[90.0,-85.5]]]}},{"type":"Feature","id":4538,"properties":{"mascon_id":4538,"cells":360,"land_cells":360,"land_fraction":1.0},"geometry":{"type":"Polygon","coordinates":[[[120.0,-85.5],[150.0,-85.5],[150.0,-82.5],[120.0,-82.5],[120.0,-85.5]]]}},{"type":"Feature","id":4539,"properties":{"mascon_id":4539,"cells":360,"land_cells":295,"land_fraction":0.819},"geometry":{"type":"Polygon","coordinates":[[[150.0,-85.5],[180.0,-85.5],[180.0,-82.5],[150.0,-82.5],[150.0,-85.5]]]}},{"type":"Feature","id":4540,"properties":{"mascon_id":4540,"cells":360,"land_cells":170,"land_fraction":0.472},"geometry":{"type":"Polygon","coordinates":[[[-180.0,-85.5],[-150.0,-85.5],[-150.0,-82.5],[-180.0,-82.5],[-180.0,-85.5]]]}},{"type":"Feature","id":4541,"properties":{"mascon_id":4541,"cells":360,"land_cells":359,"land_fraction":0.997},"geometry":{"type":"Polygon","coordinates":[[[-150.0,-85.5],[-120.0,-85.5],[-120.0,-82.5],[-150.0,-82.5],[-150.0,-85.5]]]}},{"type":"Feature","id":4542,"properties":{"mascon_id":4542,"cells":360,"land_cells":360,"land_fraction":1.0},"geometry":{"type":"Polygon","coordinates":[[[-120.0,-85.5],[-90.0,-85.5],[-90.0,-82.5],[-120.0,-82.5],[-120.0,-85.5]]]}},{"type":"Feature","id":4543,"properties":{"mascon_id":4543,"cells":360,"land_cells":358,"land_fraction":0.994},"geometry":{"type":"Polygon","coordinates":[[[-90.0,-85.5],[-60.0,-85.5],[-60.0,-82.5],[-90.0,-82.5],[-90.0,-85.5]]]}},{"type":"Feature","id":4544,"properties":{"mascon_id":4544,"cells":360,"land_cells":354,"land_fraction":0.983},"geometry":{"type":"Polygon","coordinates":[[[-60.0,-85.5],[-30.0,-85.5],[-30.0,-82.5],[-60.0,-82.5],[-60.0,-85.5]]]}},{"type":"Feature","id":4545,"properties":{"mascon_id":4545,"cells":360,"land_cells":360,"land_fraction":1.0},"geometry":{"type":"Polygon","coordinates":[[[-30.0,-85.5],[0.0,-85.5],[0.0,-82.5],[-30.0,-82.5],[-30.0,-85.5]]]}},{"type":"Feature","id":4546,"properties":{"mascon_id":4546,"cells":864,"land_cells":864,"land_fraction":1.0},"geometry":{"type":"Polygon","coordinates":[[[0.0,-88.5],[72.0,-88.5],[72.0,-85.5],[0.0,-85.5],[0.0,-88.5]]]}},{"type":"Feature","id":4547,"properties":{"mascon_id":4547,"cells":864,"land_cells":864,"land_fraction":1.0},"geometry":{"type":"Polygon","coordinates":[[[72.0,-88.5],[144.0,-88.5],[144.0,-85.5],[72.0,-85.5],[72.0,-88.5]]]}},{"type":"Feature","id":4548,"properties":{"mascon_id":4548,"cells":864,"land_cells":864,"land_fraction":1.0},"geometry":{"type":"MultiPolygon","coordinates":[[[[-180.0,-88.5],[-144.0,-88.5],[-144.0,-85.5],[-180.0,-85.5],[-180.0,-88.5]]],[[[144.0,-88.5],[180.0,-88.5],[180.0,-85.5],[144.0,-85.5],[144.0,-88.5]]]]}},{"type":"Feature","id":4549,"properties":{"mascon_id":4549,"cells":864,"land_cells":864,"land_fraction":1.0},"geometry":{"type":"Polygon","coordinates":[[[-144.0,-88.5],[-72.0,-88.5],[-72.0,-85.5],[-144.0,-85.5],[-144.0,-88.5]]]}},{"type":"Feature","id":4550,"properties":{"mascon_id":4550,"cells":864,"land_cells":864,"land_fraction":1.0},"geometry":{"type":"Polygon","coordinates":[[[-72.0,-88.5],[0.0,-88.5],[0.0,-85.5],[-72.0,-85.5],[-72.0,-88.5]]]}},{"type":"Feature","id":4551,"properties":{"mascon_id":4551,"cells":2160,"land_cells":2160,"land_fraction":1.0},"geometry":{"type":"Polygon","coordinates":[[[-180.0,-90.0],[180.0,-90.0],[180.0,-88.5],[-180.0,-88.5],[-180.0,-90.0]]]}}]}